st_id,st_tui_math1,st_tui_hindi1,st_tui_other1,st_tui_math_hrs1,ts_grade1,tot_hindi1,tot_math1,per_math1,per_hindi1,m_theta_eap1,m_theta_mle1,h_theta_eap1,h_theta_mle1,any_tuition1,quint_math1,quint_hindi1,terc_math1,terc_hindi1,st_tui_math2,st_tui_hindi2,st_tui_other2,st_tui_math_hrs2,ts_grade2,tot_hindi2,tot_math2,per_math2,per_hindi2,m_theta_eap2,m_theta_mle2,h_theta_eap2,h_theta_mle2,any_tuition2,ms_center1,st_age1,st_female1,st_grade1,treat,strata,ses_index,d_sch_grade4,d_sch_grade5,d_sch_grade6,d_sch_grade7,d_sch_grade8,d_sch_grade9,m_theta_mle1_z,m_theta_mle2_z,h_theta_mle1_z,h_theta_mle2_z
CH002,0.0,0.0,0.0,,6-7,17.0,12.0,0.34285715,0.56666666,0.30873024,0.3548643,0.8954926,0.81588626,0.0,4.0,5.0,3.0,3.0,0.0,0.0,1.0,,4-7,17.0,24.0,0.7058824,0.56666666,1.7625179,1.4222424,0.476545,0.4837678,1.0,Chhatarpur,,1.0,7.0,0.0,3.0,-1.254632,0.0,0.0,0.0,1.0,0.0,0.0,0.3548643,1.4222424,0.81588626,0.4837678
CH003,0.0,0.0,0.0,,8-9,13.0,12.0,0.34285715,0.43333334,-0.18854995,-0.16411197,0.23364116,0.31818628,0.0,2.0,3.0,1.0,2.0,0.0,1.0,0.0,,8-9,13.0,16.0,0.45714286,0.43333334,0.21127829,0.26243347,-0.69924283,-0.48249906,1.0,Chhatarpur,,1.0,8.0,0.0,3.0,-0.5490831,0.0,0.0,0.0,0.0,1.0,0.0,-0.16411197,0.26243347,0.31818628,-0.48249906
CH004,0.0,0.0,0.0,,4-5,10.0,13.0,0.37142858,0.33333334,-1.8168868,-1.992601,-1.3334575,-1.2739027,0.0,2.0,2.0,1.0,1.0,0.0,0.0,0.0,,4-7,9.0,8.0,0.23529412,0.3,-1.064634,-0.72820556,-1.038831,-0.78615844,0.0,Chhatarpur,,1.0,5.0,0.0,3.0,-0.5490831,0.0,1.0,0.0,0.0,0.0,0.0,-1.992601,-0.72820556,-1.2739027,-0.78615844
CH005,1.0,0.0,1.0,5.0,6-7,12.0,8.0,0.22857143,0.4,-0.5027009,-0.29242828,-0.14339846,-0.04863133,1.0,2.0,3.0,1.0,2.0,0.0,0.0,0.0,,4-7,22.0,21.0,0.61764705,0.73333335,0.8421229,0.74019915,0.9616728,0.83380604,0.0,Chhatarpur,,1.0,7.0,0.0,5.0,1.6231838,0.0,0.0,0.0,1.0,0.0,0.0,-0.29242828,0.74019915,-0.04863133,0.83380604
CH007,1.0,0.0,0.0,2.0,6-7,13.0,13.0,0.37142858,0.43333334,-0.24808475,-0.09278093,-0.29124078,-0.18283652,1.0,3.0,3.0,2.0,2.0,0.0,0.0,1.0,,4-7,15.0,18.0,0.5294118,0.5,0.59054226,0.56181973,0.15794322,0.16871296,1.0,Chhatarpur,,1.0,6.0,1.0,3.0,0.92924875,0.0,0.0,1.0,0.0,0.0,0.0,-0.09278093,0.56181973,-0.18283652,0.16871296
CH008,1.0,1.0,0.0,2.0,6-7,11.0,12.0,0.34285715,0.36666667,-0.24524583,-0.14809164,-0.6442388,-0.4676304,1.0,2.0,2.0,2.0,2.0,0.0,0.0,1.0,,4-7,18.0,18.0,0.5294118,0.6,0.32071364,0.33683115,0.6864438,0.621586,1.0,Chhatarpur,,1.0,6.0,0.0,3.0,1.4008003,0.0,0.0,1.0,0.0,0.0,0.0,-0.14809164,0.33683115,-0.4676304,0.621586
CH009,0.0,0.0,1.0,,8-9,18.0,12.0,0.34285715,0.6,1.107318,1.0516547,1.3434011,1.1751173,1.0,5.0,5.0,3.0,3.0,1.0,1.0,1.0,5.0,8-9,26.0,28.0,0.8,0.8666667,2.53848,2.0560255,2.1134498,1.9411601,1.0,Chhatarpur,,1.0,8.0,0.0,2.0,2.4518538,0.0,0.0,0.0,0.0,1.0,0.0,1.0516547,2.0560255,1.1751173,1.9411601
CH010,1.0,1.0,1.0,5.0,4-5,18.0,16.0,0.45714286,0.6,-0.03135126,0.01169661,0.13745536,0.18684278,1.0,4.0,4.0,2.0,2.0,1.0,0.0,0.0,1.0,4-7,17.0,21.0,0.61764705,0.56666666,1.4136505,1.1148,0.46258798,0.42838934,1.0,Chhatarpur,,1.0,5.0,0.0,4.0,3.1457887,0.0,1.0,0.0,0.0,0.0,0.0,0.011696608,1.1148,0.18684278,0.42838934
CH011,0.0,0.0,0.0,,8-9,6.0,10.0,0.2857143,0.2,-1.2860335,-1.534852,-1.0218524,-0.846348,0.0,1.0,1.0,1.0,1.0,0.0,0.0,1.0,,8-9,13.0,12.0,0.34285715,0.43333334,-0.15830652,0.0023395587,-0.31218478,-0.17302667,1.0,Chhatarpur,14.0,1.0,8.0,0.0,3.0,-3.6438587,0.0,0.0,0.0,0.0,1.0,0.0,-1.534852,0.002339557,-0.846348,-0.17302667
CH012,0.0,1.0,1.0,,6-7,14.0,9.0,0.25714287,0.46666667,-0.4106451,-0.21194401,0.025100717,0.063590646,1.0,2.0,3.0,2.0,2.0,0.0,1.0,0.0,,4-7,8.0,15.0,0.44117647,0.26666668,0.0065750037,0.10089562,-0.99017864,-0.6761982,1.0,Chhatarpur,,1.0,7.0,1.0,5.0,-0.7125467,0.0,0.0,0.0,1.0,0.0,0.0,-0.21194401,0.10089562,0.063590646,-0.6761982
CH013,0.0,1.0,0.0,,6-7,11.0,10.0,0.2857143,0.36666667,-0.38847154,-0.2331626,-0.66176677,-0.45249963,1.0,2.0,2.0,2.0,1.0,,,,,,,,,,,,,,,Chhatarpur,,1.0,7.0,1.0,3.0,2.7408636,0.0,0.0,0.0,1.0,0.0,0.0,-0.2331626,,-0.45249963,
CH014,1.0,1.0,1.0,5.0,6-7,6.0,12.0,0.34285715,0.2,-0.2948451,-0.15478082,-1.6005024,-1.5461825,1.0,3.0,1.0,2.0,1.0,1.0,0.0,0.0,1.0,4-7,7.0,16.0,0.47058824,0.23333333,0.08742953,0.19632107,-1.31536,-1.5314437,1.0,Chhatarpur,14.0,1.0,7.0,1.0,3.0,0.6448682,0.0,0.0,0.0,1.0,0.0,0.0,-0.15478082,0.19632107,-1.5461825,-1.5314437
CH017,0.0,0.0,0.0,,8-9,16.0,12.0,0.34285715,0.53333336,-0.075251564,-0.09061296,0.8073058,0.75695646,0.0,2.0,4.0,1.0,3.0,1.0,0.0,0.0,5.0,8-9,21.0,12.0,0.34285715,0.7,-0.6428413,-0.388496,1.3140107,1.1563389,1.0,Chhatarpur,,1.0,9.0,0.0,3.0,1.6231838,0.0,0.0,0.0,0.0,0.0,1.0,-0.09061296,-0.388496,0.75695646,1.1563389
CH018,1.0,1.0,1.0,3.0,6-7,9.0,14.0,0.4,0.3,-0.3053058,-0.13347082,-0.58628565,-0.38404772,1.0,2.0,3.0,2.0,2.0,1.0,1.0,1.0,5.0,4-7,23.0,14.0,0.4117647,0.76666665,-0.13279875,-0.013813436,1.2276257,1.0129739,1.0,Chhatarpur,,1.0,6.0,0.0,3.0,2.8658571,0.0,0.0,1.0,0.0,0.0,0.0,-0.13347082,-0.013813438,-0.38404772,1.0129739
CH019,1.0,1.0,1.0,5.0,6-7,15.0,12.0,0.34285715,0.5,-0.031152153,0.011558276,-0.024999594,0.046244647,1.0,3.0,4.0,2.0,2.0,0.0,0.0,1.0,,4-7,18.0,13.0,0.38235295,0.6,-0.24669826,-0.07990656,0.3113194,0.31163433,1.0,Chhatarpur,,1.0,6.0,0.0,3.0,1.4008003,0.0,0.0,1.0,0.0,0.0,0.0,0.011558274,-0.07990656,0.046244647,0.31163433
CH020,1.0,1.0,1.0,5.0,6-7,9.0,8.0,0.22857143,0.3,-0.24283507,-0.10509464,-1.1668823,-0.93377125,1.0,3.0,1.0,2.0,1.0,0.0,0.0,1.0,,4-7,13.0,14.0,0.4117647,0.43333334,-0.038345836,0.091099314,-0.18350382,-0.06461964,1.0,Chhatarpur,,1.0,6.0,1.0,3.0,1.4008003,0.0,0.0,1.0,0.0,0.0,0.0,-0.10509464,0.091099314,-0.93377125,-0.06461964
CH021,1.0,1.0,1.0,5.0,6-7,19.0,13.0,0.37142858,0.6333333,0.41169935,0.52359307,1.0022416,0.8818568,1.0,4.0,5.0,3.0,3.0,,,,,,,,,,,,,,,Chhatarpur,,1.0,7.0,1.0,1.0,0.92924875,0.0,0.0,0.0,1.0,0.0,0.0,0.52359307,,0.8818568,
CH022,1.0,1.0,1.0,5.0,6-7,19.0,13.0,0.37142858,0.6333333,0.6651228,0.61615807,1.1477622,0.95033425,1.0,5.0,5.0,3.0,3.0,,,,,,,,,,,,,,,Chhatarpur,,1.0,7.0,1.0,3.0,1.4008003,0.0,0.0,0.0,1.0,0.0,0.0,0.61615807,,0.95033425,
CH023,0.0,0.0,0.0,,8-9,20.0,20.0,0.5714286,0.6666667,1.9445013,1.5600622,1.7152224,1.450659,0.0,5.0,5.0,3.0,3.0,1.0,0.0,0.0,2.0,8-9,24.0,21.0,0.6,0.8,1.7111663,1.326779,1.8318907,1.6653379,1.0,Chhatarpur,,1.0,8.0,0.0,2.0,1.6909915,0.0,0.0,0.0,0.0,1.0,0.0,1.5600622,1.326779,1.450659,1.6653379
CH024,1.0,0.0,1.0,2.0,8-9,24.0,19.0,0.54285717,0.8,2.2581744,1.8115709,2.2272809,1.8314725,1.0,5.0,5.0,3.0,3.0,1.0,0.0,1.0,5.0,8-9,27.0,30.0,0.85714287,0.9,3.2469358,2.5327606,2.5609515,2.4485402,1.0,Chhatarpur,,1.0,8.0,0.0,5.0,3.9075315,0.0,0.0,0.0,0.0,1.0,0.0,1.8115709,2.5327606,1.8314725,2.4485402
CH025,0.0,0.0,0.0,,8-9,15.0,7.0,0.2,0.5,-0.33345965,-0.18960585,-0.045131963,-0.19706963,0.0,2.0,2.0,1.0,1.0,0.0,0.0,1.0,,8-9,15.0,20.0,0.5714286,0.5,1.3653232,1.0948491,0.11806013,0.14510396,1.0,Chhatarpur,,1.0,8.0,1.0,5.0,1.4008003,0.0,0.0,0.0,0.0,1.0,0.0,-0.18960585,1.0948491,-0.19706963,0.14510396
CH026,0.0,0.0,0.0,,6-7,14.0,5.0,0.14285715,0.46666667,-1.7013892,-1.3425579,-0.22249234,-0.15418434,0.0,1.0,3.0,1.0,2.0,0.0,0.0,1.0,,4-7,19.0,19.0,0.5588235,0.6333333,0.22963096,0.2614227,0.9107382,0.80934954,1.0,Chhatarpur,,1.0,6.0,0.0,3.0,0.6448682,0.0,0.0,1.0,0.0,0.0,0.0,-1.3425579,0.2614227,-0.15418434,0.80934954
CH027,0.0,0.0,0.0,,8-9,20.0,17.0,0.4857143,0.6666667,1.6812589,1.3944713,1.776162,1.4842241,0.0,5.0,5.0,3.0,3.0,1.0,0.0,0.0,5.0,8-9,22.0,21.0,0.6,0.73333335,1.6140761,1.2658979,1.4623526,1.2712362,1.0,Chhatarpur,,1.0,8.0,0.0,3.0,3.6173403,0.0,0.0,0.0,0.0,1.0,0.0,1.3944713,1.2658979,1.4842241,1.2712362
CH028,1.0,1.0,1.0,5.0,8-9,17.0,15.0,0.42857143,0.56666666,0.6880817,0.7364424,1.2390541,1.0374826,1.0,3.0,4.0,2.0,3.0,0.0,0.0,1.0,,8-9,23.0,16.0,0.45714286,0.76666665,0.49129897,0.49970335,1.6425943,1.4385248,1.0,Chhatarpur,13.0,1.0,9.0,0.0,3.0,1.6231838,0.0,0.0,0.0,0.0,0.0,1.0,0.7364424,0.49970335,1.0374826,1.4385248
CH029,0.0,0.0,1.0,,8-9,26.0,10.0,0.2857143,0.8666667,0.5466345,0.5788286,2.6262543,2.3235366,1.0,4.0,5.0,3.0,3.0,1.0,0.0,0.0,2.0,8-9,28.0,32.0,0.9142857,0.93333334,3.7020435,3.0886345,2.9983697,3.0151,1.0,Chhatarpur,,1.0,8.0,1.0,4.0,0.19406788,0.0,0.0,0.0,0.0,1.0,0.0,0.5788286,3.0886345,2.3235366,3.0151
CH031,1.0,1.0,0.0,3.0,8-9,18.0,8.0,0.22857143,0.6,0.38260752,0.3862831,1.1861187,1.0369296,1.0,3.0,5.0,2.0,3.0,1.0,0.0,0.0,1.0,8-9,24.0,23.0,0.6571429,0.8,1.7158086,1.355634,1.9322811,1.7868873,1.0,Chhatarpur,,1.0,8.0,0.0,3.0,0.69525146,0.0,0.0,0.0,0.0,1.0,0.0,0.3862831,1.355634,1.0369296,1.7868873
CH032,1.0,1.0,1.0,2.0,6-7,21.0,13.0,0.37142858,0.7,0.59364,0.5708055,1.4306903,1.2087865,1.0,5.0,5.0,3.0,3.0,0.0,0.0,1.0,,4-7,21.0,23.0,0.6764706,0.7,1.554163,1.2134539,1.210585,1.0384203,1.0,Chhatarpur,,1.0,6.0,1.0,5.0,0.92924875,0.0,0.0,1.0,0.0,0.0,0.0,0.5708055,1.2134539,1.2087865,1.0384203
CH033,1.0,0.0,1.0,2.0,8-9,16.0,13.0,0.37142858,0.53333336,1.0733782,1.1101624,1.2191218,1.0608131,1.0,5.0,5.0,3.0,3.0,1.0,0.0,0.0,4.0,8-9,23.0,30.0,0.85714287,0.76666665,3.1489494,2.5781505,1.3403038,1.2311152,1.0,Chhatarpur,,1.0,8.0,0.0,3.0,1.4008003,0.0,0.0,0.0,0.0,1.0,0.0,1.1101624,2.5781505,1.0608131,1.2311152
CH034,1.0,1.0,1.0,2.0,8-9,20.0,11.0,0.31428573,0.6666667,0.3754769,0.4170584,1.7475291,1.4532477,1.0,3.0,5.0,2.0,3.0,1.0,0.0,0.0,5.0,8-9,23.0,20.0,0.5714286,0.76666665,1.1832714,0.960892,1.6293801,1.4385248,1.0,Chhatarpur,,1.0,8.0,0.0,3.0,2.8247538,0.0,0.0,0.0,0.0,1.0,0.0,0.4170584,0.960892,1.4532477,1.4385248
CH035,1.0,1.0,0.0,5.0,6-7,16.0,8.0,0.22857143,0.53333336,-1.2210288,-0.82373375,0.26867545,0.31085613,1.0,1.0,4.0,1.0,3.0,1.0,0.0,0.0,5.0,4-7,21.0,16.0,0.47058824,0.7,0.22025175,0.2850793,0.7136423,0.60293925,1.0,Chhatarpur,,1.0,6.0,0.0,1.0,2.8247538,0.0,0.0,1.0,0.0,0.0,0.0,-0.82373375,0.2850793,0.31085613,0.60293925
CH037,0.0,0.0,0.0,,4-5,16.0,10.0,0.2857143,0.53333336,-0.5399377,-0.26749417,-0.29863247,-0.28091034,0.0,2.0,2.0,1.0,1.0,1.0,0.0,1.0,5.0,4-7,15.0,26.0,0.7647059,0.5,2.1446557,1.6673281,0.06465238,0.13027383,1.0,Chhatarpur,,1.0,8.0,1.0,3.0,1.6231838,0.0,0.0,0.0,0.0,1.0,0.0,-0.26749417,1.6673281,-0.28091034,0.13027383
CH038,0.0,0.0,1.0,,8-9,21.0,12.0,0.34285715,0.7,0.6785432,0.78335303,1.8959275,1.6392745,1.0,4.0,5.0,3.0,3.0,0.0,0.0,1.0,,8-9,20.0,27.0,0.7714286,0.6666667,2.491248,2.0574574,0.741094,0.6584395,1.0,Chhatarpur,,1.0,8.0,1.0,3.0,3.1243238,0.0,0.0,0.0,0.0,1.0,0.0,0.78335303,2.0574574,1.6392745,0.6584395
CH039,0.0,0.0,0.0,,8-9,7.0,8.0,0.22857143,0.23333333,-0.2739995,-0.1489977,-0.65390146,-0.49899146,0.0,2.0,1.0,1.0,1.0,1.0,1.0,0.0,5.0,8-9,22.0,16.0,0.45714286,0.73333335,0.12289649,0.20738742,1.3873396,1.1681526,1.0,Chhatarpur,,1.0,8.0,0.0,5.0,2.1719222,0.0,0.0,0.0,0.0,1.0,0.0,-0.1489977,0.20738742,-0.49899146,1.1681526
CH040,1.0,1.0,1.0,5.0,8-9,20.0,12.0,0.34285715,0.6666667,0.43084618,0.41025317,1.5698308,1.3103795,1.0,3.0,5.0,2.0,3.0,1.0,0.0,0.0,4.0,8-9,25.0,22.0,0.62857145,0.8333333,1.7405759,1.3895125,2.1069953,1.9620783,1.0,Chhatarpur,,1.0,9.0,1.0,3.0,0.92924875,0.0,0.0,0.0,0.0,0.0,1.0,0.41025317,1.3895125,1.3103795,1.9620783
CH041,1.0,0.0,0.0,1.0,8-9,14.0,13.0,0.37142858,0.46666667,0.4005888,0.4650773,0.6438064,0.6388294,1.0,3.0,4.0,2.0,2.0,,,,,,,,,,,,,,,Chhatarpur,,1.0,9.0,1.0,4.0,4.7761235,0.0,0.0,0.0,0.0,0.0,1.0,0.4650773,,0.6388294,
CH042,1.0,0.0,1.0,2.0,8-9,11.0,10.0,0.2857143,0.36666667,-0.31583878,-0.19040509,0.25195765,0.33449998,1.0,2.0,3.0,1.0,2.0,1.0,0.0,1.0,2.0,8-9,21.0,23.0,0.6571429,0.7,1.9383407,1.5356078,1.0273635,0.8981624,1.0,Chhatarpur,,1.0,9.0,1.0,3.0,1.6231838,0.0,0.0,0.0,0.0,0.0,1.0,-0.19040509,1.5356078,0.33449998,0.8981624
CH043,0.0,0.0,1.0,,4-5,5.0,5.0,0.14285715,0.16666667,-2.0145395,-2.5462744,-2.1177268,-3.8187048,1.0,1.0,1.0,1.0,1.0,1.0,0.0,0.0,2.0,4-7,12.0,13.0,0.38235295,0.4,-0.7587919,-0.5381118,-0.80298495,-0.58498085,1.0,Chhatarpur,,1.0,5.0,0.0,1.0,-0.5322324,0.0,1.0,0.0,0.0,0.0,0.0,-2.5462744,-0.5381118,-3.8187048,-0.58498085
CH046,1.0,1.0,0.0,2.0,6-7,13.0,12.0,0.34285715,0.43333334,0.12098981,0.113150306,-0.24128066,-0.11411298,1.0,3.0,3.0,2.0,2.0,1.0,0.0,0.0,2.0,4-7,20.0,10.0,0.29411766,0.6666667,-0.50385463,-0.22941557,0.4536443,0.40250143,1.0,Chhatarpur,,1.0,6.0,0.0,5.0,-1.503188,0.0,0.0,1.0,0.0,0.0,0.0,0.113150306,-0.22941557,-0.11411298,0.40250143
CH047,0.0,0.0,0.0,,8-9,26.0,14.0,0.4,0.8666667,0.6815663,0.67535824,2.489951,2.0950325,0.0,4.0,5.0,3.0,3.0,0.0,0.0,0.0,,8-9,26.0,31.0,0.8857143,0.8666667,3.4671278,2.7275949,2.4594302,2.403915,0.0,Chhatarpur,12.0,1.0,8.0,1.0,2.0,0.63325435,0.0,0.0,0.0,0.0,1.0,0.0,0.67535824,2.7275949,2.0950325,2.403915
CH048,0.0,0.0,0.0,,6-7,24.0,13.0,0.37142858,0.8,0.36658654,0.40837705,2.1387935,1.7813492,0.0,4.0,5.0,3.0,3.0,,,,,,,,,,,,,,,Chhatarpur,,1.0,6.0,1.0,3.0,3.4359798,0.0,0.0,1.0,0.0,0.0,0.0,0.40837705,,1.7813492,
CH049,0.0,0.0,0.0,,6-7,15.0,12.0,0.34285715,0.5,0.11524478,0.08173498,0.33813128,0.36192513,0.0,3.0,4.0,2.0,3.0,,,,,,,,,,,,,,,Chhatarpur,10.0,1.0,6.0,0.0,4.0,0.92924875,0.0,0.0,1.0,0.0,0.0,0.0,0.08173498,,0.36192513,
CH050,1.0,0.0,0.0,5.0,8-9,10.0,12.0,0.34285715,0.33333334,0.6621184,0.6328717,-0.016075121,0.10385276,1.0,3.0,2.0,2.0,1.0,1.0,0.0,0.0,5.0,8-9,14.0,16.0,0.45714286,0.46666667,0.56311655,0.5191536,-0.032288395,0.046092376,1.0,Chhatarpur,,1.0,9.0,0.0,5.0,1.4008003,0.0,0.0,0.0,0.0,0.0,1.0,0.6328717,0.5191536,0.10385276,0.046092376
CH051,0.0,0.0,0.0,,6-7,16.0,9.0,0.25714287,0.53333336,-0.090036,0.05699908,0.6207757,0.54309666,0.0,3.0,4.0,2.0,3.0,0.0,0.0,1.0,,4-7,20.0,25.0,0.7352941,0.6666667,1.8493527,1.4983073,0.83308005,0.7141209,1.0,Chhatarpur,,1.0,7.0,1.0,3.0,-0.58144826,0.0,0.0,0.0,1.0,0.0,0.0,0.05699908,1.4983073,0.54309666,0.7141209
CH052,0.0,0.0,0.0,,6-7,16.0,18.0,0.51428574,0.53333336,1.5344414,1.2462405,0.38146958,0.40262645,0.0,5.0,4.0,3.0,3.0,0.0,0.0,1.0,,4-7,25.0,26.0,0.7647059,0.8333333,2.0795763,1.6267434,1.5430743,1.3515104,1.0,Chhatarpur,12.0,1.0,,1.0,3.0,1.2194399,,,,,,,1.2462405,1.6267434,0.40262645,1.3515104
CH053,0.0,0.0,0.0,,8-9,7.0,10.0,0.2857143,0.23333333,0.12322507,0.15977055,-1.2664363,-1.1910717,0.0,3.0,1.0,2.0,1.0,1.0,0.0,0.0,1.0,8-9,17.0,16.0,0.45714286,0.56666666,0.7408011,0.6671936,0.2824208,0.28951806,1.0,Chhatarpur,14.0,1.0,8.0,0.0,3.0,0.12410065,0.0,0.0,0.0,0.0,1.0,0.0,0.15977055,0.6671936,-1.1910717,0.28951806
CH054,0.0,0.0,1.0,,6-7,15.0,15.0,0.42857143,0.5,0.8438006,0.7514184,0.19128825,0.2477415,1.0,5.0,4.0,3.0,3.0,0.0,0.0,1.0,,4-7,20.0,25.0,0.7352941,0.6666667,1.9775451,1.4991406,0.90800494,0.81432736,1.0,Chhatarpur,,1.0,6.0,1.0,5.0,1.6909915,0.0,0.0,1.0,0.0,0.0,0.0,0.7514184,1.4991406,0.2477415,0.81432736
CH055,0.0,0.0,1.0,,8-9,16.0,12.0,0.34285715,0.53333336,0.9559876,0.8677728,0.68999213,0.63810325,1.0,4.0,4.0,3.0,2.0,0.0,0.0,1.0,,8-9,20.0,24.0,0.6857143,0.6666667,1.8472245,1.4460739,0.99789304,0.87186015,1.0,Chhatarpur,13.0,1.0,8.0,1.0,3.0,0.22369985,0.0,0.0,0.0,0.0,1.0,0.0,0.8677728,1.4460739,0.63810325,0.87186015
CH056,0.0,0.0,1.0,,8-9,11.0,12.0,0.34285715,0.36666667,-0.31105953,-0.21899477,-0.45396027,-0.2743584,1.0,2.0,2.0,1.0,1.0,0.0,0.0,1.0,,8-9,13.0,14.0,0.4,0.43333334,0.16178235,0.2225171,-0.05279831,0.005986537,1.0,Chhatarpur,14.0,1.0,8.0,0.0,3.0,1.6909915,0.0,0.0,0.0,0.0,1.0,0.0,-0.21899477,0.2225171,-0.2743584,0.005986537
CH057,0.0,0.0,1.0,,6-7,6.0,4.0,0.114285715,0.2,-2.4217927,-3.5911229,-1.6399081,-1.4269413,1.0,1.0,1.0,1.0,1.0,0.0,1.0,0.0,,4-7,10.0,8.0,0.23529412,0.33333334,-1.5171655,-1.864618,-1.1106564,-0.75131094,1.0,Chhatarpur,11.0,1.0,6.0,0.0,3.0,0.93505925,0.0,0.0,1.0,0.0,0.0,0.0,-3.5911229,-1.864618,-1.4269413,-0.75131094
CH058,0.0,0.0,0.0,,8-9,15.0,10.0,0.2857143,0.5,0.32828918,0.41612002,0.7117353,0.6805149,0.0,3.0,4.0,2.0,3.0,1.0,0.0,0.0,5.0,8-9,20.0,23.0,0.6571429,0.6666667,1.5689886,1.2584232,0.7649487,0.64500785,1.0,Chhatarpur,,1.0,8.0,1.0,3.0,1.6231838,0.0,0.0,0.0,0.0,1.0,0.0,0.41612002,1.2584232,0.6805149,0.64500785
CH059,1.0,1.0,1.0,3.0,8-9,14.0,14.0,0.4,0.46666667,1.4789265,1.2836057,0.7438454,0.7128145,1.0,5.0,4.0,3.0,3.0,0.0,0.0,1.0,,8-9,21.0,22.0,0.62857145,0.7,1.5835241,1.1999769,0.73532665,0.6137277,1.0,Chhatarpur,,1.0,8.0,0.0,3.0,1.4008003,0.0,0.0,0.0,0.0,1.0,0.0,1.2836057,1.1999769,0.7128145,0.6137277
CH060,0.0,0.0,0.0,,8-9,3.0,7.0,0.2,0.1,-1.2636806,-1.4998491,-1.7067145,-2.6405032,0.0,1.0,1.0,1.0,1.0,0.0,0.0,0.0,,8-9,19.0,11.0,0.31428573,0.6333333,-0.44760683,-0.20066813,0.5101743,0.43787143,0.0,Chhatarpur,,1.0,8.0,1.0,3.0,0.63325435,0.0,0.0,0.0,0.0,1.0,0.0,-1.4998491,-0.20066813,-2.6405032,0.43787143
CH062,0.0,0.0,1.0,,8-9,14.0,15.0,0.42857143,0.46666667,1.0936226,1.0246788,0.47321483,0.50821555,1.0,4.0,3.0,3.0,2.0,1.0,0.0,0.0,5.0,8-9,18.0,21.0,0.6,0.6,1.4255326,1.1302193,0.55482155,0.49169186,1.0,Chhatarpur,14.0,1.0,9.0,0.0,3.0,0.92924875,0.0,0.0,0.0,0.0,0.0,1.0,1.0246788,1.1302193,0.50821555,0.49169186
CH063,0.0,0.0,1.0,,6-7,17.0,11.0,0.31428573,0.56666666,0.26735672,0.24794221,0.4784158,0.44226986,1.0,4.0,5.0,3.0,3.0,1.0,0.0,1.0,5.0,4-7,22.0,28.0,0.8235294,0.73333335,2.6207223,2.041303,1.2962183,1.1067928,1.0,Chhatarpur,,1.0,6.0,1.0,3.0,0.5956523,0.0,0.0,1.0,0.0,0.0,0.0,0.24794221,2.041303,0.44226986,1.1067928
CH064,0.0,0.0,0.0,,6-7,11.0,11.0,0.31428573,0.36666667,0.22960234,0.24564886,-0.813726,-0.6416873,0.0,4.0,2.0,2.0,1.0,0.0,0.0,1.0,,4-7,21.0,19.0,0.5588235,0.7,0.7838203,0.64735985,1.1134263,0.9647541,1.0,Chhatarpur,,1.0,6.0,1.0,4.0,2.4835782,0.0,0.0,1.0,0.0,0.0,0.0,0.24564886,0.64735985,-0.6416873,0.9647541
CH065,1.0,0.0,0.0,5.0,8-9,16.0,12.0,0.34285715,0.53333336,1.0412244,0.90474075,1.2422034,1.0916212,1.0,4.0,5.0,3.0,3.0,1.0,0.0,0.0,5.0,8-9,24.0,30.0,0.85714287,0.8,3.145838,2.5546668,1.8175346,1.6160082,1.0,Chhatarpur,,1.0,9.0,1.0,3.0,-0.17367122,0.0,0.0,0.0,0.0,0.0,1.0,0.90474075,2.5546668,1.0916212,1.6160082
CH066,1.0,0.0,0.0,2.0,8-9,21.0,15.0,0.42857143,0.7,1.2754368,1.1185471,1.6273113,1.3712904,1.0,4.0,5.0,3.0,3.0,1.0,0.0,0.0,5.0,8-9,23.0,25.0,0.71428573,0.76666665,2.2803903,1.7666583,1.5620875,1.3777823,1.0,Chhatarpur,,1.0,9.0,0.0,3.0,1.6231838,0.0,0.0,0.0,0.0,0.0,1.0,1.1185471,1.7666583,1.3712904,1.3777823
CH067,1.0,0.0,0.0,5.0,8-9,20.0,15.0,0.42857143,0.6666667,1.2456002,1.2307492,1.6955082,1.4391901,1.0,5.0,5.0,3.0,3.0,,,,,,,,,,,,,,,Chhatarpur,14.0,1.0,9.0,1.0,5.0,1.3891865,0.0,0.0,0.0,0.0,0.0,1.0,1.2307492,,1.4391901,
CH068,0.0,0.0,1.0,,6-7,12.0,10.0,0.2857143,0.4,-0.14230987,-0.05008,-0.2519878,-0.14230111,1.0,3.0,3.0,2.0,2.0,1.0,0.0,0.0,,4-7,6.0,11.0,0.32352942,0.2,-0.15837125,-0.011217539,-1.5641601,-1.2547798,1.0,Chhatarpur,11.0,1.0,6.0,1.0,3.0,-1.4715917,0.0,0.0,1.0,0.0,0.0,0.0,-0.05008,-0.011217541,-0.14230111,-1.2547798
CH069,0.0,0.0,1.0,,6-7,10.0,8.0,0.22857143,0.33333334,-0.8893341,-0.5827089,-1.0005443,-0.6993524,1.0,2.0,2.0,1.0,1.0,0.0,1.0,0.0,,4-7,10.0,16.0,0.47058824,0.33333334,0.5767759,0.50377476,-1.1220621,-0.8304471,1.0,Chhatarpur,12.0,1.0,6.0,1.0,3.0,2.0947354,0.0,0.0,1.0,0.0,0.0,0.0,-0.5827089,0.50377476,-0.6993524,-0.8304471
CH070,0.0,0.0,1.0,,8-9,8.0,10.0,0.2857143,0.26666668,-0.90999424,-0.7640417,-0.28013238,-0.11623603,1.0,1.0,2.0,1.0,1.0,0.0,0.0,1.0,,8-9,16.0,18.0,0.51428574,0.53333336,0.21820691,0.2611234,0.038111582,0.07405931,1.0,Chhatarpur,16.0,1.0,9.0,1.0,3.0,0.22369985,0.0,0.0,0.0,0.0,0.0,1.0,-0.7640417,0.2611234,-0.11623603,0.07405931
CH073,1.0,0.0,0.0,5.0,6-7,5.0,6.0,0.17142858,0.16666667,-0.49089476,-0.2618688,-1.6967444,-1.4694587,1.0,2.0,1.0,1.0,1.0,0.0,0.0,1.0,,4-7,6.0,10.0,0.29411766,0.2,-0.32734495,-0.13740063,-1.4901644,-1.2494661,1.0,Chhatarpur,11.0,1.0,6.0,0.0,3.0,1.6231838,0.0,0.0,1.0,0.0,0.0,0.0,-0.2618688,-0.13740063,-1.4694587,-1.2494661
CH075,0.0,0.0,0.0,,8-9,10.0,5.0,0.14285715,0.33333334,-1.8386421,-1.6488404,0.29227337,0.38287607,0.0,1.0,3.0,1.0,2.0,0.0,1.0,0.0,,8-9,21.0,9.0,0.25714287,0.7,-1.3238066,-0.88357943,0.9111113,0.7816599,1.0,Chhatarpur,,1.0,8.0,0.0,3.0,1.6231838,0.0,0.0,0.0,0.0,1.0,0.0,-1.6488404,-0.88357943,0.38287607,0.7816599
CH076,0.0,0.0,1.0,,6-7,0.0,3.0,0.08571429,0.0,-1.6563351,-1.2576997,,,1.0,1.0,,1.0,,,,,,,,,,,,,,,,Chhatarpur,12.0,1.0,6.0,1.0,5.0,2.1308188,0.0,0.0,1.0,0.0,0.0,0.0,-1.2576997,,,
CH077,0.0,0.0,0.0,,8-9,21.0,14.0,0.4,0.7,1.1381664,1.0692735,1.9812838,1.6596316,0.0,5.0,5.0,3.0,3.0,0.0,0.0,1.0,,8-9,21.0,20.0,0.5714286,0.7,1.2125826,1.0104859,1.3317806,1.1460001,1.0,Chhatarpur,14.0,1.0,8.0,1.0,3.0,3.072158,0.0,0.0,0.0,0.0,1.0,0.0,1.0692735,1.0104859,1.6596316,1.1460001
CH078,0.0,0.0,0.0,,6-7,12.0,6.0,0.17142858,0.4,-1.2744713,-0.7833674,-0.5397235,-0.3834274,0.0,1.0,2.0,1.0,1.0,1.0,0.0,0.0,2.0,4-7,16.0,23.0,0.6764706,0.53333336,1.3585079,1.0698996,0.36334026,0.37488633,1.0,Chhatarpur,11.0,1.0,7.0,1.0,3.0,1.6231838,0.0,0.0,0.0,1.0,0.0,0.0,-0.7833674,1.0698996,-0.3834274,0.37488633
CH079,0.0,0.0,0.0,,8-9,21.0,15.0,0.42857143,0.7,1.3108304,1.1492804,1.794938,1.5265092,0.0,5.0,5.0,3.0,3.0,0.0,0.0,0.0,,8-9,25.0,24.0,0.6857143,0.8333333,1.8756384,1.4317313,2.06482,1.8263272,0.0,Chhatarpur,,1.0,8.0,1.0,3.0,0.92924875,0.0,0.0,0.0,0.0,1.0,0.0,1.1492804,1.4317313,1.5265092,1.8263272
CH080,0.0,0.0,0.0,,8-9,18.0,14.0,0.4,0.6,1.194154,1.0937699,0.973499,0.86591893,0.0,5.0,4.0,3.0,3.0,0.0,0.0,1.0,,8-9,17.0,18.0,0.51428574,0.56666666,0.97762346,0.8325344,0.60998267,0.55222046,1.0,Chhatarpur,14.0,1.0,8.0,0.0,3.0,-0.060680747,0.0,0.0,0.0,0.0,1.0,0.0,1.0937699,0.8325344,0.86591893,0.55222046
CH082,0.0,0.0,0.0,,8-9,16.0,10.0,0.2857143,0.53333336,-0.44405726,-0.3128881,1.3315431,1.1688097,0.0,1.0,5.0,1.0,3.0,1.0,0.0,0.0,5.0,8-9,23.0,22.0,0.62857145,0.76666665,1.8418479,1.4599634,1.6976335,1.5760072,1.0,Chhatarpur,,1.0,8.0,1.0,3.0,-0.6318316,0.0,0.0,0.0,0.0,1.0,0.0,-0.3128881,1.4599634,1.1688097,1.5760072
CH086,0.0,0.0,0.0,,6-7,22.0,15.0,0.42857143,0.73333335,1.1068987,0.9608006,1.6792645,1.4977046,0.0,5.0,5.0,3.0,3.0,0.0,0.0,0.0,,4-7,27.0,28.0,0.8235294,0.9,2.520085,1.9824765,2.3745148,2.2849944,0.0,Chhatarpur,,1.0,6.0,0.0,3.0,3.1868923,0.0,0.0,1.0,0.0,0.0,0.0,0.9608006,1.9824765,1.4977046,2.2849944
CH087,0.0,0.0,1.0,,8-9,11.0,8.0,0.22857143,0.36666667,-1.1974189,-2.038622,0.06678228,0.22402744,1.0,1.0,2.0,1.0,2.0,1.0,0.0,0.0,4.0,8-9,18.0,14.0,0.4,0.6,-0.38081986,-0.18009184,0.6415818,0.62458104,1.0,Chhatarpur,16.0,1.0,9.0,1.0,3.0,2.8658571,0.0,0.0,0.0,0.0,0.0,1.0,-2.038622,-0.18009184,0.22402744,0.62458104
CH088,0.0,0.0,1.0,,8-9,7.0,12.0,0.34285715,0.23333333,0.28271705,0.26442704,-0.58455837,-0.44280514,1.0,3.0,1.0,2.0,1.0,1.0,0.0,0.0,4.0,8-9,20.0,19.0,0.54285717,0.6666667,0.93124896,0.7936315,0.741944,0.669914,1.0,Chhatarpur,14.0,1.0,9.0,1.0,3.0,0.22369985,0.0,0.0,0.0,0.0,0.0,1.0,0.26442704,0.7936315,-0.44280514,0.669914
CH090,0.0,0.0,1.0,,8-9,12.0,14.0,0.4,0.4,0.4766146,0.4385205,0.35793924,0.4750279,1.0,3.0,3.0,2.0,2.0,0.0,0.0,1.0,,8-9,20.0,23.0,0.6571429,0.6666667,1.6380345,1.3209546,0.9959849,0.8510903,1.0,Chhatarpur,14.0,1.0,8.0,0.0,4.0,0.22369985,0.0,0.0,0.0,0.0,1.0,0.0,0.4385205,1.3209546,0.4750279,0.8510903
CH091,1.0,0.0,0.0,2.0,8-9,14.0,12.0,0.34285715,0.46666667,0.50591165,0.5695379,0.563208,0.62607414,1.0,3.0,4.0,2.0,2.0,0.0,0.0,1.0,,8-9,17.0,17.0,0.4857143,0.56666666,0.68188494,0.5832365,0.54412013,0.5113172,1.0,Chhatarpur,,1.0,9.0,0.0,3.0,0.92924875,0.0,0.0,0.0,0.0,0.0,1.0,0.5695379,0.5832365,0.62607414,0.5113172
CH093,0.0,0.0,0.0,,8-9,10.0,13.0,0.37142858,0.33333334,1.1167221,1.1090833,0.08049772,0.23322219,0.0,5.0,3.0,3.0,2.0,1.0,0.0,0.0,5.0,8-9,20.0,17.0,0.4857143,0.6666667,0.95548224,0.80577296,1.004967,0.8808782,1.0,Chhatarpur,,1.0,8.0,1.0,3.0,2.9645088,0.0,0.0,0.0,0.0,1.0,0.0,1.1090833,0.80577296,0.23322219,0.8808782
CH095,0.0,0.0,1.0,,8-9,10.0,7.0,0.2,0.33333334,-0.85046935,-0.59798175,-0.049652413,0.064220585,1.0,1.0,2.0,1.0,2.0,0.0,0.0,0.0,,8-9,16.0,8.0,0.22857143,0.53333336,-0.89076537,-0.5457483,0.33610335,0.33041734,0.0,Chhatarpur,,1.0,8.0,1.0,5.0,1.6231838,0.0,0.0,0.0,0.0,1.0,0.0,-0.59798175,-0.5457483,0.064220585,0.33041734
CH096,0.0,0.0,0.0,,8-9,12.0,13.0,0.37142858,0.4,0.19670294,0.13792099,0.49023408,0.528349,0.0,2.0,3.0,2.0,2.0,1.0,0.0,0.0,2.0,8-9,22.0,18.0,0.51428574,0.73333335,1.029458,0.80215776,1.4101509,1.2428646,1.0,Chhatarpur,,1.0,9.0,0.0,3.0,2.0947354,0.0,0.0,0.0,0.0,0.0,1.0,0.13792099,0.80215776,0.528349,1.2428646
CH098,0.0,0.0,1.0,,6-7,21.0,18.0,0.51428574,0.7,1.4329191,1.102073,1.4356753,1.1760789,1.0,5.0,5.0,3.0,3.0,0.0,0.0,1.0,,4-7,27.0,24.0,0.7058824,0.9,1.5206438,1.1821883,2.3340354,2.1697044,1.0,Chhatarpur,,1.0,6.0,1.0,3.0,0.1617027,0.0,0.0,1.0,0.0,0.0,0.0,1.102073,1.1821883,1.1760789,2.1697044
CH099,0.0,0.0,0.0,,6-7,14.0,10.0,0.2857143,0.46666667,-0.6943883,-0.4643167,0.1805652,0.19951417,0.0,2.0,4.0,1.0,3.0,0.0,0.0,0.0,,4-7,17.0,12.0,0.3529412,0.56666666,-0.8999006,-0.58215076,0.41250125,0.41963342,0.0,Chhatarpur,11.0,1.0,6.0,0.0,4.0,0.22369985,0.0,0.0,1.0,0.0,0.0,0.0,-0.4643167,-0.58215076,0.19951417,0.41963342
CH100,0.0,0.0,0.0,,8-9,11.0,14.0,0.4,0.36666667,0.99369854,1.0142426,0.12022461,0.24953759,0.0,4.0,2.0,3.0,2.0,0.0,0.0,0.0,,8-9,16.0,13.0,0.37142858,0.53333336,-0.2456018,-0.10582835,0.048635576,0.10404912,0.0,Chhatarpur,,1.0,9.0,1.0,1.0,2.3849266,0.0,0.0,0.0,0.0,0.0,1.0,1.0142426,-0.10582835,0.24953759,0.10404912
CH101,1.0,0.0,0.0,5.0,6-7,7.0,6.0,0.17142858,0.23333333,-1.919478,-1.497026,-1.4376915,-1.1594702,1.0,1.0,1.0,1.0,1.0,0.0,0.0,1.0,,4-7,7.0,12.0,0.3529412,0.23333333,-0.30803144,-0.13081826,-1.1510454,-0.8456187,1.0,Chhatarpur,,1.0,7.0,1.0,1.0,0.6448682,0.0,0.0,0.0,1.0,0.0,0.0,-1.497026,-0.13081826,-1.1594702,-0.8456187
CH102,0.0,0.0,0.0,,8-9,12.0,11.0,0.31428573,0.4,0.4411093,0.37632397,-0.105512105,-0.06062598,0.0,3.0,2.0,2.0,2.0,0.0,0.0,1.0,,8-9,17.0,16.0,0.45714286,0.56666666,0.17731977,0.21644112,0.5448888,0.5157749,1.0,Chhatarpur,14.0,1.0,8.0,0.0,1.0,2.0947354,0.0,0.0,0.0,0.0,1.0,0.0,0.37632397,0.21644112,-0.06062598,0.5157749
CH103,1.0,0.0,0.0,5.0,8-9,17.0,13.0,0.37142858,0.56666666,1.3192,1.1325005,1.5383493,1.2804049,1.0,5.0,5.0,3.0,3.0,0.0,0.0,1.0,,8-9,24.0,24.0,0.6857143,0.8,1.8511823,1.4538802,1.7120007,1.5662935,1.0,Chhatarpur,,1.0,8.0,0.0,1.0,0.72761667,0.0,0.0,0.0,0.0,1.0,0.0,1.1325005,1.4538802,1.2804049,1.5662935
CH104,1.0,0.0,0.0,5.0,8-9,19.0,11.0,0.31428573,0.6333333,0.8249364,0.79471064,1.6571653,1.4200673,1.0,4.0,5.0,3.0,3.0,1.0,0.0,0.0,5.0,8-9,24.0,24.0,0.6857143,0.8,2.1001866,1.633304,1.8026925,1.6739696,1.0,Chhatarpur,13.0,1.0,8.0,0.0,5.0,0.92924875,0.0,0.0,0.0,0.0,1.0,0.0,0.79471064,1.633304,1.4200673,1.6739696
CH105,0.0,0.0,1.0,,8-9,20.0,13.0,0.37142858,0.6666667,0.9485972,0.89313483,1.5286617,1.325447,1.0,4.0,5.0,3.0,3.0,,,,,,,,,,,,,,,Chhatarpur,13.0,1.0,8.0,1.0,5.0,1.4008003,0.0,0.0,0.0,0.0,1.0,0.0,0.89313483,,1.325447,
CH106,0.0,0.0,0.0,,6-7,4.0,9.0,0.25714287,0.13333334,-1.5042219,-1.2583308,-2.073483,-2.6552663,0.0,1.0,1.0,1.0,1.0,,,,,,,,,,,,,,,Chhatarpur,14.0,1.0,7.0,1.0,3.0,-1.7203732,0.0,0.0,0.0,1.0,0.0,0.0,-1.2583308,,-2.6552663,
CH107,1.0,0.0,1.0,2.0,6-7,13.0,11.0,0.31428573,0.43333334,0.11305557,0.14108233,-0.29856464,-0.1993041,1.0,3.0,3.0,2.0,2.0,1.0,0.0,0.0,5.0,4-7,9.0,12.0,0.3529412,0.3,-0.26743928,-0.047585215,-1.4078941,-1.1459897,1.0,Chhatarpur,11.0,1.0,6.0,1.0,4.0,0.9176349,0.0,0.0,1.0,0.0,0.0,0.0,0.14108233,-0.047585215,-0.1993041,-1.1459897
CH108,1.0,0.0,0.0,2.0,6-7,17.0,16.0,0.45714286,0.56666666,0.98422724,0.8952931,0.43388948,0.4754767,1.0,5.0,5.0,3.0,3.0,0.0,0.0,1.0,,4-7,22.0,25.0,0.7352941,0.73333335,1.9309976,1.485712,1.3353752,1.1538144,1.0,Chhatarpur,10.0,1.0,6.0,0.0,3.0,0.12410065,0.0,0.0,1.0,0.0,0.0,0.0,0.8952931,1.485712,0.4754767,1.1538144
CH109,1.0,0.0,1.0,5.0,8-9,23.0,14.0,0.4,0.76666665,1.2712785,1.1002204,2.2503974,1.915273,1.0,4.0,5.0,3.0,3.0,1.0,0.0,0.0,5.0,8-9,26.0,30.0,0.85714287,0.8666667,3.2021306,2.4935753,2.2770748,2.1326768,1.0,Chhatarpur,,1.0,9.0,0.0,3.0,1.1854135,0.0,0.0,0.0,0.0,0.0,1.0,1.1002204,2.4935753,1.915273,2.1326768
CH110,0.0,0.0,0.0,,8-9,22.0,18.0,0.51428574,0.73333335,1.971148,1.5327846,2.0351133,1.7176411,0.0,5.0,5.0,3.0,3.0,0.0,0.0,0.0,,8-9,24.0,25.0,0.71428573,0.8,2.0378578,1.5761521,1.9046317,1.6841402,0.0,Chhatarpur,14.0,1.0,9.0,0.0,3.0,2.1719222,0.0,0.0,0.0,0.0,0.0,1.0,1.5327846,1.5761521,1.7176411,1.6841402
CH111,0.0,0.0,1.0,,6-7,20.0,12.0,0.34285715,0.6666667,-0.08635325,-0.05616812,1.0184492,0.8286815,1.0,3.0,5.0,2.0,3.0,0.0,0.0,1.0,,4-7,17.0,13.0,0.38235295,0.56666666,-0.15363061,-0.009282526,0.18862955,0.21349859,1.0,Chhatarpur,11.0,1.0,6.0,1.0,3.0,1.4008003,0.0,0.0,1.0,0.0,0.0,0.0,-0.05616812,-0.0092825275,0.8286815,0.21349859
CH112,0.0,0.0,0.0,,6-7,13.0,5.0,0.14285715,0.43333334,-1.607485,-1.132087,-0.05700566,0.0022894063,0.0,1.0,4.0,1.0,2.0,0.0,0.0,1.0,,4-7,19.0,15.0,0.44117647,0.6333333,0.4118162,0.43594563,0.69396436,0.63288814,1.0,Chhatarpur,11.0,1.0,6.0,1.0,3.0,0.12410065,0.0,0.0,1.0,0.0,0.0,0.0,-1.132087,0.43594563,0.0022894063,0.63288814
CH115,1.0,0.0,0.0,5.0,8-9,23.0,16.0,0.45714286,0.76666665,1.8040373,1.4780757,2.2289312,1.9230874,1.0,5.0,5.0,3.0,3.0,1.0,0.0,0.0,3.0,8-9,27.0,30.0,0.85714287,0.9,3.236444,2.5837402,2.4872494,2.2840967,1.0,Chhatarpur,14.0,1.0,9.0,0.0,3.0,1.6909915,0.0,0.0,0.0,0.0,0.0,1.0,1.4780757,2.5837402,1.9230874,2.2840967
CH116,1.0,0.0,0.0,5.0,8-9,22.0,17.0,0.4857143,0.73333335,1.8914945,1.5403159,2.0568397,1.7522081,1.0,5.0,5.0,3.0,3.0,1.0,0.0,0.0,5.0,8-9,24.0,26.0,0.74285716,0.8,2.3112807,1.7873592,1.743471,1.4510677,1.0,Chhatarpur,14.0,1.0,9.0,1.0,4.0,2.1308188,0.0,0.0,0.0,0.0,0.0,1.0,1.5403159,1.7873592,1.7522081,1.4510677
CH117,1.0,0.0,0.0,5.0,8-9,17.0,19.0,0.54285717,0.56666666,2.1526086,1.6630974,1.228174,1.061366,1.0,5.0,5.0,3.0,3.0,1.0,0.0,0.0,5.0,8-9,20.0,26.0,0.74285716,0.6666667,2.4400458,1.9002715,1.0480306,0.8770504,1.0,Chhatarpur,15.0,1.0,9.0,0.0,3.0,0.92924875,0.0,0.0,0.0,0.0,0.0,1.0,1.6630974,1.9002715,1.061366,0.8770504
CH118,0.0,0.0,1.0,,6-7,10.0,11.0,0.31428573,0.33333334,-0.419921,-0.21696918,-1.1486263,-0.9057683,1.0,2.0,1.0,2.0,1.0,0.0,0.0,1.0,,4-7,12.0,13.0,0.38235295,0.4,-0.026053065,0.08898392,-0.6138425,-0.44429824,1.0,Chhatarpur,12.0,1.0,7.0,0.0,5.0,1.6909915,0.0,0.0,0.0,1.0,0.0,0.0,-0.21696918,0.08898392,-0.9057683,-0.44429824
CH119,1.0,0.0,0.0,5.0,8-9,6.0,14.0,0.4,0.2,0.732903,0.7407436,-0.69284815,-0.46664214,1.0,4.0,1.0,3.0,1.0,0.0,0.0,1.0,,8-9,12.0,16.0,0.45714286,0.4,0.2667006,0.37909508,-0.35959023,-0.21891423,1.0,Chhatarpur,12.0,1.0,8.0,1.0,3.0,1.4008003,0.0,0.0,0.0,0.0,1.0,0.0,0.7407436,0.37909508,-0.46664214,-0.21891423
CH120,1.0,0.0,1.0,1.0,6-7,16.0,9.0,0.25714287,0.53333336,0.043718413,0.09428818,0.6331705,0.54309666,1.0,3.0,5.0,2.0,3.0,1.0,0.0,0.0,,4-7,23.0,22.0,0.64705884,0.76666665,1.3191478,1.0427918,1.5257453,1.3030461,1.0,Chhatarpur,11.0,1.0,6.0,1.0,4.0,2.5595834,0.0,0.0,1.0,0.0,0.0,0.0,0.09428818,1.0427918,0.54309666,1.3030461
CH121,0.0,0.0,1.0,,8-9,18.0,9.0,0.25714287,0.6,0.7639816,0.7518366,1.4105352,1.1851995,1.0,4.0,5.0,3.0,3.0,0.0,0.0,1.0,,8-9,25.0,22.0,0.62857145,0.8333333,1.6511897,1.2996308,2.110296,1.9270626,1.0,Chhatarpur,14.0,1.0,8.0,1.0,5.0,0.69525146,0.0,0.0,0.0,0.0,1.0,0.0,0.7518366,1.2996308,1.1851995,1.9270626
CH122,1.0,0.0,0.0,5.0,8-9,16.0,15.0,0.42857143,0.53333336,1.5219469,1.2822223,0.9461445,0.87010497,1.0,5.0,4.0,3.0,3.0,,,,,,,,,,,,,,,Chhatarpur,14.0,1.0,8.0,1.0,3.0,3.1243238,0.0,0.0,0.0,0.0,1.0,0.0,1.2822223,,0.87010497,
CH123,0.0,0.0,1.0,,6-7,19.0,15.0,0.42857143,0.6333333,0.49767125,0.5241593,0.7211006,0.67512906,1.0,5.0,5.0,3.0,3.0,,,,,,,,,,,,,,,Chhatarpur,11.0,1.0,6.0,1.0,3.0,2.6844966,0.0,0.0,1.0,0.0,0.0,0.0,0.5241593,,0.67512906,
CH126,0.0,1.0,0.0,,6-7,13.0,14.0,0.4,0.43333334,0.71023035,0.64477366,-0.21286927,-0.12153208,1.0,5.0,3.0,3.0,2.0,0.0,0.0,0.0,,4-7,22.0,21.0,0.61764705,0.73333335,0.68665296,0.58238715,1.1034878,0.9463598,0.0,Chhatarpur,12.0,1.0,7.0,1.0,5.0,3.5026064,0.0,0.0,0.0,1.0,0.0,0.0,0.64477366,0.58238715,-0.12153208,0.9463598
CH127,0.0,0.0,1.0,,6-7,21.0,14.0,0.4,0.7,0.68620616,0.69100726,1.4169672,1.2119923,1.0,5.0,5.0,3.0,3.0,0.0,0.0,1.0,,4-7,26.0,27.0,0.7941176,0.8666667,2.3978543,1.8552862,2.167449,2.0246162,1.0,Chhatarpur,12.0,1.0,7.0,1.0,5.0,1.6909915,0.0,0.0,0.0,1.0,0.0,0.0,0.69100726,1.8552862,1.2119923,2.0246162
CH129,1.0,1.0,0.0,5.0,4-5,26.0,26.0,0.74285716,0.8666667,2.0084732,1.5516168,2.0172756,1.7239006,1.0,5.0,5.0,3.0,3.0,1.0,1.0,1.0,5.0,4-7,26.0,25.0,0.7352941,0.8666667,1.9661322,1.5392076,2.075186,1.9294108,1.0,Chhatarpur,10.0,1.0,5.0,0.0,1.0,2.6433933,0.0,1.0,0.0,0.0,0.0,0.0,1.5516168,1.5392076,1.7239006,1.9294108
CH133,0.0,0.0,1.0,,6-7,8.0,2.0,0.057142857,0.26666668,-2.09774,-2.5280976,-1.2587949,-1.0250655,1.0,1.0,1.0,1.0,1.0,0.0,0.0,1.0,,4-7,8.0,13.0,0.38235295,0.26666668,-0.22390369,-0.053037502,-1.2245665,-0.9060808,1.0,Chhatarpur,13.0,1.0,7.0,0.0,4.0,1.7003706,0.0,0.0,0.0,1.0,0.0,0.0,-2.5280976,-0.053037502,-1.0250655,-0.9060808
CH135,0.0,0.0,1.0,,8-9,7.0,7.0,0.2,0.23333333,-1.7998981,-1.6897728,-0.7370523,-0.5723563,1.0,1.0,1.0,1.0,1.0,0.0,0.0,0.0,,8-9,15.0,9.0,0.25714287,0.5,-0.97995234,-0.70957553,0.041792147,0.09042431,0.0,Chhatarpur,13.0,1.0,9.0,1.0,5.0,0.86725163,0.0,0.0,0.0,0.0,0.0,1.0,-1.6897728,-0.70957553,-0.5723563,0.09042431
CH136,1.0,0.0,0.0,2.0,8-9,14.0,11.0,0.31428573,0.46666667,0.615892,0.6576731,0.7717775,0.726574,1.0,3.0,4.0,2.0,3.0,1.0,0.0,0.0,2.0,8-9,22.0,25.0,0.71428573,0.73333335,1.9899784,1.5667279,1.5709498,1.3993255,1.0,Chhatarpur,13.0,1.0,9.0,1.0,2.0,2.0947354,0.0,0.0,0.0,0.0,0.0,1.0,0.6576731,1.5667279,0.726574,1.3993255
CH137,0.0,0.0,1.0,,8-9,6.0,8.0,0.22857143,0.2,-0.68867195,-0.46871576,-1.3445355,-1.7913009,1.0,1.0,1.0,1.0,1.0,0.0,1.0,0.0,,8-9,9.0,14.0,0.4,0.3,-0.9016555,-0.6965678,-1.3420712,-0.969901,1.0,Chhatarpur,,1.0,9.0,1.0,1.0,-1.6351523,0.0,0.0,0.0,0.0,0.0,1.0,-0.46871576,-0.6965678,-1.7913009,-0.969901
CH138,1.0,0.0,0.0,4.0,8-9,8.0,11.0,0.31428573,0.26666668,-0.66779774,-0.48375082,-1.391119,-2.337335,1.0,1.0,1.0,1.0,1.0,1.0,0.0,0.0,2.0,8-9,8.0,14.0,0.4,0.26666668,-0.17238277,-0.03728736,-1.1856016,-0.8250853,1.0,Chhatarpur,,1.0,9.0,0.0,2.0,-4.26348,0.0,0.0,0.0,0.0,0.0,1.0,-0.48375082,-0.03728736,-2.337335,-0.8250853
CH139,0.0,0.0,1.0,,8-9,19.0,19.0,0.54285717,0.6333333,2.2353985,1.7560208,1.1588773,0.9633668,1.0,5.0,4.0,3.0,3.0,1.0,0.0,0.0,5.0,8-9,23.0,29.0,0.82857144,0.76666665,2.5835962,2.0668736,1.559465,1.383144,1.0,Chhatarpur,,1.0,8.0,1.0,5.0,1.4008003,0.0,0.0,0.0,0.0,1.0,0.0,1.7560208,2.0668736,0.9633668,1.383144
CH140,0.0,0.0,0.0,,8-9,14.0,15.0,0.42857143,0.46666667,0.63184136,0.53055245,0.8915848,0.8285356,0.0,4.0,4.0,2.0,3.0,,,,,,,,,,,,,,,Chhatarpur,13.0,1.0,8.0,1.0,5.0,-2.018145,0.0,0.0,0.0,0.0,1.0,0.0,0.53055245,,0.8285356,
CH142,0.0,0.0,0.0,,8-9,19.0,14.0,0.4,0.6333333,0.9545227,1.017002,1.4181768,1.221113,0.0,4.0,5.0,3.0,3.0,,,,,,,,,,,,,,,Chhatarpur,13.0,1.0,8.0,0.0,3.0,2.0947354,0.0,0.0,0.0,0.0,1.0,0.0,1.017002,,1.221113,
CH143,0.0,0.0,1.0,,6-7,8.0,14.0,0.4,0.26666668,0.89703405,0.8287623,-1.4172765,-1.2072853,1.0,5.0,1.0,3.0,1.0,1.0,0.0,0.0,5.0,4-7,10.0,20.0,0.5882353,0.33333334,1.1638633,0.9313453,-1.3297611,-1.0854634,1.0,Chhatarpur,12.0,1.0,7.0,0.0,3.0,-2.1874192,0.0,0.0,0.0,1.0,0.0,0.0,0.8287623,0.9313453,-1.2072853,-1.0854634
CH144,0.0,0.0,1.0,,6-7,15.0,4.0,0.114285715,0.5,-1.7130135,-1.7598355,0.017152889,0.0675266,1.0,1.0,3.0,1.0,2.0,0.0,0.0,1.0,,4-7,22.0,15.0,0.44117647,0.73333335,-0.3438407,-0.17651792,1.4491836,1.2163122,1.0,Chhatarpur,13.0,1.0,7.0,1.0,4.0,2.8658571,0.0,0.0,0.0,1.0,0.0,0.0,-1.7598355,-0.17651792,0.0675266,1.2163122
CH145,0.0,0.0,1.0,,6-7,14.0,12.0,0.34285715,0.46666667,0.33091712,0.29629943,-0.22205375,-0.0657545,1.0,4.0,3.0,2.0,2.0,0.0,0.0,1.0,,4-7,23.0,19.0,0.5588235,0.76666665,0.89230335,0.74996793,1.2959017,1.0825006,1.0,Chhatarpur,12.0,1.0,7.0,1.0,4.0,2.3849266,0.0,0.0,0.0,1.0,0.0,0.0,0.29629943,0.74996793,-0.0657545,1.0825006
CH147,0.0,0.0,1.0,,6-7,19.0,11.0,0.31428573,0.6333333,-0.021313692,0.06507236,1.0153916,0.9178383,1.0,3.0,5.0,2.0,3.0,0.0,0.0,1.0,,4-7,25.0,24.0,0.7058824,0.8333333,1.7483671,1.3616687,1.8842167,1.7424223,1.0,Chhatarpur,12.0,1.0,7.0,1.0,1.0,1.7218354,0.0,0.0,0.0,1.0,0.0,0.0,0.06507236,1.3616687,0.9178383,1.7424223
CH148,0.0,0.0,1.0,,6-7,13.0,15.0,0.42857143,0.43333334,0.3902255,0.42965528,-0.0067889006,0.06271224,1.0,5.0,4.0,3.0,2.0,0.0,0.0,1.0,,4-7,22.0,16.0,0.47058824,0.73333335,0.43883467,0.42241037,1.191973,1.0059932,1.0,Chhatarpur,,1.0,6.0,1.0,1.0,2.193387,0.0,0.0,1.0,0.0,0.0,0.0,0.42965528,0.42241037,0.06271224,1.0059932
CH149,0.0,0.0,0.0,,6-7,9.0,7.0,0.2,0.3,-0.51084423,-0.25696743,-1.0370561,-0.8104988,0.0,2.0,2.0,1.0,1.0,1.0,0.0,0.0,5.0,4-7,15.0,20.0,0.5882353,0.5,1.1345558,0.911726,-0.111734934,-0.002139464,1.0,Chhatarpur,12.0,1.0,6.0,1.0,2.0,-1.2054161,0.0,0.0,1.0,0.0,0.0,0.0,-0.25696743,0.911726,-0.8104988,-0.002139464
CH150,0.0,0.0,1.0,,8-9,14.0,15.0,0.42857143,0.46666667,1.4408497,1.2550337,0.8037937,0.71070105,1.0,5.0,4.0,3.0,3.0,0.0,0.0,1.0,,8-9,22.0,28.0,0.8,0.73333335,2.566309,1.9574558,1.3588423,1.2239181,1.0,Chhatarpur,13.0,1.0,8.0,0.0,5.0,-0.58144826,0.0,0.0,0.0,0.0,1.0,0.0,1.2550337,1.9574558,0.71070105,1.2239181
CH153,0.0,0.0,0.0,,6-7,13.0,10.0,0.2857143,0.43333334,-1.1159483,-0.8539883,-0.4265764,-0.23124547,0.0,1.0,2.0,1.0,1.0,,,,,,,,,,,,,,,Chhatarpur,11.0,1.0,,1.0,3.0,2.9234054,,,,,,,-0.8539883,,-0.23124547,
CH156,1.0,0.0,0.0,2.0,8-9,15.0,20.0,0.5714286,0.5,2.3644993,1.8533044,0.82927966,0.756785,1.0,5.0,4.0,3.0,3.0,1.0,0.0,0.0,5.0,8-9,24.0,24.0,0.6857143,0.8,2.1770523,1.7100646,1.8823742,1.6845249,1.0,Chhatarpur,13.0,1.0,8.0,1.0,5.0,2.353202,0.0,0.0,0.0,0.0,1.0,0.0,1.8533044,1.7100646,0.756785,1.6845249
CH157,0.0,0.0,0.0,,8-9,13.0,7.0,0.2,0.43333334,-0.42897412,-0.27506432,0.29212528,0.43145654,0.0,2.0,3.0,1.0,2.0,,,,,,,,,,,,,,,Chhatarpur,13.0,1.0,8.0,1.0,4.0,4.6786532,0.0,0.0,0.0,0.0,1.0,0.0,-0.27506432,,0.43145654,
CH158,0.0,1.0,0.0,,8-9,6.0,9.0,0.25714287,0.2,-1.3455247,-0.9895187,-0.83600384,-0.61953497,1.0,1.0,1.0,1.0,1.0,0.0,0.0,1.0,,8-9,18.0,14.0,0.4,0.6,0.107613,0.18123184,0.86807936,0.732621,1.0,Chhatarpur,13.0,1.0,8.0,0.0,4.0,-0.5447939,0.0,0.0,0.0,0.0,1.0,0.0,-0.9895187,0.18123184,-0.61953497,0.732621
CH159,1.0,0.0,0.0,2.0,8-9,11.0,16.0,0.45714286,0.36666667,1.2102715,1.0788287,0.045051083,0.25107694,1.0,5.0,3.0,3.0,2.0,0.0,0.0,1.0,,8-9,22.0,17.0,0.4857143,0.73333335,0.8848234,0.73068434,1.4619796,1.2662592,1.0,Chhatarpur,15.0,1.0,8.0,1.0,5.0,4.0461054,0.0,0.0,0.0,0.0,1.0,0.0,1.0788287,0.73068434,0.25107694,1.2662592
CH163,0.0,0.0,1.0,,8-9,10.0,9.0,0.25714287,0.33333334,0.47659943,0.5019093,0.034778036,0.18806131,1.0,3.0,3.0,2.0,2.0,,,,,,,,,,,,,,,Chhatarpur,13.0,1.0,8.0,0.0,5.0,-1.1279045,0.0,0.0,0.0,0.0,1.0,0.0,0.5019093,,0.18806131,
CH164,0.0,0.0,1.0,,6-7,16.0,16.0,0.45714286,0.53333336,1.0198287,0.89410716,0.4178853,0.41701186,1.0,5.0,4.0,3.0,3.0,1.0,1.0,1.0,5.0,4-7,25.0,20.0,0.5882353,0.8333333,1.1992979,1.0061945,1.8597549,1.6561052,1.0,Chhatarpur,,1.0,7.0,0.0,5.0,1.2895874,0.0,0.0,0.0,1.0,0.0,0.0,0.89410716,1.0061945,0.41701186,1.6561052
CH165,0.0,0.0,0.0,,8-9,16.0,13.0,0.37142858,0.53333336,-0.6239672,-0.5354989,1.1239638,0.93533415,0.0,1.0,4.0,1.0,3.0,1.0,0.0,0.0,5.0,8-9,23.0,22.0,0.62857145,0.76666665,1.3580735,1.0642078,1.620823,1.3708416,1.0,Chhatarpur,14.0,1.0,9.0,1.0,3.0,1.4008003,0.0,0.0,0.0,0.0,0.0,1.0,-0.5354989,1.0642078,0.93533415,1.3708416
CH166,0.0,0.0,0.0,,8-9,14.0,8.0,0.22857143,0.46666667,0.2049421,0.29664728,0.31242833,0.41701186,0.0,3.0,3.0,2.0,2.0,0.0,0.0,1.0,,8-9,19.0,19.0,0.54285717,0.6333333,0.7354382,0.699163,0.5831041,0.5352039,1.0,Chhatarpur,15.0,1.0,9.0,0.0,3.0,-0.109896645,0.0,0.0,0.0,0.0,0.0,1.0,0.29664728,0.699163,0.41701186,0.5352039
CH167,0.0,0.0,0.0,,8-9,12.0,8.0,0.22857143,0.4,-1.6430554,-1.7465769,0.2822456,0.36840573,0.0,1.0,3.0,1.0,2.0,0.0,0.0,0.0,,8-9,15.0,15.0,0.42857143,0.5,0.67927253,0.57235295,0.21767001,0.21970414,0.0,Chhatarpur,13.0,1.0,8.0,1.0,3.0,-0.946544,0.0,0.0,0.0,0.0,1.0,0.0,-1.7465769,0.57235295,0.36840573,0.21970414
CH168,0.0,0.0,0.0,,8-9,10.0,10.0,0.2857143,0.33333334,-0.5505988,-0.42631984,-0.038286284,0.11212703,0.0,1.0,3.0,1.0,2.0,0.0,0.0,0.0,,8-9,22.0,16.0,0.45714286,0.73333335,-0.063719206,0.05189304,1.454146,1.277159,0.0,Chhatarpur,13.0,1.0,8.0,1.0,3.0,-0.5322324,0.0,0.0,0.0,0.0,1.0,0.0,-0.42631984,0.05189304,0.11212703,1.277159
CH169,0.0,0.0,0.0,,8-9,12.0,9.0,0.25714287,0.4,-1.721763,-2.760588,-0.10999526,0.029911708,0.0,1.0,2.0,1.0,2.0,,,,,,,,,,,,,,,Chhatarpur,12.0,1.0,8.0,1.0,3.0,-2.1874192,0.0,0.0,0.0,0.0,1.0,0.0,-2.760588,,0.029911708,
CH170,0.0,0.0,0.0,,8-9,7.0,11.0,0.31428573,0.23333333,0.113604434,0.20450759,-0.7860742,-0.6388902,0.0,3.0,1.0,2.0,1.0,0.0,0.0,0.0,,8-9,13.0,12.0,0.34285715,0.43333334,-0.27973706,-0.102071635,-0.18675937,-0.0918348,0.0,Chhatarpur,12.0,1.0,8.0,0.0,3.0,0.13085064,0.0,0.0,0.0,0.0,1.0,0.0,0.20450759,-0.102071635,-0.6388902,-0.0918348
CH173,1.0,0.0,0.0,2.0,8-9,21.0,13.0,0.37142858,0.7,1.4202368,1.181347,2.0675557,1.7711146,1.0,4.0,5.0,3.0,3.0,1.0,0.0,0.0,5.0,8-9,24.0,22.0,0.62857145,0.8,1.8169562,1.3963238,1.8639487,1.6714531,1.0,Chhatarpur,13.0,1.0,9.0,1.0,1.0,-2.106704,0.0,0.0,0.0,0.0,0.0,1.0,1.181347,1.3963238,1.7711146,1.6714531
CH175,1.0,0.0,0.0,4.0,8-9,17.0,18.0,0.51428574,0.56666666,1.0724273,1.0442578,1.3853613,1.2217782,1.0,4.0,5.0,3.0,3.0,1.0,0.0,0.0,5.0,8-9,24.0,26.0,0.74285716,0.8,2.3601682,1.8265364,1.733987,1.5556101,1.0,Chhatarpur,15.0,1.0,9.0,0.0,1.0,2.8873222,0.0,0.0,0.0,0.0,0.0,1.0,1.0442578,1.8265364,1.2217782,1.5556101
CH176,0.0,0.0,0.0,,8-9,12.0,9.0,0.25714287,0.4,-0.28922328,-0.16888154,0.5017008,0.52284133,0.0,2.0,3.0,1.0,2.0,0.0,0.0,0.0,,8-9,22.0,17.0,0.4857143,0.73333335,0.8083448,0.71915364,1.2354877,1.0736525,0.0,Chhatarpur,14.0,1.0,9.0,0.0,1.0,0.5956523,0.0,0.0,0.0,0.0,0.0,1.0,-0.16888154,0.71915364,0.52284133,1.0736525
CH180,0.0,0.0,1.0,,6-7,10.0,13.0,0.37142858,0.33333334,0.5235474,0.49130893,-0.5262763,-0.36026683,1.0,5.0,3.0,3.0,2.0,0.0,0.0,0.0,,4-7,15.0,25.0,0.7352941,0.5,2.1188056,1.6226258,0.13816786,0.15158576,0.0,Chhatarpur,11.0,1.0,6.0,1.0,4.0,1.4008003,0.0,0.0,1.0,0.0,0.0,0.0,0.49130893,1.6226258,-0.36026683,0.15158576
CH181,0.0,0.0,1.0,,6-7,17.0,10.0,0.2857143,0.56666666,-0.22197208,-0.10220351,0.59422266,0.5927863,1.0,3.0,5.0,2.0,3.0,1.0,0.0,0.0,5.0,4-7,24.0,23.0,0.6764706,0.8,1.6408099,1.3059081,1.5145996,1.3391359,1.0,Chhatarpur,12.0,1.0,6.0,0.0,4.0,2.8247538,0.0,0.0,1.0,0.0,0.0,0.0,-0.10220351,1.3059081,0.5927863,1.3391359
CH182,0.0,0.0,1.0,,6-7,9.0,10.0,0.2857143,0.3,-0.5355468,-0.32438803,-1.0629424,-0.766675,1.0,2.0,2.0,1.0,1.0,1.0,0.0,0.0,2.0,4-7,19.0,12.0,0.3529412,0.6333333,-0.33616406,-0.14908905,0.5434249,0.49640763,1.0,Chhatarpur,11.0,1.0,6.0,0.0,3.0,2.430389,0.0,0.0,1.0,0.0,0.0,0.0,-0.32438803,-0.14908905,-0.766675,0.49640763
CH192,0.0,0.0,0.0,,8-9,16.0,6.0,0.17142858,0.53333336,0.07542799,0.12936316,0.8436458,0.7522407,0.0,2.0,4.0,2.0,3.0,0.0,1.0,0.0,,8-9,18.0,8.0,0.22857143,0.6,-0.6013431,-0.28444645,0.45915157,0.38422254,1.0,Chhatarpur,11.0,1.0,8.0,0.0,4.0,2.2085764,0.0,0.0,0.0,0.0,1.0,0.0,0.12936316,-0.28444645,0.7522407,0.38422254
CH193,0.0,0.0,0.0,,8-9,16.0,14.0,0.4,0.53333336,0.6206239,0.54363465,0.8918708,0.83481026,0.0,4.0,4.0,2.0,3.0,,,,,,,,,,,,,,,Chhatarpur,13.0,1.0,8.0,0.0,4.0,3.9486349,0.0,0.0,0.0,0.0,1.0,0.0,0.54363465,,0.83481026,
CH194,0.0,0.0,0.0,,8-9,16.0,16.0,0.45714286,0.53333336,1.2269377,1.0584506,0.68693215,0.7002156,0.0,5.0,4.0,3.0,3.0,0.0,0.0,1.0,,8-9,16.0,11.0,0.31428573,0.53333336,-0.49172863,-0.23364072,0.17850798,0.23706919,1.0,Chhatarpur,12.0,1.0,8.0,0.0,4.0,2.0947354,0.0,0.0,0.0,0.0,1.0,0.0,1.0584506,-0.23364072,0.7002156,0.23706919
CH195,0.0,0.0,0.0,,8-9,9.0,13.0,0.37142858,0.3,0.53790873,0.5628487,-0.15366812,-0.02162774,0.0,3.0,2.0,2.0,1.0,1.0,0.0,0.0,2.0,8-9,24.0,16.0,0.45714286,0.8,0.7635559,0.70352,1.8069315,1.6385452,1.0,Chhatarpur,12.0,1.0,9.0,1.0,4.0,0.6448682,0.0,0.0,0.0,0.0,0.0,1.0,0.5628487,0.70352,-0.02162774,1.6385452
CH196,0.0,0.0,1.0,,6-7,15.0,12.0,0.34285715,0.5,0.17601046,0.23395395,0.2846296,0.3038129,1.0,4.0,4.0,2.0,3.0,1.0,0.0,1.0,2.0,4-7,19.0,24.0,0.7058824,0.6333333,1.78904,1.3574461,1.0373359,0.92339563,1.0,Chhatarpur,11.0,1.0,6.0,1.0,5.0,1.3882389,0.0,0.0,1.0,0.0,0.0,0.0,0.23395395,1.3574461,0.3038129,0.92339563
CH197,0.0,0.0,1.0,,6-7,15.0,14.0,0.4,0.5,0.28317156,0.3287404,0.34739828,0.3454984,1.0,4.0,4.0,3.0,3.0,,,,,,,,,,,,,,,Chhatarpur,13.0,1.0,6.0,0.0,5.0,2.5810485,0.0,0.0,1.0,0.0,0.0,0.0,0.3287404,,0.3454984,
CH199,0.0,1.0,0.0,,6-7,8.0,16.0,0.45714286,0.26666668,-0.14471193,-0.07799665,-1.5166156,-1.2332447,1.0,3.0,1.0,2.0,1.0,,,,,,,,,,,,,,,Chhatarpur,11.0,1.0,7.0,1.0,5.0,2.8658571,0.0,0.0,0.0,1.0,0.0,0.0,-0.07799665,,-1.2332447,
CH200,0.0,0.0,1.0,,6-7,11.0,8.0,0.22857143,0.36666667,-1.2423111,-0.7990447,-0.4354783,-0.31418294,1.0,1.0,2.0,1.0,1.0,1.0,0.0,0.0,2.0,4-7,21.0,14.0,0.4117647,0.7,0.22592086,0.2911276,1.092809,0.96565175,1.0,Chhatarpur,12.0,1.0,7.0,1.0,3.0,0.9176349,0.0,0.0,0.0,1.0,0.0,0.0,-0.7990447,0.2911276,-0.31418294,0.96565175
CH201,0.0,0.0,0.0,,6-7,20.0,8.0,0.22857143,0.6666667,-0.52677494,-0.30517074,0.94857717,0.8320765,0.0,3.0,4.0,2.0,3.0,0.0,0.0,1.0,,4-7,19.0,12.0,0.3529412,0.6333333,0.19176318,0.2926945,0.48455158,0.46743727,1.0,Chhatarpur,13.0,1.0,,0.0,3.0,1.6231838,,,,,,,-0.30517074,0.2926945,0.8320765,0.46743727
CH204,0.0,0.0,0.0,,8-9,6.0,12.0,0.34285715,0.2,0.4543955,0.439306,-0.7170601,-0.5494578,0.0,3.0,1.0,2.0,1.0,0.0,0.0,1.0,,8-9,16.0,24.0,0.6857143,0.53333336,1.6325955,1.2648866,0.12198306,0.20094068,1.0,Chhatarpur,14.0,1.0,8.0,0.0,5.0,2.0947354,0.0,0.0,0.0,0.0,1.0,0.0,0.439306,1.2648866,-0.5494578,0.20094068
CH205,0.0,0.0,1.0,,8-9,18.0,12.0,0.34285715,0.6,0.5428535,0.48549506,0.8823529,0.7955652,1.0,3.0,4.0,2.0,3.0,1.0,0.0,0.0,1.0,8-9,14.0,20.0,0.5714286,0.46666667,1.3153667,1.0315565,-0.011698217,0.039106853,1.0,Chhatarpur,13.0,1.0,8.0,0.0,5.0,2.3943055,0.0,0.0,0.0,0.0,1.0,0.0,0.48549506,1.0315565,0.7955652,0.039106853
CH206,0.0,0.0,1.0,,8-9,8.0,15.0,0.42857143,0.26666668,0.9956924,1.0358479,-0.48234117,-0.4056495,1.0,5.0,2.0,3.0,1.0,1.0,0.0,0.0,3.0,8-9,12.0,18.0,0.51428574,0.4,0.8475045,0.69640374,-0.33742654,-0.24006714,1.0,Chhatarpur,13.0,1.0,8.0,0.0,5.0,2.8658571,0.0,0.0,0.0,0.0,1.0,0.0,1.0358479,0.69640374,-0.4056495,-0.24006714
CH208,0.0,1.0,0.0,,6-7,13.0,14.0,0.4,0.43333334,-0.17628707,-0.029462444,-0.10509499,-0.011883602,1.0,4.0,3.0,3.0,2.0,0.0,1.0,0.0,,4-7,16.0,18.0,0.5294118,0.53333336,0.666009,0.6105893,0.24211767,0.23553063,1.0,Chhatarpur,11.0,1.0,,0.0,5.0,0.17331654,,,,,,,-0.029462446,0.6105893,-0.011883602,0.23553063
CH210,1.0,0.0,0.0,5.0,8-9,12.0,12.0,0.34285715,0.4,0.04319071,0.07339072,0.39975262,0.42762238,1.0,2.0,3.0,2.0,2.0,1.0,0.0,0.0,2.0,8-9,16.0,12.0,0.34285715,0.53333336,-0.3842138,-0.18580867,0.19395518,0.18149154,1.0,Chhatarpur,16.0,1.0,8.0,0.0,3.0,0.5138909,0.0,0.0,0.0,0.0,1.0,0.0,0.07339072,-0.18580867,0.42762238,0.18149154
CH211,1.0,0.0,0.0,1.0,6-7,8.0,10.0,0.2857143,0.26666668,-1.1299126,-0.7991095,-1.3782098,-1.1334068,1.0,1.0,1.0,1.0,1.0,0.0,0.0,1.0,,4-7,11.0,17.0,0.5,0.36666667,0.5260055,0.46167165,-0.78578144,-0.5654365,1.0,Chhatarpur,,1.0,7.0,1.0,3.0,-2.106704,0.0,0.0,0.0,1.0,0.0,0.0,-0.7991095,0.46167165,-1.1334068,-0.5654365
CH212,1.0,0.0,0.0,5.0,6-7,19.0,17.0,0.4857143,0.6333333,1.3540946,1.1567146,0.6908162,0.64465517,1.0,5.0,5.0,3.0,3.0,0.0,0.0,1.0,,4-7,24.0,26.0,0.7647059,0.8,2.153318,1.6686224,1.667757,1.4636908,1.0,Chhatarpur,11.0,1.0,6.0,0.0,4.0,1.4008003,0.0,0.0,1.0,0.0,0.0,0.0,1.1567146,1.6686224,0.64465517,1.4636908
CH213,1.0,0.0,0.0,5.0,8-9,13.0,6.0,0.17142858,0.43333334,-0.8693448,-0.6128097,0.009557761,0.12757108,1.0,1.0,3.0,1.0,2.0,1.0,0.0,1.0,5.0,8-9,16.0,20.0,0.5714286,0.53333336,1.39566,1.1243294,0.16129336,0.174267,1.0,Chhatarpur,13.0,1.0,8.0,1.0,4.0,-1.4095945,0.0,0.0,0.0,0.0,1.0,0.0,-0.6128097,1.1243294,0.12757108,0.174267
CH214,0.0,0.0,1.0,,6-7,16.0,9.0,0.25714287,0.53333336,-1.3879402,-0.97136605,0.3717267,0.404029,1.0,1.0,5.0,1.0,3.0,0.0,0.0,0.0,,4-7,19.0,18.0,0.5294118,0.6333333,-0.3112935,-0.13060471,0.82969564,0.7285256,0.0,Chhatarpur,11.0,1.0,6.0,0.0,5.0,2.1719222,0.0,0.0,1.0,0.0,0.0,0.0,-0.97136605,-0.13060471,0.404029,0.7285256
CH215,0.0,0.0,1.0,,8-9,13.0,11.0,0.31428573,0.43333334,0.22127855,0.24861768,0.44340062,0.50514835,1.0,3.0,4.0,2.0,2.0,1.0,0.0,0.0,5.0,8-9,22.0,23.0,0.6571429,0.73333335,1.3574413,1.0932765,1.6189804,1.4477577,1.0,Chhatarpur,12.0,1.0,8.0,0.0,5.0,2.1719222,0.0,0.0,0.0,0.0,1.0,0.0,0.24861768,1.0932765,0.50514835,1.4477577
CH216,1.0,0.0,0.0,5.0,8-9,7.0,9.0,0.25714287,0.23333333,-0.4772056,-0.30374542,-1.9314147,-2.8024302,1.0,1.0,1.0,1.0,1.0,0.0,0.0,1.0,,8-9,6.0,13.0,0.37142858,0.2,-0.34947,-0.15042302,-1.8289443,-1.6065645,1.0,Chhatarpur,13.0,1.0,8.0,0.0,3.0,0.22369985,0.0,0.0,0.0,0.0,1.0,0.0,-0.30374542,-0.15042302,-2.8024302,-1.6065645
CH217,0.0,0.0,1.0,,8-9,10.0,9.0,0.25714287,0.33333334,-0.7952919,-0.5662307,-0.68846333,-0.5002321,1.0,1.0,1.0,1.0,1.0,0.0,0.0,0.0,,8-9,10.0,6.0,0.17142858,0.33333334,-1.3575473,-0.99517316,-1.3832176,-1.016602,0.0,Chhatarpur,16.0,1.0,9.0,0.0,3.0,0.92924875,0.0,0.0,0.0,0.0,0.0,1.0,-0.5662307,-0.99517316,-0.5002321,-1.016602
CH220,0.0,0.0,1.0,,6-7,12.0,6.0,0.17142858,0.4,-1.715901,-1.3405355,-0.38171324,-0.24583684,1.0,1.0,3.0,1.0,2.0,0.0,1.0,0.0,,4-7,15.0,14.0,0.4117647,0.5,-0.2584944,-0.09848802,-0.12478196,-0.04091968,1.0,Chhatarpur,13.0,1.0,6.0,0.0,5.0,1.6231838,0.0,0.0,1.0,0.0,0.0,0.0,-1.3405355,-0.09848802,-0.24583684,-0.04091968
CH221,0.0,0.0,1.0,,6-7,8.0,11.0,0.31428573,0.26666668,-0.4183068,-0.22936542,-0.98584914,-0.770538,1.0,2.0,1.0,2.0,1.0,1.0,0.0,0.0,2.0,4-7,19.0,21.0,0.61764705,0.6333333,1.1622404,0.92024255,0.6048382,0.5529618,1.0,Chhatarpur,13.0,1.0,7.0,1.0,5.0,-0.8053959,0.0,0.0,0.0,1.0,0.0,0.0,-0.22936542,0.92024255,-0.770538,0.5529618
GP001,0.0,0.0,0.0,,8-9,19.0,14.0,0.4,0.6333333,1.1074263,1.029983,1.7443979,1.4570948,0.0,5.0,5.0,3.0,3.0,0.0,0.0,1.0,,8-9,25.0,26.0,0.74285716,0.8333333,2.1409967,1.7246903,2.0467,1.8563018,1.0,Govindpuri,,0.0,8.0,0.0,9.0,2.8658571,0.0,0.0,0.0,0.0,1.0,0.0,1.029983,1.7246903,1.4570948,1.8563018
GP002,0.0,0.0,0.0,,8-9,19.0,13.0,0.37142858,0.6333333,0.5457558,0.5805937,1.7514291,1.4570948,0.0,4.0,5.0,3.0,3.0,1.0,1.0,0.0,4.0,8-9,9.0,21.0,0.6,0.3,0.6450576,0.5994049,-1.2456256,-0.8729645,1.0,Govindpuri,,0.0,8.0,1.0,9.0,-0.7830804,0.0,0.0,0.0,0.0,1.0,0.0,0.5805937,0.5994049,1.4570948,-0.8729645
GP004,1.0,1.0,0.0,2.0,4-5,5.0,7.0,0.2,0.16666667,-2.167188,-2.6531522,-2.4533076,-3.8187048,1.0,1.0,1.0,1.0,1.0,,,,,,,,,,,,,,,Govindpuri,10.0,1.0,5.0,1.0,9.0,1.325412,0.0,1.0,0.0,0.0,0.0,0.0,-2.6531522,,-3.8187048,
GP005,0.0,0.0,0.0,,4-5,10.0,11.0,0.31428573,0.33333334,-0.76485926,-0.49976787,-1.55315,-2.05991,0.0,3.0,1.0,2.0,1.0,1.0,1.0,0.0,1.0,4-7,16.0,14.0,0.4117647,0.53333336,-0.09452148,0.06838174,0.25514752,0.2721873,1.0,Govindpuri,,1.0,4.0,1.0,7.0,0.6314769,1.0,0.0,0.0,0.0,0.0,0.0,-0.49976787,0.06838174,-2.05991,0.2721873
GP006,0.0,0.0,0.0,,4-5,10.0,6.0,0.17142858,0.33333334,-1.9963685,-1.9766891,-1.2993875,-1.1052675,0.0,2.0,2.0,1.0,1.0,0.0,1.0,1.0,,4-7,15.0,10.0,0.29411766,0.5,-1.0326357,-0.7097859,-0.0705139,0.007504499,1.0,Govindpuri,9.0,1.0,5.0,0.0,9.0,0.69525146,0.0,1.0,0.0,0.0,0.0,0.0,-1.9766891,-0.7097859,-1.1052675,0.007504499
GP007,1.0,0.0,0.0,5.0,6-7,9.0,14.0,0.4,0.3,0.3892953,0.42176,-0.9540342,-0.699144,1.0,5.0,2.0,3.0,1.0,1.0,0.0,0.0,1.0,4-7,11.0,13.0,0.38235295,0.36666667,-0.18312483,-0.03117742,-0.4447803,-0.26758528,1.0,Govindpuri,,0.0,6.0,1.0,11.0,0.41429174,0.0,0.0,1.0,0.0,0.0,0.0,0.42176,-0.031177422,-0.699144,-0.26758528
GP008,1.0,0.0,0.0,5.0,8-9,10.0,10.0,0.2857143,0.33333334,0.110003844,0.14902374,-0.62543464,-0.6168661,1.0,2.0,1.0,2.0,1.0,0.0,1.0,0.0,,8-9,13.0,18.0,0.51428574,0.43333334,1.025642,0.8558045,-0.6064836,-0.4068244,1.0,Govindpuri,,0.0,8.0,0.0,11.0,-1.4011551,0.0,0.0,0.0,0.0,1.0,0.0,0.14902374,0.8558045,-0.6168661,-0.4068244
GP009,0.0,0.0,1.0,,4-5,15.0,13.0,0.37142858,0.5,-0.24699697,-0.10716232,-0.42497465,-0.23512937,1.0,3.0,3.0,2.0,2.0,1.0,0.0,0.0,,4-7,20.0,21.0,0.61764705,0.6666667,0.98202306,0.80185276,0.93535495,0.8042402,1.0,Govindpuri,,0.0,5.0,0.0,11.0,0.69525146,0.0,1.0,0.0,0.0,0.0,0.0,-0.10716232,0.80185276,-0.23512937,0.8042402
GP010,0.0,0.0,1.0,,4-5,26.0,20.0,0.5714286,0.8666667,0.8909592,0.77784985,2.0325248,1.7863984,1.0,5.0,5.0,3.0,3.0,1.0,0.0,0.0,2.0,4-7,23.0,21.0,0.61764705,0.76666665,1.1517609,0.9159924,1.342734,1.2429688,1.0,Govindpuri,,0.0,5.0,1.0,8.0,1.6231838,0.0,1.0,0.0,0.0,0.0,0.0,0.77784985,0.9159924,1.7863984,1.2429688
GP011,0.0,0.0,1.0,,6-7,12.0,6.0,0.17142858,0.4,-1.4696348,-1.0620891,-0.73177224,-0.58227193,1.0,1.0,2.0,1.0,1.0,0.0,0.0,0.0,,4-7,15.0,10.0,0.29411766,0.5,-0.6381181,-0.35912246,0.14007111,0.18707532,0.0,Govindpuri,,1.0,7.0,1.0,10.0,-1.2528337,0.0,0.0,0.0,1.0,0.0,0.0,-1.0620891,-0.35912246,-0.58227193,0.18707532
GP012,0.0,0.0,0.0,,6-7,15.0,10.0,0.2857143,0.5,0.09194988,0.11591287,0.22565751,0.22400557,0.0,4.0,4.0,3.0,3.0,0.0,0.0,0.0,,4-7,21.0,23.0,0.6764706,0.7,1.7546147,1.3246838,1.1016396,0.9374075,0.0,Govindpuri,,1.0,5.0,1.0,10.0,-1.1279045,0.0,1.0,0.0,0.0,0.0,0.0,0.11591287,1.3246838,0.22400557,0.9374075
GP013,1.0,0.0,1.0,3.0,6-7,18.0,21.0,0.6,0.6,2.116777,1.5838289,1.0081469,0.8613899,1.0,5.0,5.0,3.0,3.0,,,,,,,,,,,,,,,Govindpuri,12.0,1.0,7.0,0.0,11.0,-0.8658289,0.0,0.0,0.0,1.0,0.0,0.0,1.5838289,,0.8613899,
GP014,0.0,0.0,1.0,,6-7,16.0,11.0,0.31428573,0.53333336,-1.0429906,-0.66156477,0.22345573,0.27670914,1.0,1.0,3.0,1.0,2.0,,,,,,,,,,,,,,,Govindpuri,12.0,1.0,7.0,0.0,9.0,2.4621131,0.0,0.0,0.0,1.0,0.0,0.0,-0.66156477,,0.27670914,
GP015,1.0,0.0,0.0,3.0,8-9,7.0,10.0,0.2857143,0.23333333,0.49601468,0.52353644,-0.7376379,-0.61107075,1.0,4.0,1.0,2.0,1.0,,,,,,,,,,,,,,,Govindpuri,,0.0,8.0,1.0,11.0,0.22369985,0.0,0.0,0.0,0.0,1.0,0.0,0.52353644,,-0.61107075,
GP016,1.0,0.0,0.0,3.0,6-7,18.0,9.0,0.25714287,0.6,-0.047479857,0.0057096244,0.77438074,0.6628475,1.0,3.0,4.0,2.0,3.0,,,,,,,,,,,,,,,Govindpuri,13.0,1.0,7.0,1.0,11.0,-2.0105643,0.0,0.0,0.0,1.0,0.0,0.0,0.005709623,,0.6628475,
GP017,0.0,0.0,1.0,,6-7,15.0,14.0,0.4,0.5,0.5550292,0.49944854,0.31629544,0.33343485,1.0,4.0,4.0,3.0,2.0,,,,,,,,,,,,,,,Govindpuri,13.0,1.0,7.0,1.0,9.0,2.8873222,0.0,0.0,0.0,1.0,0.0,0.0,0.49944854,,0.33343485,
GP018,0.0,0.0,0.0,,8-9,10.0,11.0,0.31428573,0.33333334,-0.0765086,-0.14431955,-0.25516647,-0.16441737,0.0,2.0,2.0,1.0,1.0,1.0,0.0,0.0,2.0,8-9,11.0,14.0,0.4,0.36666667,0.38302046,0.40135527,-0.66545296,-0.39697447,1.0,Govindpuri,,1.0,8.0,0.0,10.0,1.3052963,0.0,0.0,0.0,0.0,1.0,0.0,-0.14431955,0.40135527,-0.16441737,-0.39697447
GP019,0.0,0.0,0.0,,8-9,18.0,7.0,0.2,0.6,-1.7792255,-1.5393175,1.3511443,1.1408468,0.0,1.0,5.0,1.0,3.0,0.0,1.0,0.0,,8-9,17.0,21.0,0.6,0.56666666,1.2636929,1.0193487,0.5286992,0.5130315,1.0,Govindpuri,,1.0,8.0,1.0,10.0,1.3052963,0.0,0.0,0.0,0.0,1.0,0.0,-1.5393175,1.0193487,1.1408468,0.5130315
GP021,0.0,0.0,0.0,,6-7,11.0,12.0,0.34285715,0.36666667,-0.41051692,-0.1566996,-1.2176936,-1.103921,0.0,3.0,1.0,2.0,1.0,0.0,1.0,0.0,,4-7,4.0,8.0,0.23529412,0.13333334,-0.91425073,-0.50746906,-1.8207715,-1.9263307,1.0,Govindpuri,,0.0,7.0,0.0,11.0,-2.2013514,0.0,0.0,0.0,1.0,0.0,0.0,-0.1566996,-0.50746906,-1.103921,-1.9263307
GP022,0.0,0.0,0.0,,6-7,17.0,8.0,0.22857143,0.56666666,-2.142097,-2.4820364,0.39223096,0.38226536,0.0,1.0,4.0,1.0,3.0,0.0,0.0,1.0,,4-7,24.0,15.0,0.44117647,0.8,-0.34315494,-0.21860811,1.5473247,1.2764298,1.0,Govindpuri,11.0,0.0,7.0,1.0,6.0,-0.13606916,0.0,0.0,0.0,1.0,0.0,0.0,-2.4820364,-0.21860811,0.38226536,1.2764298
GP024,0.0,0.0,0.0,,6-7,15.0,18.0,0.51428574,0.5,1.4465026,1.1061096,0.28691417,0.35868722,0.0,5.0,4.0,3.0,3.0,1.0,0.0,1.0,2.0,4-7,20.0,18.0,0.5294118,0.6666667,0.7980247,0.6789071,1.0765268,0.9486039,1.0,Govindpuri,12.0,0.0,6.0,0.0,6.0,2.0947354,0.0,0.0,1.0,0.0,0.0,0.0,1.1061096,0.6789071,0.35868722,0.9486039
GP025,0.0,0.0,0.0,,6-7,21.0,11.0,0.31428573,0.7,0.10696456,0.10838967,1.425513,1.2340806,0.0,3.0,5.0,2.0,3.0,1.0,1.0,0.0,2.0,4-7,21.0,21.0,0.61764705,0.7,1.2648789,0.96811587,1.0552346,0.8944405,1.0,Govindpuri,11.0,0.0,6.0,0.0,11.0,1.4008003,0.0,0.0,1.0,0.0,0.0,0.0,0.10838967,0.96811587,1.2340806,0.8944405
GP028,0.0,0.0,1.0,,6-7,8.0,5.0,0.14285715,0.26666668,-2.3337011,-3.3459399,-2.0913546,-2.2861621,1.0,1.0,1.0,1.0,1.0,1.0,0.0,0.0,2.0,4-7,8.0,17.0,0.5,0.26666668,0.27849567,0.331008,-1.6386421,-1.3040055,1.0,Govindpuri,11.0,0.0,6.0,1.0,6.0,-0.9738676,0.0,0.0,1.0,0.0,0.0,0.0,-3.3459399,0.331008,-2.2861621,-1.3040055
GP029,1.0,0.0,0.0,5.0,6-7,3.0,5.0,0.14285715,0.1,-1.1501744,-1.297055,-1.9553679,-2.290626,1.0,1.0,1.0,1.0,1.0,,,,,,,,,,,,,,,Govindpuri,,0.0,6.0,0.0,6.0,0.046020906,0.0,0.0,1.0,0.0,0.0,0.0,-1.297055,,-2.290626,
GP030,1.0,0.0,0.0,5.0,6-7,9.0,18.0,0.51428574,0.3,0.9569882,0.8137799,-0.75605196,-0.53819567,1.0,5.0,2.0,3.0,2.0,1.0,0.0,1.0,2.0,4-7,15.0,15.0,0.44117647,0.5,0.25669336,0.28631592,0.028628683,0.088151366,1.0,Govindpuri,,0.0,6.0,0.0,6.0,0.12410065,0.0,0.0,1.0,0.0,0.0,0.0,0.8137799,0.28631592,-0.53819567,0.088151366
GP031,0.0,0.0,1.0,,6-7,11.0,5.0,0.14285715,0.36666667,-2.402203,-3.4588523,-0.6422821,-0.47658265,1.0,1.0,2.0,1.0,2.0,0.0,1.0,0.0,,4-7,12.0,6.0,0.1764706,0.4,-1.8694208,-2.3918715,-0.84872305,-0.6355802,1.0,Govindpuri,11.0,0.0,6.0,1.0,6.0,-2.09886,0.0,0.0,1.0,0.0,0.0,0.0,-3.4588523,-2.3918715,-0.47658265,-0.6355802
GP032,1.0,0.0,0.0,1.0,6-7,11.0,13.0,0.37142858,0.36666667,0.4678954,0.4507857,-0.52235264,-0.32915738,1.0,4.0,2.0,3.0,1.0,0.0,0.0,1.0,,4-7,19.0,18.0,0.5294118,0.6333333,0.73686206,0.6214883,0.44288063,0.4556606,1.0,Govindpuri,,0.0,7.0,1.0,7.0,2.8614082,0.0,0.0,0.0,1.0,0.0,0.0,0.4507857,0.6214883,-0.32915738,0.4556606
GP033,0.0,0.0,1.0,,8-9,7.0,9.0,0.25714287,0.23333333,-0.36843497,-0.23482743,-0.6866219,-0.4816014,1.0,2.0,1.0,1.0,1.0,,,,,,,,,,,,,,,Govindpuri,13.0,0.0,8.0,0.0,6.0,0.12410065,0.0,0.0,0.0,0.0,1.0,0.0,-0.23482743,,-0.4816014,
GP034,0.0,1.0,0.0,,6-7,15.0,7.0,0.2,0.5,-1.6982901,-1.2635242,0.08611399,0.18308498,1.0,1.0,4.0,1.0,3.0,0.0,0.0,1.0,,4-7,19.0,16.0,0.47058824,0.6333333,-0.08737134,0.06772488,0.6991065,0.6355009,1.0,Govindpuri,13.0,0.0,6.0,0.0,6.0,-3.4348102,0.0,0.0,1.0,0.0,0.0,0.0,-1.2635242,0.06772488,0.18308498,0.6355009
GP035,0.0,1.0,0.0,,6-7,14.0,14.0,0.4,0.46666667,0.5631016,0.5821064,0.0726547,0.11545741,1.0,5.0,4.0,3.0,2.0,0.0,0.0,1.0,,4-7,15.0,17.0,0.5,0.5,0.81130445,0.7078276,0.099252924,0.17585179,1.0,Govindpuri,9.0,0.0,6.0,0.0,6.0,-1.8573129,0.0,0.0,1.0,0.0,0.0,0.0,0.5821064,0.7078276,0.11545741,0.17585179
GP036,0.0,1.0,0.0,,6-7,2.0,1.0,0.028571429,0.06666667,-2.4131057,-3.712901,-2.1851096,-2.9794645,1.0,1.0,1.0,1.0,1.0,0.0,0.0,1.0,,4-7,10.0,10.0,0.29411766,0.33333334,-0.73828363,-0.4626778,-1.2931137,-0.9339395,1.0,Govindpuri,11.0,0.0,6.0,1.0,6.0,-1.3516877,0.0,0.0,1.0,0.0,0.0,0.0,-3.712901,-0.4626778,-2.9794645,-0.9339395
GP037,0.0,0.0,1.0,,6-7,6.0,3.0,0.08571429,0.2,-2.3335516,-3.193559,-1.1169978,-0.88420093,1.0,1.0,2.0,1.0,1.0,1.0,1.0,1.0,1.0,4-7,11.0,5.0,0.14705883,0.36666667,-1.5329344,-1.6514937,-0.74682456,-0.50663817,1.0,Govindpuri,12.0,0.0,6.0,0.0,6.0,1.9789478,0.0,0.0,1.0,0.0,0.0,0.0,-3.193559,-1.6514937,-0.88420093,-0.50663817
GP038,0.0,0.0,0.0,,8-9,14.0,12.0,0.34285715,0.46666667,0.5236906,0.5465986,0.7222028,0.7045074,0.0,4.0,4.0,2.0,3.0,1.0,0.0,0.0,2.0,8-9,27.0,24.0,0.6857143,0.9,2.144469,1.6472906,2.5293455,2.289282,1.0,Govindpuri,14.0,1.0,8.0,1.0,9.0,1.4008003,0.0,0.0,0.0,0.0,1.0,0.0,0.5465986,1.6472906,0.7045074,2.289282
GP039,0.0,0.0,1.0,,8-9,22.0,15.0,0.42857143,0.73333335,1.6861377,1.368205,1.733614,1.4575435,1.0,5.0,5.0,3.0,3.0,,,,,,,,,,,,,,,Govindpuri,15.0,1.0,8.0,1.0,11.0,1.9357154,0.0,0.0,0.0,0.0,1.0,0.0,1.368205,,1.4575435,
GP040,0.0,1.0,0.0,,6-7,9.0,7.0,0.2,0.3,-1.706716,-1.5126224,-1.6482052,-1.6248457,1.0,1.0,1.0,1.0,1.0,0.0,0.0,1.0,,4-7,9.0,10.0,0.29411766,0.3,-0.81409883,-0.5134148,-1.5585195,-1.3590417,1.0,Govindpuri,11.0,1.0,6.0,1.0,7.0,0.18029445,0.0,0.0,1.0,0.0,0.0,0.0,-1.5126224,-0.5134148,-1.6248457,-1.3590417
GP041,1.0,0.0,0.0,5.0,6-7,25.0,14.0,0.4,0.8333333,1.031326,0.89917195,2.3237376,1.9763924,1.0,5.0,5.0,3.0,3.0,0.0,0.0,0.0,,4-7,25.0,28.0,0.8235294,0.8333333,2.2012098,1.8156884,1.8459754,1.7760997,0.0,Govindpuri,16.0,0.0,7.0,1.0,7.0,0.18029445,0.0,0.0,0.0,1.0,0.0,0.0,0.89917195,1.8156884,1.9763924,1.7760997
GP042,0.0,1.0,0.0,,6-7,4.0,4.0,0.114285715,0.13333334,-2.0768683,-3.31973,-2.1614504,-2.9760022,1.0,1.0,1.0,1.0,1.0,1.0,1.0,0.0,2.0,4-7,6.0,0.0,0.0,0.2,,,-1.4135461,-1.1226592,1.0,Govindpuri,12.0,0.0,7.0,0.0,6.0,-1.8185799,0.0,0.0,0.0,1.0,0.0,0.0,-3.31973,,-2.9760022,-1.1226592
GP043,0.0,0.0,0.0,,6-7,8.0,17.0,0.4857143,0.26666668,1.0647557,0.98664063,-2.1950233,-3.3458917,0.0,5.0,1.0,3.0,1.0,0.0,1.0,0.0,,4-7,11.0,19.0,0.5588235,0.36666667,1.0506794,0.8762077,-1.0215924,-0.71982163,1.0,Govindpuri,11.0,0.0,7.0,1.0,6.0,-4.2518663,0.0,0.0,0.0,1.0,0.0,0.0,0.98664063,0.8762077,-3.3458917,-0.71982163
GP044,0.0,1.0,0.0,,6-7,17.0,14.0,0.4,0.56666666,0.26859635,0.32413772,0.48712665,0.45489365,1.0,4.0,4.0,2.0,3.0,0.0,0.0,1.0,,4-7,25.0,28.0,0.8235294,0.8333333,2.609496,2.0598278,1.9325298,1.7022612,1.0,Govindpuri,12.0,0.0,7.0,1.0,6.0,-1.3373805,0.0,0.0,0.0,1.0,0.0,0.0,0.32413772,2.0598278,0.45489365,1.7022612
GP047,0.0,0.0,0.0,,6-7,0.0,2.0,0.057142857,0.0,-1.6570696,-1.6109493,,,0.0,1.0,,1.0,,,,,,,,,,,,,,,,Govindpuri,,0.0,7.0,1.0,6.0,0.6448682,0.0,0.0,0.0,1.0,0.0,0.0,-1.6109493,,,
GP048,0.0,0.0,0.0,,6-7,11.0,5.0,0.14285715,0.36666667,-1.2671531,-0.8591655,-0.35589385,-0.24121723,0.0,1.0,2.0,1.0,2.0,,,,,,,,,,,,,,,Govindpuri,13.0,0.0,7.0,1.0,6.0,0.6448682,0.0,0.0,0.0,1.0,0.0,0.0,-0.8591655,,-0.24121723,
GP049,0.0,0.0,0.0,,4-5,11.0,5.0,0.14285715,0.36666667,-1.3163639,-0.8348001,-1.0767106,-0.90362835,0.0,3.0,3.0,2.0,2.0,0.0,0.0,1.0,,4-7,14.0,18.0,0.5294118,0.46666667,0.28853136,0.30415094,-0.08388535,-0.005780488,1.0,Govindpuri,,1.0,5.0,1.0,11.0,1.2895874,0.0,1.0,0.0,0.0,0.0,0.0,-0.8348001,0.30415094,-0.90362835,-0.005780488
GP052,0.0,1.0,0.0,,8-9,12.0,8.0,0.22857143,0.4,0.21469718,0.24476467,-0.29909706,-0.1921479,1.0,3.0,2.0,2.0,1.0,0.0,0.0,1.0,,8-9,16.0,19.0,0.54285717,0.53333336,0.98474497,0.7901142,0.316205,0.28540337,1.0,Govindpuri,14.0,1.0,8.0,1.0,9.0,0.9525119,0.0,0.0,0.0,0.0,1.0,0.0,0.24476467,0.7901142,-0.1921479,0.28540337
GP053,0.0,1.0,0.0,,6-7,13.0,5.0,0.14285715,0.43333334,-2.4275677,-3.4610448,0.026937606,0.07558849,1.0,1.0,4.0,1.0,2.0,0.0,0.0,1.0,,4-7,12.0,10.0,0.29411766,0.4,-0.52474755,-0.27034488,-0.3737462,-0.25237355,1.0,Govindpuri,10.0,1.0,6.0,0.0,7.0,0.22369985,0.0,0.0,1.0,0.0,0.0,0.0,-3.4610448,-0.27034488,0.07558849,-0.25237355
GP054,0.0,1.0,0.0,,6-7,16.0,9.0,0.25714287,0.53333336,-0.29654893,-0.09633866,0.5179367,0.49047604,1.0,3.0,5.0,2.0,3.0,1.0,1.0,0.0,2.0,4-7,19.0,17.0,0.5,0.6333333,0.602102,0.5740995,0.6678578,0.578881,1.0,Govindpuri,,1.0,6.0,1.0,9.0,-0.6318316,0.0,0.0,1.0,0.0,0.0,0.0,-0.09633866,0.5740995,0.49047604,0.578881
GP055,0.0,0.0,1.0,,6-7,14.0,12.0,0.34285715,0.46666667,-0.9139893,-0.5614256,0.08563809,0.16315691,1.0,2.0,3.0,1.0,2.0,0.0,0.0,1.0,,4-7,21.0,22.0,0.64705884,0.7,0.98874754,0.7647619,0.59481275,0.53183454,1.0,Govindpuri,14.0,1.0,7.0,1.0,9.0,-2.106704,0.0,0.0,0.0,1.0,0.0,0.0,-0.5614256,0.7647619,0.16315691,0.53183454
GP056,0.0,0.0,1.0,,6-7,15.0,14.0,0.4,0.5,0.13733369,0.1713053,0.23134363,0.26594707,1.0,4.0,4.0,2.0,3.0,0.0,0.0,1.0,,4-7,21.0,19.0,0.5588235,0.7,0.828247,0.7209002,0.97821504,0.87196594,1.0,Govindpuri,,1.0,6.0,1.0,11.0,2.3849266,0.0,0.0,1.0,0.0,0.0,0.0,0.1713053,0.7209002,0.26594707,0.87196594
GP057,0.0,0.0,1.0,,6-7,12.0,12.0,0.34285715,0.4,0.3185504,0.32756305,-0.53960365,-0.39876977,1.0,4.0,3.0,3.0,2.0,1.0,1.0,1.0,2.0,4-7,17.0,16.0,0.47058824,0.56666666,0.8104905,0.7227122,0.64393187,0.59481883,1.0,Govindpuri,,1.0,6.0,0.0,11.0,0.062103506,0.0,0.0,1.0,0.0,0.0,0.0,0.32756305,0.7227122,-0.39876977,0.59481883
GP058,1.0,0.0,1.0,2.0,6-7,22.0,23.0,0.6571429,0.73333335,2.442485,1.7993236,1.5509531,1.307879,1.0,5.0,5.0,3.0,3.0,1.0,0.0,1.0,2.0,4-7,29.0,32.0,0.9411765,0.96666664,3.6446931,3.149095,2.9203045,3.2096944,1.0,Govindpuri,13.0,1.0,7.0,1.0,8.0,3.658444,0.0,0.0,0.0,1.0,0.0,0.0,1.7993236,3.149095,1.307879,3.2096944
GP059,0.0,0.0,1.0,,6-7,24.0,20.0,0.5714286,0.8,1.7971548,1.406743,1.8975214,1.6609781,1.0,5.0,5.0,3.0,3.0,1.0,0.0,1.0,2.0,4-7,28.0,30.0,0.88235295,0.93333334,2.942199,2.4226067,2.8117864,2.896524,1.0,Govindpuri,12.0,1.0,7.0,1.0,8.0,-1.4454192,0.0,0.0,0.0,1.0,0.0,0.0,1.406743,2.4226067,1.6609781,2.896524
GP060,0.0,0.0,0.0,,8-9,27.0,16.0,0.45714286,0.9,1.4506856,1.2549043,3.1050904,2.8078585,0.0,5.0,5.0,3.0,3.0,,,,,,,,,,,,,,,Govindpuri,13.0,1.0,8.0,0.0,8.0,-0.6318316,0.0,0.0,0.0,0.0,1.0,0.0,1.2549043,,2.8078585,
GP061,1.0,0.0,0.0,5.0,8-9,25.0,12.0,0.34285715,0.8333333,0.62990105,0.5785794,2.8236895,2.6523674,1.0,4.0,5.0,2.0,3.0,1.0,0.0,0.0,2.0,8-9,25.0,26.0,0.74285716,0.8333333,2.2598295,1.7744808,2.1199043,1.9628078,1.0,Govindpuri,14.0,1.0,8.0,1.0,8.0,0.12410065,0.0,0.0,0.0,0.0,1.0,0.0,0.5785794,1.7744808,2.6523674,1.9628078
GP062,0.0,0.0,0.0,,6-7,21.0,10.0,0.2857143,0.7,-0.013608441,0.06878865,1.1426618,1.0332348,0.0,3.0,5.0,2.0,3.0,0.0,0.0,0.0,,4-7,21.0,24.0,0.7058824,0.7,1.7489394,1.387029,1.0602299,0.93875396,0.0,Govindpuri,13.0,1.0,6.0,1.0,7.0,-2.106704,0.0,0.0,1.0,0.0,0.0,0.0,0.06878865,1.387029,1.0332348,0.93875396
GP063,0.0,1.0,0.0,,8-9,5.0,5.0,0.14285715,0.16666667,-2.231894,-3.712901,-0.76358724,-0.55101657,1.0,1.0,1.0,1.0,1.0,1.0,1.0,0.0,4.0,8-9,21.0,14.0,0.4,0.7,-0.6395568,-0.41814867,0.9143408,0.77087146,1.0,Govindpuri,14.0,1.0,8.0,0.0,7.0,-3.458429,0.0,0.0,0.0,0.0,1.0,0.0,-3.712901,-0.41814867,-0.55101657,0.77087146
GP064,1.0,0.0,0.0,5.0,6-7,17.0,19.0,0.54285717,0.56666666,1.5502526,1.2441211,0.6320571,0.5962214,1.0,5.0,4.0,3.0,3.0,0.0,0.0,1.0,,4-7,22.0,27.0,0.7941176,0.73333335,2.3394334,1.8281138,1.3337814,1.1603062,1.0,Govindpuri,,0.0,7.0,0.0,8.0,-0.54562366,0.0,0.0,0.0,1.0,0.0,0.0,1.2441211,1.8281138,0.5962214,1.1603062
GP065,0.0,0.0,1.0,,4-5,16.0,9.0,0.25714287,0.53333336,-1.2246753,-0.88073194,-0.20548324,-0.11652858,1.0,1.0,5.0,1.0,3.0,0.0,0.0,1.0,,4-7,15.0,9.0,0.2647059,0.5,-1.4607983,-1.1880902,-0.19145504,-0.089010455,1.0,Govindpuri,8.0,0.0,4.0,1.0,8.0,2.0786529,1.0,0.0,0.0,0.0,0.0,0.0,-0.88073194,-1.1880902,-0.11652858,-0.089010455
GP066,1.0,0.0,1.0,5.0,6-7,22.0,19.0,0.54285717,0.73333335,1.7067605,1.3272319,1.5729054,1.4110109,1.0,5.0,5.0,3.0,3.0,,,,,4-7,28.0,29.0,0.85294116,0.93333334,2.8041744,2.2127585,2.7511177,2.860891,,Govindpuri,12.0,1.0,7.0,0.0,9.0,0.6448682,0.0,0.0,0.0,1.0,0.0,0.0,1.3272319,2.2127585,1.4110109,2.860891
GP067,0.0,1.0,0.0,,4-5,14.0,12.0,0.34285715,0.46666667,-0.41250947,-0.18814005,-0.45514718,-0.38438997,1.0,4.0,4.0,2.0,2.0,1.0,1.0,1.0,2.0,4-7,12.0,13.0,0.38235295,0.4,0.21564928,0.26655415,-0.19763151,-0.07271438,1.0,Govindpuri,6.0,0.0,4.0,0.0,11.0,1.4008003,1.0,0.0,0.0,0.0,0.0,0.0,-0.18814005,0.26655415,-0.38438997,-0.07271438
GP070,1.0,0.0,0.0,2.0,8-9,17.0,14.0,0.4,0.56666666,0.67081183,0.6108951,1.2944322,1.1197604,1.0,4.0,5.0,3.0,3.0,0.0,0.0,1.0,,8-9,23.0,29.0,0.82857144,0.76666665,2.7818463,2.2903929,1.3101898,1.1210027,1.0,Govindpuri,,1.0,8.0,1.0,9.0,0.17331654,0.0,0.0,0.0,0.0,1.0,0.0,0.6108951,2.2903929,1.1197604,1.1210027
GP071,1.0,1.0,1.0,4.0,8-9,8.0,16.0,0.45714286,0.26666668,-0.15999916,-0.20538755,-0.88257617,-0.96627045,1.0,2.0,1.0,1.0,1.0,0.0,1.0,1.0,,8-9,9.0,11.0,0.31428573,0.3,-0.55037975,-0.30575562,-1.2907172,-1.5279572,1.0,Govindpuri,13.0,0.0,8.0,0.0,10.0,-2.3662722,0.0,0.0,0.0,0.0,1.0,0.0,-0.20538755,-0.30575562,-0.96627045,-1.5279572
GP072,1.0,1.0,1.0,5.0,6-7,21.0,15.0,0.42857143,0.7,0.7270447,0.64484,1.2613624,1.1686013,1.0,5.0,5.0,3.0,3.0,0.0,0.0,1.0,,4-7,19.0,22.0,0.64705884,0.6333333,1.470248,1.1734921,0.6119767,0.5808478,1.0,Govindpuri,,0.0,7.0,0.0,9.0,-0.29125717,0.0,0.0,0.0,1.0,0.0,0.0,0.64484,1.1734921,1.1686013,0.5808478
GP073,1.0,0.0,1.0,5.0,6-7,18.0,10.0,0.2857143,0.6,0.1544144,0.24736059,0.8400082,0.71097916,1.0,3.0,4.0,2.0,3.0,0.0,0.0,1.0,,4-7,19.0,18.0,0.5294118,0.6333333,0.7404029,0.64878523,0.87502337,0.76231825,1.0,Govindpuri,,0.0,7.0,0.0,9.0,1.6231838,0.0,0.0,0.0,1.0,0.0,0.0,0.24736059,0.64878523,0.71097916,0.76231825
GP074,1.0,1.0,1.0,5.0,6-7,25.0,21.0,0.6,0.8333333,1.9908,1.5737414,2.2181473,1.8303022,1.0,5.0,5.0,3.0,3.0,0.0,0.0,1.0,,4-7,24.0,28.0,0.8235294,0.8,2.6513143,2.0902925,1.6441882,1.4005998,1.0,Govindpuri,,0.0,7.0,0.0,9.0,2.4210098,0.0,0.0,0.0,1.0,0.0,0.0,1.5737414,2.0902925,1.8303022,1.4005998
GP075,0.0,0.0,1.0,,8-9,19.0,16.0,0.45714286,0.6333333,1.5603013,1.3681564,1.4541799,1.2537804,1.0,5.0,5.0,3.0,3.0,0.0,0.0,1.0,,8-9,22.0,21.0,0.6,0.73333335,1.5372665,1.1726993,1.2744378,1.1057509,1.0,Govindpuri,,1.0,8.0,0.0,9.0,0.13929015,0.0,0.0,0.0,0.0,1.0,0.0,1.3681564,1.1726993,1.2537804,1.1057509
GP076,0.0,0.0,1.0,,6-7,15.0,14.0,0.4,0.5,0.39195,0.3332526,0.22219138,0.31898052,1.0,4.0,4.0,3.0,3.0,1.0,1.0,0.0,2.0,4-7,15.0,27.0,0.7941176,0.5,2.3700378,1.8446082,-0.078877695,-0.00600169,1.0,Govindpuri,11.0,0.0,6.0,1.0,11.0,-1.254632,0.0,0.0,1.0,0.0,0.0,0.0,0.3332526,1.8446082,0.31898052,-0.00600169
GP077,0.0,0.0,0.0,,6-7,12.0,17.0,0.4857143,0.4,1.1718835,1.0412848,-0.56003785,-0.41210443,0.0,5.0,2.0,3.0,1.0,0.0,1.0,0.0,,4-7,16.0,21.0,0.61764705,0.53333336,1.2838725,1.0393652,0.118708864,0.14877705,1.0,Govindpuri,13.0,0.0,7.0,0.0,6.0,-1.3373805,0.0,0.0,0.0,1.0,0.0,0.0,1.0412848,1.0393652,-0.41210443,0.14877705
GP078,1.0,1.0,0.0,5.0,8-9,10.0,8.0,0.22857143,0.33333334,0.022245593,0.041868594,-0.31364074,-0.15864767,1.0,2.0,2.0,2.0,1.0,1.0,0.0,0.0,2.0,8-9,17.0,21.0,0.6,0.56666666,1.3294655,1.096382,0.5304061,0.5079879,1.0,Govindpuri,14.0,1.0,8.0,0.0,7.0,-1.4256765,0.0,0.0,0.0,0.0,1.0,0.0,0.041868594,1.096382,-0.15864767,0.5079879
GP079,0.0,1.0,0.0,,8-9,12.0,12.0,0.34285715,0.4,0.2309801,0.2551652,0.11125356,0.22868745,1.0,3.0,3.0,2.0,2.0,0.0,0.0,1.0,,8-9,8.0,13.0,0.37142858,0.26666668,-0.2853775,-0.10015203,-1.3787186,-1.0150874,1.0,Govindpuri,12.0,1.0,8.0,0.0,8.0,-2.462592,0.0,0.0,0.0,0.0,1.0,0.0,0.2551652,-0.10015203,0.22868745,-1.0150874
GP080,0.0,0.0,1.0,,4-5,10.0,7.0,0.2,0.33333334,-1.2089312,-0.7261508,-1.1183317,-0.8360493,1.0,2.0,2.0,1.0,1.0,1.0,1.0,0.0,5.0,4-7,10.0,12.0,0.3529412,0.33333334,-0.35926113,-0.14106597,-0.71406,-0.45587853,1.0,Govindpuri,13.0,0.0,4.0,0.0,10.0,0.21611908,1.0,0.0,0.0,0.0,0.0,0.0,-0.7261508,-0.14106597,-0.8360493,-0.45587853
GP081,1.0,0.0,0.0,5.0,8-9,9.0,9.0,0.25714287,0.3,-0.21124749,-0.11229346,-0.6552772,-0.47006118,1.0,2.0,1.0,1.0,1.0,1.0,0.0,0.0,5.0,8-9,5.0,15.0,0.42857143,0.16666667,0.028253201,0.1473185,-1.6356804,-1.9714129,1.0,Govindpuri,,1.0,8.0,0.0,8.0,-1.3373805,0.0,0.0,0.0,0.0,1.0,0.0,-0.11229346,0.1473185,-0.47006118,-1.9714129
GP082,1.0,0.0,0.0,5.0,6-7,18.0,12.0,0.34285715,0.6,0.5198983,0.5413324,0.7204337,0.6656214,1.0,4.0,4.0,3.0,3.0,1.0,1.0,0.0,2.0,4-7,25.0,22.0,0.64705884,0.8333333,1.2825831,1.0079248,1.8184615,1.6023512,1.0,Govindpuri,15.0,1.0,7.0,0.0,8.0,-0.089145295,0.0,0.0,0.0,1.0,0.0,0.0,0.5413324,1.0079248,0.6656214,1.6023512
GP083,1.0,0.0,0.0,5.0,6-7,16.0,9.0,0.25714287,0.53333336,-0.32684836,-0.20437475,0.35947543,0.35769263,1.0,2.0,4.0,2.0,2.0,1.0,0.0,0.0,1.0,4-7,16.0,18.0,0.5294118,0.53333336,1.0689287,0.83793086,0.07660532,0.10931375,1.0,Govindpuri,,1.0,7.0,0.0,8.0,-0.6318316,0.0,0.0,0.0,1.0,0.0,0.0,-0.20437475,0.83793086,0.35769263,0.10931375
GP085,0.0,0.0,1.0,,6-7,13.0,9.0,0.25714287,0.43333334,-0.5128455,-0.310022,-0.07972663,0.014222339,1.0,2.0,3.0,1.0,2.0,1.0,1.0,0.0,2.0,4-7,12.0,15.0,0.44117647,0.4,-0.016393831,0.09479214,-0.32366285,-0.19366585,1.0,Govindpuri,11.0,1.0,7.0,1.0,8.0,0.12410065,0.0,0.0,0.0,1.0,0.0,0.0,-0.310022,0.09479214,0.014222339,-0.19366585
GP086,0.0,0.0,1.0,,6-7,17.0,8.0,0.22857143,0.56666666,-0.7768135,-0.46308953,0.62850535,0.5851404,1.0,2.0,4.0,1.0,3.0,1.0,1.0,0.0,3.0,4-7,19.0,16.0,0.47058824,0.6333333,0.22849715,0.32886136,0.5006269,0.4496136,1.0,Govindpuri,13.0,1.0,7.0,1.0,8.0,-1.8838367,0.0,0.0,0.0,1.0,0.0,0.0,-0.46308953,0.32886136,0.5851404,0.4496136
GP087,1.0,1.0,0.0,5.0,8-9,10.0,8.0,0.22857143,0.33333334,-0.16354,-0.09847182,-0.07833171,0.04886622,1.0,2.0,2.0,1.0,2.0,1.0,1.0,0.0,2.0,8-9,14.0,20.0,0.5714286,0.46666667,1.2872155,1.0316228,-0.21489832,-0.12443738,1.0,Govindpuri,,1.0,8.0,1.0,9.0,-2.7798877,0.0,0.0,0.0,0.0,1.0,0.0,-0.09847182,1.0316228,0.04886622,-0.12443738
GP088,0.0,0.0,1.0,,6-7,20.0,13.0,0.37142858,0.6666667,0.38003507,0.34019548,0.93121654,0.8692322,1.0,4.0,5.0,3.0,3.0,0.0,0.0,1.0,,4-7,18.0,22.0,0.64705884,0.6,1.2906269,1.0434843,0.67947155,0.63368,1.0,Govindpuri,,1.0,6.0,0.0,9.0,-0.64522284,0.0,0.0,1.0,0.0,0.0,0.0,0.34019548,1.0434843,0.8692322,0.63368
GP089,1.0,1.0,1.0,2.0,6-7,14.0,13.0,0.37142858,0.46666667,0.39583287,0.40752882,-0.07565494,-0.04677035,1.0,4.0,4.0,3.0,2.0,0.0,1.0,0.0,,4-7,13.0,17.0,0.5,0.43333334,0.43210283,0.40669703,-0.34456727,-0.21421365,1.0,Govindpuri,,1.0,6.0,1.0,10.0,1.4008003,0.0,0.0,1.0,0.0,0.0,0.0,0.40752882,0.40669703,-0.04677035,-0.21421365
GP091,1.0,1.0,1.0,2.0,8-9,13.0,14.0,0.4,0.43333334,1.4298575,1.2417508,0.31412393,0.40965846,1.0,5.0,3.0,3.0,2.0,,,,,,,,,,,,,,,Govindpuri,,1.0,8.0,1.0,9.0,0.32163784,0.0,0.0,0.0,0.0,1.0,0.0,1.2417508,,0.40965846,
GP092,1.0,1.0,1.0,2.0,8-9,23.0,21.0,0.6,0.76666665,2.4314332,1.8887522,2.1960819,1.8627294,1.0,5.0,5.0,3.0,3.0,0.0,0.0,1.0,,8-9,18.0,18.0,0.51428574,0.6,1.1439574,0.90898204,0.5996486,0.6053396,1.0,Govindpuri,,1.0,8.0,0.0,9.0,-0.94971913,0.0,0.0,0.0,0.0,1.0,0.0,1.8887522,0.90898204,1.8627294,0.6053396
GP093,0.0,1.0,0.0,,4-5,13.0,24.0,0.6857143,0.43333334,1.5535258,1.2492336,-0.926942,-0.6633348,1.0,5.0,3.0,3.0,2.0,0.0,0.0,1.0,,4-7,24.0,23.0,0.6764706,0.8,1.4339883,1.1548622,1.7568322,1.5101833,1.0,Govindpuri,,0.0,4.0,0.0,7.0,1.6909915,1.0,0.0,0.0,0.0,0.0,0.0,1.2492336,1.1548622,-0.6633348,1.5101833
GP094,0.0,0.0,0.0,,6-7,16.0,10.0,0.2857143,0.53333336,-0.12713586,0.0007410748,0.5263853,0.53096175,0.0,3.0,5.0,2.0,3.0,0.0,0.0,1.0,,4-7,21.0,8.0,0.23529412,0.7,-0.6979702,-0.3897224,1.2384877,1.051516,1.0,Govindpuri,,1.0,6.0,0.0,8.0,1.4008003,0.0,0.0,1.0,0.0,0.0,0.0,0.0007410732,-0.3897224,0.53096175,1.051516
GP095,0.0,0.0,1.0,,6-7,12.0,15.0,0.42857143,0.4,0.2616895,0.22822987,-0.29559508,-0.16131574,1.0,4.0,3.0,2.0,2.0,0.0,0.0,0.0,,4-7,19.0,25.0,0.7352941,0.6333333,1.8260914,1.4309305,0.74555457,0.6509899,0.0,Govindpuri,11.0,0.0,6.0,1.0,6.0,1.3891865,0.0,0.0,1.0,0.0,0.0,0.0,0.22822987,1.4309305,-0.16131574,0.6509899
TK001,0.0,0.0,1.0,,6-7,14.0,12.0,0.34285715,0.46666667,0.1753782,0.21136582,-0.24015594,-0.12764482,1.0,3.0,3.0,2.0,2.0,0.0,0.0,1.0,,4-7,19.0,11.0,0.32352942,0.6333333,-0.22149663,-0.079427674,0.5593036,0.50278246,1.0,Tekhand,11.0,1.0,7.0,1.0,19.0,-0.6318316,0.0,0.0,0.0,1.0,0.0,0.0,0.21136582,-0.079427674,-0.12764482,0.50278246
TK002,0.0,1.0,0.0,,6-7,5.0,3.0,0.08571429,0.16666667,-1.6113309,-2.1514695,-1.3030046,-1.0930693,1.0,1.0,1.0,1.0,1.0,0.0,1.0,0.0,,4-7,3.0,12.0,0.3529412,0.1,-0.88387036,-0.55378914,-2.193712,-3.4078126,1.0,Tekhand,11.0,1.0,6.0,0.0,15.0,-0.6318316,0.0,0.0,1.0,0.0,0.0,0.0,-2.1514695,-0.55378914,-1.0930693,-3.4078126
TK006,0.0,0.0,1.0,,8-9,11.0,10.0,0.2857143,0.36666667,0.13072743,0.1756121,0.026142938,0.18064018,1.0,3.0,3.0,2.0,2.0,1.0,1.0,0.0,3.0,8-9,15.0,18.0,0.51428574,0.5,0.8667968,0.7354385,0.024105966,0.07847294,1.0,Tekhand,14.0,1.0,8.0,1.0,15.0,2.3849266,0.0,0.0,0.0,0.0,1.0,0.0,0.1756121,0.7354385,0.18064018,0.07847294
TK007,0.0,0.0,1.0,,8-9,13.0,5.0,0.14285715,0.43333334,-0.14675425,-0.030022241,0.612968,0.58891845,1.0,2.0,4.0,1.0,2.0,1.0,0.0,0.0,2.0,8-9,17.0,16.0,0.45714286,0.56666666,0.3515787,0.30507663,0.22590822,0.24359259,1.0,Tekhand,,1.0,8.0,1.0,19.0,-0.060680747,0.0,0.0,0.0,0.0,1.0,0.0,-0.030022243,0.30507663,0.58891845,0.24359259
TK009,1.0,1.0,0.0,2.0,8-9,18.0,7.0,0.2,0.6,0.15701932,0.22828083,0.927181,0.8112257,1.0,3.0,4.0,2.0,3.0,0.0,0.0,1.0,,8-9,22.0,20.0,0.5714286,0.73333335,1.1551201,0.9418227,1.2852308,1.131061,1.0,Tekhand,,1.0,8.0,1.0,19.0,-3.0513902,0.0,0.0,0.0,0.0,1.0,0.0,0.22828083,0.9418227,0.8112257,1.131061
TK010,0.0,1.0,0.0,,8-9,12.0,11.0,0.31428573,0.4,0.2971215,0.34090385,0.26063186,0.32716984,1.0,3.0,3.0,2.0,2.0,0.0,1.0,0.0,,8-9,19.0,10.0,0.2857143,0.6333333,-0.35380986,-0.12935247,0.84575176,0.7847519,1.0,Tekhand,13.0,1.0,8.0,0.0,18.0,-0.5490831,0.0,0.0,0.0,0.0,1.0,0.0,0.34090385,-0.12935247,0.32716984,0.7847519
TK011,0.0,0.0,0.0,,6-7,14.0,14.0,0.4,0.46666667,0.58393973,0.5225358,0.2104244,0.25327945,0.0,5.0,4.0,3.0,3.0,0.0,0.0,0.0,,4-7,24.0,25.0,0.7352941,0.8,1.9296907,1.5002246,1.7725786,1.5128123,0.0,Tekhand,12.0,1.0,6.0,1.0,14.0,-1.6351523,0.0,0.0,1.0,0.0,0.0,0.0,0.5225358,1.5002246,0.25327945,1.5128123
TK012,0.0,0.0,1.0,,8-9,14.0,12.0,0.34285715,0.46666667,0.5949917,0.51922965,0.6115336,0.5776652,1.0,3.0,4.0,2.0,2.0,0.0,0.0,1.0,,8-9,22.0,23.0,0.6571429,0.73333335,1.6570766,1.31132,1.3809077,1.1609074,1.0,Tekhand,13.0,1.0,8.0,1.0,17.0,0.22369985,0.0,0.0,0.0,0.0,1.0,0.0,0.51922965,1.31132,0.5776652,1.1609074
TK013,0.0,1.0,0.0,,8-9,11.0,11.0,0.31428573,0.36666667,-0.7290675,-0.5352643,0.012831386,0.11282382,1.0,1.0,3.0,1.0,2.0,0.0,0.0,1.0,,8-9,18.0,13.0,0.37142858,0.6,-0.18359526,-0.011359104,0.38965592,0.38280076,1.0,Tekhand,12.0,1.0,8.0,0.0,18.0,2.0947354,0.0,0.0,0.0,0.0,1.0,0.0,-0.5352643,-0.011359106,0.11282382,0.38280076
TK014,0.0,0.0,1.0,,8-9,10.0,10.0,0.2857143,0.33333334,0.14835949,0.18698019,0.28379312,0.41481745,1.0,3.0,3.0,2.0,2.0,0.0,0.0,1.0,,8-9,20.0,16.0,0.45714286,0.6666667,0.29847512,0.3291668,0.83505934,0.77575874,1.0,Tekhand,15.0,1.0,8.0,0.0,19.0,2.3943055,0.0,0.0,0.0,0.0,1.0,0.0,0.18698019,0.3291668,0.41481745,0.77575874
TK015,0.0,0.0,1.0,,6-7,2.0,11.0,0.31428573,0.06666667,0.3521034,0.37234962,-2.5760348,-3.8187048,1.0,4.0,1.0,3.0,1.0,1.0,0.0,0.0,2.0,4-7,8.0,10.0,0.29411766,0.26666668,-0.6381953,-0.32714733,-1.7077658,-1.5610735,1.0,Tekhand,,1.0,6.0,0.0,18.0,1.6231838,0.0,0.0,1.0,0.0,0.0,0.0,0.37234962,-0.32714733,-3.8187048,-1.5610735
TK016,1.0,0.0,0.0,4.0,6-7,20.0,12.0,0.34285715,0.6666667,0.35873017,0.39448732,1.2464503,1.0845684,1.0,4.0,5.0,3.0,3.0,1.0,0.0,0.0,4.0,4-7,21.0,27.0,0.7941176,0.7,2.1441703,1.6357147,1.1076726,0.93913704,1.0,Tekhand,12.0,1.0,6.0,0.0,14.0,0.12410065,0.0,0.0,1.0,0.0,0.0,0.0,0.39448732,1.6357147,1.0845684,0.93913704
TK017,0.0,0.0,0.0,,6-7,10.0,3.0,0.08571429,0.33333334,-2.0977275,-2.7366514,-1.6199905,-1.4131161,0.0,1.0,1.0,1.0,1.0,1.0,0.0,0.0,2.0,4-7,9.0,6.0,0.1764706,0.3,-1.37186,-0.94324714,-1.3047568,-1.0431864,1.0,Tekhand,14.0,1.0,7.0,0.0,16.0,-2.55569,0.0,0.0,0.0,1.0,0.0,0.0,-2.7366514,-0.94324714,-1.4131161,-1.0431864
TK018,1.0,1.0,0.0,1.0,6-7,9.0,8.0,0.22857143,0.3,-0.3674804,-0.22115386,-0.89719105,-0.6297295,1.0,2.0,2.0,2.0,1.0,0.0,0.0,1.0,,4-7,6.0,15.0,0.44117647,0.2,0.2843915,0.30896312,-1.9881042,-2.8855014,1.0,Tekhand,12.0,1.0,7.0,1.0,15.0,-2.4717996,0.0,0.0,0.0,1.0,0.0,0.0,-0.22115386,0.30896312,-0.6297295,-2.8855014
TK019,0.0,0.0,1.0,,6-7,9.0,4.0,0.114285715,0.3,-1.6529747,-1.2610488,-1.2188352,-0.98282856,1.0,1.0,1.0,1.0,1.0,1.0,0.0,0.0,4.0,4-7,14.0,5.0,0.14705883,0.46666667,-1.3952832,-0.9793664,-0.4618606,-0.31290218,1.0,Tekhand,11.0,1.0,7.0,0.0,17.0,-0.35503173,0.0,0.0,0.0,1.0,0.0,0.0,-1.2610488,-0.9793664,-0.98282856,-0.31290218
TK021,1.0,0.0,0.0,1.0,6-7,16.0,13.0,0.37142858,0.53333336,0.17822209,0.19441763,0.2917387,0.33081406,1.0,3.0,4.0,2.0,2.0,,,,,,,,,,,,,,,Tekhand,14.0,1.0,7.0,0.0,16.0,-0.92960346,0.0,0.0,0.0,1.0,0.0,0.0,0.19441763,,0.33081406,
TK022,1.0,1.0,1.0,1.0,6-7,20.0,16.0,0.45714286,0.6666667,1.2314755,1.0246384,1.1363778,0.9859719,1.0,5.0,5.0,3.0,3.0,0.0,0.0,1.0,,4-7,24.0,24.0,0.7058824,0.8,1.6646686,1.2921642,1.5448716,1.312792,1.0,Tekhand,13.0,1.0,7.0,1.0,17.0,0.21265964,0.0,0.0,0.0,1.0,0.0,0.0,1.0246384,1.2921642,0.9859719,1.312792
TK023,1.0,1.0,0.0,2.0,8-9,10.0,10.0,0.2857143,0.33333334,-0.81477964,-0.51438546,-0.45990613,-0.47525144,1.0,1.0,1.0,1.0,1.0,1.0,0.0,0.0,3.0,8-9,12.0,10.0,0.2857143,0.4,-1.9679421,-1.9438864,-1.0478402,-0.76178604,1.0,Tekhand,13.0,1.0,8.0,1.0,17.0,-1.4011551,0.0,0.0,0.0,0.0,1.0,0.0,-0.51438546,-1.9438864,-0.47525144,-0.76178604
TK024,1.0,1.0,1.0,1.0,6-7,13.0,8.0,0.22857143,0.43333334,-1.5093868,-1.1849837,-0.4152996,-0.26745382,1.0,1.0,3.0,1.0,2.0,0.0,0.0,1.0,,4-7,24.0,23.0,0.6764706,0.8,1.690083,1.2962655,1.5485002,1.330913,1.0,Tekhand,11.0,1.0,6.0,1.0,14.0,0.5956523,0.0,0.0,1.0,0.0,0.0,0.0,-1.1849837,1.2962655,-0.26745382,1.330913
TK025,0.0,1.0,0.0,,6-7,14.0,10.0,0.2857143,0.46666667,-0.5403658,-0.32104388,-0.05089134,0.026553595,1.0,2.0,3.0,1.0,2.0,0.0,0.0,1.0,,4-7,13.0,8.0,0.23529412,0.43333334,-0.74978864,-0.39651832,-0.12030786,-0.029380258,1.0,Tekhand,12.0,1.0,7.0,0.0,17.0,0.06527783,0.0,0.0,0.0,1.0,0.0,0.0,-0.32104388,-0.39651832,0.026553595,-0.029380258
TK027,1.0,1.0,0.0,1.0,6-7,19.0,13.0,0.37142858,0.6333333,0.41042027,0.40027976,0.99262756,0.91894746,1.0,4.0,5.0,3.0,3.0,0.0,0.0,1.0,,4-7,16.0,21.0,0.61764705,0.53333336,1.2198809,1.000091,-0.021412853,0.01608893,1.0,Tekhand,12.0,1.0,6.0,1.0,17.0,-0.92960346,0.0,0.0,1.0,0.0,0.0,0.0,0.40027976,1.000091,0.91894746,0.01608893
TK028,1.0,0.0,0.0,2.0,8-9,15.0,10.0,0.2857143,0.5,0.17556365,0.15830232,0.15749714,0.32419482,1.0,2.0,3.0,2.0,2.0,0.0,0.0,0.0,,8-9,18.0,13.0,0.37142858,0.6,-0.30486026,-0.1342296,0.56607354,0.50208116,0.0,Tekhand,16.0,1.0,9.0,0.0,17.0,0.092601396,0.0,0.0,0.0,0.0,0.0,1.0,0.15830232,-0.1342296,0.32419482,0.50208116
TK030,1.0,1.0,1.0,3.0,8-9,12.0,16.0,0.45714286,0.4,1.2633642,1.161358,0.42488134,0.4660908,1.0,5.0,3.0,3.0,2.0,0.0,0.0,1.0,,8-9,18.0,23.0,0.6571429,0.6,1.5377196,1.2597822,0.5322532,0.47801414,1.0,Tekhand,15.0,1.0,8.0,1.0,14.0,2.9234054,0.0,0.0,0.0,0.0,1.0,0.0,1.161358,1.2597822,0.4660908,0.47801414
TK031,1.0,1.0,1.0,3.0,8-9,7.0,6.0,0.17142858,0.23333333,-2.0836139,-3.271582,-0.82028455,-0.59235907,1.0,1.0,1.0,1.0,1.0,1.0,1.0,0.0,2.0,8-9,14.0,13.0,0.37142858,0.46666667,-0.41815123,-0.20914426,-0.18291262,-0.106875,1.0,Tekhand,14.0,1.0,,1.0,14.0,2.1308188,,,,,,,-3.271582,-0.20914426,-0.59235907,-0.106875
TK032,1.0,0.0,0.0,1.0,6-7,9.0,7.0,0.2,0.3,-1.852121,-1.5284289,-0.79023296,-0.590115,1.0,1.0,2.0,1.0,1.0,1.0,0.0,0.0,2.0,4-7,19.0,18.0,0.5294118,0.6333333,0.7513826,0.6618828,0.24801245,0.25499904,1.0,Tekhand,13.0,1.0,6.0,1.0,17.0,-2.106704,0.0,0.0,1.0,0.0,0.0,0.0,-1.5284289,0.6618828,-0.590115,0.25499904
TK034,1.0,0.0,0.0,1.0,6-7,7.0,3.0,0.08571429,0.23333333,-1.406248,-0.98344356,-1.0157821,-0.7620986,1.0,1.0,1.0,1.0,1.0,0.0,0.0,1.0,,4-7,12.0,12.0,0.3529412,0.4,-0.61898637,-0.37764728,-0.21863993,-0.121385425,1.0,Tekhand,12.0,1.0,7.0,0.0,15.0,-0.83346367,0.0,0.0,0.0,1.0,0.0,0.0,-0.98344356,-0.37764728,-0.7620986,-0.121385425
TK035,0.0,0.0,0.0,,6-7,6.0,7.0,0.2,0.2,-1.3142481,-0.9095384,-1.6713217,-1.5054203,0.0,1.0,1.0,1.0,1.0,0.0,0.0,0.0,,4-7,9.0,13.0,0.38235295,0.3,-0.8174854,-0.51114976,-1.7402421,-1.9708599,0.0,Tekhand,11.0,1.0,7.0,1.0,17.0,-2.2494164,0.0,0.0,0.0,1.0,0.0,0.0,-0.9095384,-0.51114976,-1.5054203,-1.9708599
TK037,1.0,1.0,0.0,2.0,8-9,6.0,13.0,0.37142858,0.2,-1.087385,-0.8535109,-1.0906031,-0.9973109,1.0,2.0,1.0,1.0,1.0,1.0,0.0,0.0,5.0,8-9,17.0,17.0,0.4857143,0.56666666,0.20976488,0.30038613,-0.027882112,0.050627034,1.0,Tekhand,15.0,0.0,,1.0,19.0,0.12410065,,,,,,,-0.8535109,0.30038613,-0.9973109,0.050627034
TK038,1.0,0.0,0.0,2.0,8-9,12.0,9.0,0.25714287,0.4,0.28972358,0.28590822,0.3730436,0.40355453,1.0,3.0,3.0,2.0,2.0,1.0,0.0,0.0,2.0,8-9,22.0,24.0,0.6857143,0.73333335,1.8078208,1.4231484,1.4956428,1.3452911,1.0,Tekhand,,1.0,9.0,1.0,19.0,1.7003706,0.0,0.0,0.0,0.0,0.0,1.0,0.28590822,1.4231484,0.40355453,1.3452911
TK039,0.0,0.0,1.0,,8-9,6.0,12.0,0.34285715,0.2,0.2483946,0.26954886,-0.8418434,-0.7840185,1.0,3.0,1.0,2.0,1.0,0.0,0.0,1.0,,8-9,10.0,16.0,0.45714286,0.33333334,0.16846828,0.23296057,-1.269443,-0.9278965,1.0,Tekhand,15.0,1.0,9.0,0.0,15.0,0.8538604,0.0,0.0,0.0,0.0,0.0,1.0,0.26954886,0.23296057,-0.7840185,-0.9278965
TK040,0.0,0.0,1.0,,8-9,5.0,7.0,0.2,0.16666667,-0.8405388,-0.5334361,-1.3423425,-1.7388934,1.0,1.0,1.0,1.0,1.0,1.0,1.0,0.0,3.0,4-7,9.0,7.0,0.20588236,0.3,-0.6830402,-0.3672774,-1.1387467,-0.77267784,1.0,Tekhand,16.0,1.0,9.0,1.0,15.0,-0.04593521,0.0,0.0,0.0,0.0,0.0,1.0,-0.5334361,-0.3672774,-1.7388934,-0.77267784
TK042,0.0,0.0,0.0,,6-7,13.0,12.0,0.34285715,0.43333334,0.16670592,0.20248118,-0.3831138,-0.29123473,0.0,3.0,2.0,2.0,2.0,0.0,0.0,1.0,,4-7,9.0,12.0,0.3529412,0.3,-0.89939034,-0.6393997,-1.4786797,-1.2396803,1.0,Tekhand,14.0,1.0,7.0,0.0,15.0,-0.9286163,0.0,0.0,0.0,1.0,0.0,0.0,0.20248118,-0.6393997,-0.29123473,-1.2396803
TK044,0.0,0.0,1.0,,6-7,9.0,9.0,0.25714287,0.3,-0.5141362,-0.3265212,-0.85554504,-0.6072935,1.0,2.0,2.0,1.0,1.0,0.0,1.0,0.0,,4-7,17.0,10.0,0.29411766,0.56666666,-0.64679414,-0.38735056,0.008702042,0.05701146,1.0,Tekhand,10.0,0.0,6.0,0.0,12.0,-0.58144826,0.0,0.0,1.0,0.0,0.0,0.0,-0.3265212,-0.38735056,-0.6072935,0.05701146
TK045,1.0,1.0,0.0,1.0,8-9,6.0,10.0,0.2857143,0.2,0.21898726,0.21899578,-0.8062281,-0.6832831,1.0,3.0,1.0,2.0,1.0,0.0,0.0,1.0,,8-9,10.0,19.0,0.54285717,0.33333334,1.1384863,0.9197232,-0.44274,-0.27121666,1.0,Tekhand,13.0,1.0,8.0,0.0,17.0,-2.074339,0.0,0.0,0.0,0.0,1.0,0.0,0.21899578,0.9197232,-0.6832831,-0.27121666
TK046,1.0,1.0,0.0,2.0,8-9,23.0,19.0,0.54285717,0.76666665,2.2744908,1.8521152,2.1825736,1.9188396,1.0,5.0,5.0,3.0,3.0,,,,,,,,,,,,,,,Tekhand,15.0,0.0,9.0,1.0,16.0,0.12410065,0.0,0.0,0.0,0.0,0.0,1.0,1.8521152,,1.9188396,
TK047,1.0,1.0,0.0,2.0,8-9,12.0,12.0,0.34285715,0.4,0.5146312,0.5495618,0.31682673,0.37059453,1.0,4.0,3.0,2.0,2.0,,,,,,,,,,,,,,,Tekhand,,0.0,8.0,1.0,13.0,1.4008003,0.0,0.0,0.0,0.0,1.0,0.0,0.5495618,,0.37059453,
TK048,1.0,1.0,0.0,2.0,8-9,8.0,12.0,0.34285715,0.26666668,1.0501144,0.96345305,-0.5056466,-0.27546838,1.0,4.0,1.0,3.0,1.0,,,,,,,,,,,,,,,Tekhand,,0.0,9.0,1.0,12.0,0.12410065,0.0,0.0,0.0,0.0,0.0,1.0,0.96345305,,-0.27546838,
TK049,0.0,0.0,1.0,,6-7,21.0,21.0,0.6,0.7,1.809165,1.549004,1.5840964,1.3373407,1.0,5.0,5.0,3.0,3.0,0.0,0.0,1.0,,4-7,16.0,29.0,0.85294116,0.53333336,2.7269104,2.15212,-0.21124488,-0.19712575,1.0,Tekhand,,0.0,7.0,1.0,19.0,0.5956523,0.0,0.0,0.0,1.0,0.0,0.0,1.549004,2.15212,1.3373407,-0.19712575
TK050,0.0,0.0,1.0,,6-7,20.0,17.0,0.4857143,0.6666667,1.1378204,1.0219195,1.2113096,1.0530149,1.0,5.0,5.0,3.0,3.0,0.0,0.0,0.0,,4-7,24.0,25.0,0.7352941,0.8,1.8128988,1.4334382,1.6773089,1.456157,0.0,Tekhand,,0.0,7.0,1.0,12.0,0.12410065,0.0,0.0,0.0,1.0,0.0,0.0,1.0219195,1.4334382,1.0530149,1.456157
TK051,1.0,1.0,0.0,1.0,8-9,13.0,8.0,0.22857143,0.43333334,0.3076385,0.34141332,0.018372597,0.16637911,1.0,3.0,2.0,2.0,2.0,0.0,0.0,1.0,,8-9,18.0,20.0,0.5714286,0.6,1.2532383,1.0134183,0.7085555,0.6314608,1.0,Tekhand,14.0,0.0,9.0,1.0,12.0,0.12410065,0.0,0.0,0.0,0.0,0.0,1.0,0.34141332,1.0134183,0.16637911,0.6314608
TK052,1.0,0.0,0.0,2.0,6-7,16.0,11.0,0.31428573,0.53333336,0.23159492,0.24470644,0.4531096,0.4581668,1.0,4.0,5.0,2.0,3.0,1.0,1.0,0.0,5.0,4-7,16.0,21.0,0.61764705,0.53333336,1.1287311,0.9080606,0.2090547,0.2903035,1.0,Tekhand,10.0,1.0,6.0,1.0,17.0,-3.8073223,0.0,0.0,1.0,0.0,0.0,0.0,0.24470644,0.9080606,0.4581668,0.2903035
TK054,1.0,0.0,0.0,2.0,6-7,4.0,4.0,0.114285715,0.13333334,-1.110049,-0.70085514,-1.870475,-2.2321358,1.0,2.0,1.0,1.0,1.0,0.0,1.0,0.0,,4-7,4.0,10.0,0.29411766,0.13333334,-0.36027297,-0.1451997,-1.7434976,-2.037926,1.0,Tekhand,10.0,0.0,6.0,0.0,13.0,-1.4760597,0.0,0.0,1.0,0.0,0.0,0.0,-0.70085514,-0.1451997,-2.2321358,-2.037926
TK055,1.0,1.0,1.0,5.0,8-9,15.0,17.0,0.4857143,0.5,1.5090095,1.3051074,0.7093954,0.6531034,1.0,5.0,4.0,3.0,2.0,0.0,0.0,0.0,,8-9,19.0,17.0,0.4857143,0.6333333,0.60913885,0.57008797,0.64744854,0.5515344,0.0,Tekhand,14.0,0.0,9.0,0.0,19.0,0.21611908,0.0,0.0,0.0,0.0,0.0,1.0,1.3051074,0.57008797,0.6531034,0.5515344
TK058,0.0,0.0,0.0,,8-9,12.0,12.0,0.34285715,0.4,0.45621905,0.36828166,0.18895477,0.2673401,0.0,3.0,3.0,2.0,2.0,0.0,0.0,0.0,,8-9,19.0,18.0,0.51428574,0.6333333,1.0804126,0.84303695,0.83845395,0.75183195,0.0,Tekhand,13.0,1.0,8.0,0.0,17.0,-0.58144826,0.0,0.0,0.0,0.0,1.0,0.0,0.36828166,0.84303695,0.2673401,0.75183195
TK059,1.0,0.0,0.0,2.0,8-9,9.0,10.0,0.2857143,0.3,0.39639592,0.4124369,-0.13282473,0.051154386,1.0,3.0,2.0,2.0,1.0,1.0,1.0,0.0,1.0,8-9,11.0,16.0,0.45714286,0.36666667,0.47008735,0.43894035,-0.8940565,-0.63364875,1.0,Tekhand,14.0,0.0,9.0,0.0,13.0,-2.106704,0.0,0.0,0.0,0.0,0.0,1.0,0.4124369,0.43894035,0.051154386,-0.63364875
TK060,1.0,0.0,0.0,2.0,6-7,16.0,10.0,0.2857143,0.53333336,0.21175124,0.23386496,0.11294101,0.15321977,1.0,4.0,4.0,2.0,2.0,0.0,0.0,1.0,,4-7,22.0,23.0,0.6764706,0.73333335,1.6884651,1.3405553,1.072047,0.91721797,1.0,Tekhand,,0.0,6.0,1.0,13.0,-0.6318316,0.0,0.0,1.0,0.0,0.0,0.0,0.23386496,1.3405553,0.15321977,0.91721797
TK062,0.0,0.0,0.0,,8-9,11.0,7.0,0.2,0.36666667,-0.45812353,-0.3036386,0.010087917,0.15725304,0.0,1.0,3.0,1.0,2.0,0.0,0.0,1.0,,8-9,13.0,13.0,0.37142858,0.43333334,-0.24811462,-0.08286408,-0.5664732,-0.37329936,1.0,Tekhand,14.0,0.0,8.0,1.0,13.0,-0.63941234,0.0,0.0,0.0,0.0,1.0,0.0,-0.3036386,-0.08286408,0.15725304,-0.37329936
TK063,1.0,0.0,0.0,2.0,6-7,6.0,9.0,0.25714287,0.2,-0.37752917,-0.2470093,-1.9855382,-1.9329348,1.0,2.0,1.0,2.0,1.0,0.0,0.0,1.0,,4-7,9.0,16.0,0.47058824,0.3,0.30753845,0.332151,-0.87736166,-0.63637364,1.0,Tekhand,12.0,0.0,6.0,0.0,13.0,0.5956523,0.0,0.0,1.0,0.0,0.0,0.0,-0.2470093,0.332151,-1.9329348,-0.63637364
TK065,0.0,1.0,0.0,,6-7,14.0,6.0,0.17142858,0.46666667,-0.9469833,-0.59693825,-0.05051039,0.008301959,1.0,2.0,4.0,1.0,2.0,0.0,1.0,0.0,,4-7,5.0,13.0,0.38235295,0.16666667,-0.6724811,-0.40375838,-1.3988962,-1.0236549,1.0,Tekhand,11.0,0.0,6.0,0.0,13.0,-2.4896967,0.0,0.0,1.0,0.0,0.0,0.0,-0.59693825,-0.40375838,0.008301959,-1.0236549
TK066,1.0,0.0,0.0,1.0,6-7,11.0,16.0,0.45714286,0.36666667,0.8389492,0.7563675,-0.14617814,-0.060897652,1.0,5.0,3.0,3.0,2.0,1.0,0.0,0.0,2.0,4-7,10.0,22.0,0.64705884,0.33333334,1.3179244,1.0570252,-0.64861345,-0.41135347,1.0,Tekhand,13.0,0.0,7.0,0.0,13.0,-0.6318316,0.0,0.0,0.0,1.0,0.0,0.0,0.7563675,1.0570252,-0.060897652,-0.41135347
TK067,1.0,1.0,1.0,4.0,6-7,13.0,12.0,0.34285715,0.43333334,0.36240497,0.35661784,-0.45580396,-0.334544,1.0,4.0,3.0,3.0,2.0,1.0,0.0,0.0,1.0,4-7,19.0,12.0,0.3529412,0.6333333,-0.3107335,-0.11367839,0.47806874,0.47964752,1.0,Tekhand,13.0,1.0,6.0,0.0,17.0,-0.17189379,0.0,0.0,1.0,0.0,0.0,0.0,0.35661784,-0.11367839,-0.334544,0.47964752
TK068,1.0,1.0,1.0,1.0,6-7,13.0,11.0,0.31428573,0.43333334,0.08469394,0.13513578,-0.3226376,-0.28927755,1.0,3.0,3.0,2.0,2.0,0.0,0.0,1.0,,4-7,18.0,17.0,0.5,0.6,0.29328433,0.29082215,0.61481965,0.5402314,1.0,Tekhand,12.0,0.0,6.0,1.0,13.0,-2.106704,0.0,0.0,1.0,0.0,0.0,0.0,0.13513578,0.29082215,-0.28927755,0.5402314
TK070,0.0,0.0,0.0,,6-7,13.0,8.0,0.22857143,0.43333334,-1.5851198,-1.1777599,-0.32844895,-0.20020255,0.0,1.0,2.0,1.0,2.0,0.0,0.0,1.0,,4-7,14.0,12.0,0.3529412,0.46666667,-0.3029772,-0.11847866,-0.2995922,-0.16999073,1.0,Tekhand,12.0,0.0,7.0,1.0,13.0,-0.16027994,0.0,0.0,0.0,1.0,0.0,0.0,-1.1777599,-0.11847866,-0.20020255,-0.16999073
TK071,1.0,0.0,0.0,2.0,6-7,12.0,6.0,0.17142858,0.4,-0.53826123,-0.3085562,-0.049333654,0.015135201,1.0,2.0,3.0,1.0,2.0,0.0,0.0,1.0,,4-7,16.0,23.0,0.6764706,0.53333336,1.2800156,1.0418859,0.17728613,0.19104688,1.0,Tekhand,,0.0,7.0,1.0,13.0,-0.6318316,0.0,0.0,0.0,1.0,0.0,0.0,-0.3085562,1.0418859,0.015135201,0.19104688
TK072,1.0,1.0,1.0,2.0,8-9,13.0,7.0,0.2,0.43333334,-0.5239435,-0.3344529,0.14196983,0.33289868,1.0,1.0,3.0,1.0,2.0,0.0,1.0,1.0,,8-9,5.0,13.0,0.37142858,0.16666667,-0.37580544,-0.28034347,-1.4101211,-1.6148916,1.0,Tekhand,15.0,1.0,8.0,1.0,17.0,-1.5390126,0.0,0.0,0.0,0.0,1.0,0.0,-0.3344529,-0.28034347,0.33289868,-1.6148916
TK073,0.0,1.0,0.0,,6-7,24.0,18.0,0.51428574,0.8,1.5883008,1.2433444,2.0631924,1.7217847,1.0,5.0,5.0,3.0,3.0,0.0,0.0,1.0,,4-7,26.0,27.0,0.7941176,0.8666667,2.2264125,1.7767459,2.111562,1.9412725,1.0,Tekhand,,1.0,6.0,1.0,16.0,0.8180357,0.0,0.0,1.0,0.0,0.0,0.0,1.2433444,1.7767459,1.7217847,1.9412725
TK074,0.0,0.0,0.0,,8-9,11.0,14.0,0.4,0.36666667,-0.10725983,-0.09923061,-0.013836928,0.085405566,0.0,2.0,3.0,1.0,2.0,0.0,0.0,1.0,,8-9,21.0,17.0,0.4857143,0.7,0.84854746,0.71912855,1.2646191,1.1488373,1.0,Tekhand,13.0,0.0,8.0,1.0,16.0,-0.58144826,0.0,0.0,0.0,0.0,1.0,0.0,-0.09923061,0.71912855,0.085405566,1.1488373
TK075,1.0,1.0,0.0,1.0,6-7,15.0,11.0,0.31428573,0.5,-0.04363409,-0.032872964,0.03996882,0.08749657,1.0,3.0,3.0,2.0,2.0,0.0,0.0,1.0,,4-7,15.0,16.0,0.47058824,0.5,0.22104704,0.2997444,-0.37849388,-0.21393634,1.0,Tekhand,12.0,0.0,7.0,0.0,12.0,-1.4396087,0.0,0.0,0.0,1.0,0.0,0.0,-0.032872964,0.2997444,0.08749657,-0.21393634
TK076,1.0,1.0,0.0,3.0,6-7,13.0,14.0,0.4,0.43333334,0.72393453,0.69599116,-0.32070798,-0.20186639,1.0,5.0,3.0,3.0,2.0,0.0,0.0,1.0,,4-7,16.0,22.0,0.64705884,0.53333336,0.9986233,0.8059307,0.13141362,0.1782969,1.0,Tekhand,10.0,0.0,6.0,1.0,12.0,-1.3373805,0.0,0.0,1.0,0.0,0.0,0.0,0.69599116,0.8059307,-0.20186639,0.1782969
TK077,1.0,1.0,0.0,2.0,6-7,7.0,10.0,0.2857143,0.23333333,-0.7892457,-0.5443246,-1.0508922,-0.8354883,1.0,2.0,2.0,1.0,1.0,0.0,0.0,1.0,,4-7,8.0,15.0,0.44117647,0.26666668,-0.34783953,-0.12167558,-1.2574496,-0.93529403,1.0,Tekhand,10.0,0.0,6.0,0.0,12.0,-2.174028,0.0,0.0,1.0,0.0,0.0,0.0,-0.5443246,-0.12167558,-0.8354883,-0.93529403
TK078,1.0,1.0,0.0,2.0,6-7,8.0,8.0,0.22857143,0.26666668,-1.4364417,-1.0707772,-1.3636957,-1.0974933,1.0,1.0,1.0,1.0,1.0,0.0,0.0,1.0,,4-7,10.0,14.0,0.4117647,0.33333334,-0.585095,-0.34577894,-0.9521431,-0.6436349,1.0,Tekhand,12.0,0.0,6.0,0.0,12.0,-2.1743438,0.0,0.0,1.0,0.0,0.0,0.0,-1.0707772,-0.34577894,-1.0974933,-0.6436349
TK079,1.0,1.0,0.0,2.0,6-7,10.0,11.0,0.31428573,0.33333334,0.015348084,0.1283811,-0.9382041,-0.72223395,1.0,3.0,2.0,2.0,1.0,1.0,0.0,1.0,2.0,4-7,6.0,15.0,0.44117647,0.2,0.23318301,0.31108287,-1.2749143,-1.596987,1.0,Tekhand,12.0,0.0,6.0,0.0,12.0,1.2895874,0.0,0.0,1.0,0.0,0.0,0.0,0.1283811,0.31108287,-0.72223395,-1.596987
TK081,0.0,0.0,1.0,,8-9,14.0,14.0,0.4,0.46666667,0.952438,0.84232914,0.41556346,0.4766268,1.0,4.0,3.0,2.0,2.0,0.0,0.0,0.0,,8-9,17.0,20.0,0.5714286,0.56666666,1.3312216,1.0884657,0.57668793,0.5322329,0.0,Tekhand,14.0,1.0,9.0,0.0,16.0,-0.6318316,0.0,0.0,0.0,0.0,0.0,1.0,0.84232914,1.0884657,0.4766268,0.5322329
TK082,1.0,1.0,0.0,2.0,6-7,15.0,10.0,0.2857143,0.5,-0.41757002,-0.24263614,0.006821064,0.06313621,1.0,2.0,3.0,2.0,2.0,0.0,0.0,1.0,,4-7,13.0,13.0,0.38235295,0.43333334,-0.3165444,-0.16889769,-0.15966716,-0.06192594,1.0,Tekhand,14.0,1.0,7.0,1.0,14.0,-1.3373805,0.0,0.0,0.0,1.0,0.0,0.0,-0.24263614,-0.16889769,0.06313621,-0.06192594
TK083,0.0,0.0,0.0,,8-9,6.0,12.0,0.34285715,0.2,0.26529172,0.25695223,-0.9322345,-0.7830167,0.0,2.0,1.0,2.0,1.0,0.0,0.0,1.0,,8-9,17.0,16.0,0.45714286,0.56666666,0.58924294,0.5567137,0.6646566,0.6230791,1.0,Tekhand,17.0,1.0,9.0,0.0,17.0,1.6231838,0.0,0.0,0.0,0.0,0.0,1.0,0.25695223,0.5567137,-0.7830167,0.6230791
TK084,1.0,1.0,1.0,2.0,8-9,13.0,10.0,0.2857143,0.43333334,0.097108684,0.14813553,0.4937089,0.5523014,1.0,2.0,3.0,2.0,2.0,0.0,0.0,1.0,,8-9,20.0,17.0,0.4857143,0.6666667,0.8346479,0.73899704,0.9848855,0.89277583,1.0,Tekhand,14.0,1.0,9.0,0.0,14.0,-1.3373805,0.0,0.0,0.0,0.0,0.0,1.0,0.14813553,0.73899704,0.5523014,0.89277583
TK085,0.0,0.0,0.0,,6-7,11.0,9.0,0.25714287,0.36666667,-0.24224639,-0.13340446,-0.33511603,-0.22019497,0.0,3.0,2.0,2.0,2.0,0.0,0.0,1.0,,4-7,14.0,10.0,0.29411766,0.46666667,-0.606859,-0.3072376,-0.10311679,0.0011088487,1.0,Tekhand,14.0,1.0,7.0,0.0,16.0,-2.106704,0.0,0.0,0.0,1.0,0.0,0.0,-0.13340446,-0.3072376,-0.22019497,0.0011088487
TK086,0.0,1.0,0.0,,8-9,9.0,8.0,0.22857143,0.3,-1.2769231,-1.0289466,-0.24852425,-0.0693202,1.0,1.0,2.0,1.0,1.0,1.0,0.0,0.0,3.0,8-9,16.0,12.0,0.34285715,0.53333336,-0.38410178,-0.16075164,0.41866982,0.37051916,1.0,Tekhand,14.0,1.0,9.0,0.0,17.0,-1.4095945,0.0,0.0,0.0,0.0,0.0,1.0,-1.0289466,-0.16075164,-0.0693202,0.37051916
TK087,0.0,1.0,0.0,,8-9,8.0,10.0,0.2857143,0.26666668,-0.23769867,-0.17748056,-0.3817053,-0.23000482,1.0,2.0,1.0,1.0,1.0,,,,,,,,,,,,,,,Tekhand,14.0,1.0,9.0,0.0,17.0,-1.3373805,0.0,0.0,0.0,0.0,0.0,1.0,-0.17748056,,-0.23000482,
TK088,1.0,1.0,0.0,1.0,8-9,9.0,7.0,0.2,0.3,0.009212287,0.12536697,-0.37497267,-0.31608477,1.0,2.0,2.0,2.0,1.0,0.0,0.0,0.0,,8-9,12.0,18.0,0.51428574,0.4,0.4996352,0.4275043,-0.33094034,-0.1641553,0.0,Tekhand,15.0,1.0,8.0,1.0,17.0,-0.70721996,0.0,0.0,0.0,0.0,1.0,0.0,0.12536697,0.4275043,-0.31608477,-0.1641553
TK089,1.0,0.0,0.0,1.0,6-7,15.0,13.0,0.37142858,0.5,0.16389816,0.15907243,0.25702658,0.29356384,1.0,3.0,3.0,2.0,2.0,,,,,,,,,,,,,,,Tekhand,,1.0,7.0,0.0,14.0,-2.2820666,0.0,0.0,0.0,1.0,0.0,0.0,0.15907243,,0.29356384,
TK092,1.0,1.0,0.0,3.0,8-9,11.0,11.0,0.31428573,0.36666667,0.013825958,0.0012604181,-0.18743533,-0.04987198,1.0,2.0,2.0,2.0,2.0,1.0,0.0,0.0,2.0,8-9,14.0,23.0,0.6571429,0.46666667,1.8538705,1.4742575,-0.006354842,0.03578961,1.0,Tekhand,14.0,1.0,8.0,1.0,16.0,0.41429174,0.0,0.0,0.0,0.0,1.0,0.0,0.0012604166,1.4742575,-0.04987198,0.03578961
TK094,0.0,1.0,0.0,,6-7,9.0,8.0,0.22857143,0.3,-1.0386595,-0.72544706,-0.9560983,-0.74902683,1.0,1.0,2.0,1.0,1.0,0.0,0.0,0.0,,4-7,11.0,12.0,0.3529412,0.36666667,-0.28939006,-0.061340507,-0.44833997,-0.26284385,0.0,Tekhand,11.0,1.0,7.0,1.0,15.0,1.3891865,0.0,0.0,0.0,1.0,0.0,0.0,-0.72544706,-0.061340507,-0.74902683,-0.26284385
TK095,0.0,0.0,1.0,,6-7,16.0,10.0,0.2857143,0.53333336,0.22514796,0.2526428,0.29423913,0.3252776,1.0,3.0,4.0,2.0,2.0,0.0,0.0,1.0,,4-7,25.0,11.0,0.32352942,0.8333333,-0.6960038,-0.4113123,1.8428328,1.6655062,1.0,Tekhand,13.0,1.0,7.0,1.0,19.0,1.9133749,0.0,0.0,0.0,1.0,0.0,0.0,0.2526428,-0.4113123,0.3252776,1.6655062
TK096,0.0,0.0,1.0,,6-7,11.0,8.0,0.22857143,0.36666667,-0.4161624,-0.23154879,-0.5181623,-0.36742386,1.0,2.0,3.0,2.0,2.0,0.0,0.0,0.0,,4-7,19.0,23.0,0.6764706,0.6333333,1.317851,1.0485492,0.5728661,0.5182466,0.0,Tekhand,11.0,1.0,6.0,1.0,17.0,-0.29125717,0.0,0.0,1.0,0.0,0.0,0.0,-0.23154879,1.0485492,-0.36742386,0.5182466
TK097,0.0,0.0,1.0,,8-9,15.0,16.0,0.45714286,0.5,0.8216706,0.8008554,0.6505876,0.6053148,1.0,4.0,4.0,3.0,2.0,0.0,0.0,1.0,,8-9,22.0,21.0,0.6,0.73333335,1.429224,1.1388208,1.1991737,1.034445,1.0,Tekhand,14.0,1.0,8.0,1.0,17.0,-0.58144826,0.0,0.0,0.0,0.0,1.0,0.0,0.8008554,1.1388208,0.6053148,1.034445
TK098,0.0,0.0,1.0,,6-7,21.0,13.0,0.37142858,0.7,0.27935705,0.3345745,1.2721046,1.0701501,1.0,4.0,5.0,3.0,3.0,0.0,0.0,1.0,,4-7,24.0,26.0,0.7647059,0.8,2.1188304,1.6183709,1.565151,1.3605027,1.0,Tekhand,10.0,1.0,6.0,1.0,17.0,-0.58144826,0.0,0.0,1.0,0.0,0.0,0.0,0.3345745,1.6183709,1.0701501,1.3605027
TK100,1.0,1.0,0.0,2.0,6-7,9.0,9.0,0.25714287,0.3,-0.2537439,-0.13869414,-1.0032234,-0.71238405,1.0,2.0,2.0,2.0,1.0,1.0,0.0,0.0,1.0,4-7,11.0,11.0,0.32352942,0.36666667,-0.6603626,-0.40007687,-0.62234414,-0.40023804,1.0,Tekhand,11.0,1.0,6.0,0.0,14.0,1.4008003,0.0,0.0,1.0,0.0,0.0,0.0,-0.13869414,-0.40007687,-0.71238405,-0.40023804
TK101,0.0,1.0,0.0,,6-7,21.0,10.0,0.2857143,0.7,-0.4419925,-0.33134738,1.4089867,1.1494545,1.0,2.0,5.0,1.0,3.0,0.0,0.0,1.0,,4-7,21.0,23.0,0.6764706,0.7,1.5195723,1.1637282,0.9739636,0.8445793,1.0,Tekhand,13.0,1.0,7.0,0.0,16.0,-2.106704,0.0,0.0,0.0,1.0,0.0,0.0,-0.33134738,1.1637282,1.1494545,0.8445793
TK102,0.0,1.0,0.0,,6-7,19.0,9.0,0.25714287,0.6333333,0.015864585,0.09428818,0.99205446,0.831138,1.0,3.0,5.0,2.0,3.0,0.0,0.0,1.0,,4-7,20.0,20.0,0.5882353,0.6666667,1.3065526,1.0676596,0.806033,0.72196394,1.0,Tekhand,,1.0,7.0,0.0,16.0,-1.3373805,0.0,0.0,0.0,1.0,0.0,0.0,0.09428818,1.0676596,0.831138,0.72196394
TK103,0.0,0.0,1.0,,8-9,12.0,15.0,0.42857143,0.4,1.550693,1.2967995,0.26776296,0.37869567,1.0,5.0,3.0,3.0,2.0,0.0,0.0,1.0,,4-7,20.0,19.0,0.5588235,0.6666667,0.914055,0.7674136,0.66078043,0.58323854,1.0,Tekhand,,1.0,8.0,0.0,16.0,0.12410065,0.0,0.0,0.0,0.0,1.0,0.0,1.2967995,0.7674136,0.37869567,0.58323854
TK104,0.0,0.0,1.0,,8-9,19.0,15.0,0.42857143,0.6333333,1.634699,1.4077947,1.5768619,1.310059,1.0,5.0,5.0,3.0,3.0,1.0,0.0,0.0,2.0,8-9,23.0,27.0,0.7714286,0.76666665,2.506855,1.9399017,1.7440362,1.5184544,1.0,Tekhand,14.0,1.0,8.0,0.0,14.0,0.12410065,0.0,0.0,0.0,0.0,1.0,0.0,1.4077947,1.9399017,1.310059,1.5184544
TK105,0.0,1.0,0.0,,8-9,9.0,11.0,0.31428573,0.3,-0.58720464,-0.3958267,-0.9209011,-0.7529379,1.0,1.0,1.0,1.0,1.0,0.0,1.0,0.0,,8-9,13.0,19.0,0.54285717,0.43333334,0.89955926,0.74455696,-0.676671,-0.4604324,1.0,Tekhand,14.0,1.0,8.0,1.0,17.0,0.86725163,0.0,0.0,0.0,0.0,1.0,0.0,-0.3958267,0.74455696,-0.7529379,-0.4604324
TK106,0.0,1.0,0.0,,6-7,6.0,5.0,0.14285715,0.2,-1.1814384,-0.6831312,-1.4986537,-1.254892,1.0,1.0,1.0,1.0,1.0,0.0,1.0,0.0,,4-7,13.0,12.0,0.3529412,0.43333334,-1.0753748,-0.7066391,-1.1372433,-0.925436,1.0,Tekhand,13.0,1.0,7.0,0.0,17.0,0.86725163,0.0,0.0,0.0,1.0,0.0,0.0,-0.6831312,-0.7066391,-1.254892,-0.925436
TK107,0.0,1.0,0.0,,8-9,9.0,7.0,0.2,0.3,-1.3019766,-1.4954566,-0.43981335,-0.3104858,1.0,1.0,2.0,1.0,1.0,0.0,0.0,0.0,,8-9,14.0,11.0,0.31428573,0.46666667,-0.42499143,-0.1909657,-0.00916274,0.04005097,0.0,Tekhand,13.0,1.0,8.0,1.0,19.0,-0.54562366,0.0,0.0,0.0,0.0,1.0,0.0,-1.4954566,-0.1909657,-0.3104858,0.04005097
TK108,1.0,1.0,0.0,4.0,6-7,17.0,13.0,0.37142858,0.56666666,-0.6689104,-0.5164807,0.68562317,0.5992173,1.0,2.0,4.0,1.0,3.0,0.0,0.0,1.0,,4-7,22.0,14.0,0.4117647,0.73333335,0.014317569,0.08955341,0.8845673,0.73894614,1.0,Tekhand,12.0,1.0,7.0,1.0,12.0,-1.4958025,0.0,0.0,0.0,1.0,0.0,0.0,-0.5164807,0.08955341,0.5992173,0.73894614
TK109,0.0,0.0,1.0,,6-7,23.0,10.0,0.2857143,0.76666665,0.14939746,0.16037565,1.8546568,1.5403342,1.0,3.0,5.0,2.0,3.0,1.0,1.0,1.0,2.0,4-7,23.0,21.0,0.61764705,0.76666665,1.3670259,1.0984335,1.5165552,1.2846527,1.0,Tekhand,,1.0,6.0,1.0,15.0,-1.0471894,0.0,0.0,1.0,0.0,0.0,0.0,0.16037565,1.0984335,1.5403342,1.2846527
TK110,1.0,1.0,0.0,2.0,8-9,14.0,11.0,0.31428573,0.46666667,0.30231342,0.2591761,0.7031997,0.6797639,1.0,3.0,4.0,2.0,2.0,0.0,0.0,1.0,,8-9,21.0,24.0,0.6857143,0.7,1.6816945,1.3266737,1.0306689,0.8577336,1.0,Tekhand,14.0,1.0,8.0,1.0,17.0,0.12410065,0.0,0.0,0.0,0.0,1.0,0.0,0.2591761,1.3266737,0.6797639,0.8577336
TK111,1.0,0.0,0.0,1.0,8-9,7.0,11.0,0.31428573,0.23333333,0.66417444,0.66825736,-0.7022643,-0.46666697,1.0,4.0,1.0,3.0,1.0,1.0,0.0,0.0,3.0,8-9,8.0,14.0,0.4,0.26666668,0.20239568,0.26603505,-1.664336,-1.9228042,1.0,Tekhand,13.0,1.0,8.0,0.0,19.0,1.6231838,0.0,0.0,0.0,0.0,1.0,0.0,0.66825736,0.26603505,-0.46666697,-1.9228042
TK112,0.0,0.0,1.0,,6-7,16.0,10.0,0.2857143,0.53333336,0.019145332,0.120159805,0.19955224,0.2795367,1.0,3.0,4.0,2.0,3.0,0.0,0.0,1.0,,4-7,20.0,22.0,0.64705884,0.6666667,1.1714467,0.946098,1.0078111,0.83814836,1.0,Tekhand,11.0,1.0,6.0,1.0,13.0,-4.957415,0.0,0.0,1.0,0.0,0.0,0.0,0.120159805,0.946098,0.2795367,0.83814836
TK113,0.0,0.0,0.0,,6-7,6.0,7.0,0.2,0.2,-1.580602,-1.0716184,-1.3649731,-1.0975976,0.0,1.0,1.0,1.0,1.0,1.0,0.0,0.0,3.0,4-7,10.0,3.0,0.0882353,0.33333334,-2.1133845,-3.1484442,-1.5541449,-1.3154583,1.0,Tekhand,12.0,1.0,7.0,1.0,15.0,1.2895874,0.0,0.0,0.0,1.0,0.0,0.0,-1.0716184,-3.1484442,-1.0975976,-1.3154583
TK114,1.0,1.0,0.0,2.0,6-7,16.0,12.0,0.34285715,0.53333336,0.39934358,0.40341863,0.48530218,0.47856873,1.0,4.0,5.0,3.0,3.0,0.0,0.0,1.0,,4-7,19.0,17.0,0.5,0.6333333,0.7816111,0.6936849,0.70623595,0.6168854,1.0,Tekhand,11.0,0.0,6.0,0.0,13.0,0.12410065,0.0,0.0,1.0,0.0,0.0,0.0,0.40341863,0.6936849,0.47856873,0.6168854
TK115,1.0,1.0,1.0,1.0,6-7,6.0,3.0,0.08571429,0.2,-1.7963636,-1.9033504,-1.1691656,-0.9231279,1.0,1.0,2.0,1.0,1.0,0.0,0.0,1.0,,4-7,9.0,16.0,0.47058824,0.3,0.32158995,0.33126134,-0.9906874,-0.67581344,1.0,Tekhand,11.0,1.0,6.0,1.0,16.0,-2.106704,0.0,0.0,1.0,0.0,0.0,0.0,-1.9033504,0.33126134,-0.9231279,-0.67581344
TK116,0.0,1.0,0.0,,8-9,12.0,10.0,0.2857143,0.4,-0.31829432,-0.22620328,0.57976377,0.5866335,1.0,2.0,4.0,1.0,2.0,1.0,0.0,0.0,2.0,8-9,15.0,20.0,0.5714286,0.5,1.0853722,0.9187508,-0.07823224,-0.0049389587,1.0,Tekhand,12.0,1.0,8.0,0.0,16.0,0.8858434,0.0,0.0,0.0,0.0,1.0,0.0,-0.22620328,0.9187508,0.5866335,-0.0049389587
TK117,1.0,1.0,0.0,2.0,6-7,16.0,8.0,0.22857143,0.53333336,-0.67973083,-0.40604848,0.35933527,0.38444373,1.0,2.0,4.0,1.0,3.0,0.0,0.0,1.0,,4-7,12.0,17.0,0.5,0.4,0.5752538,0.5382196,-0.70504963,-0.5099106,1.0,Tekhand,12.0,1.0,6.0,0.0,14.0,2.1603084,0.0,0.0,1.0,0.0,0.0,0.0,-0.40604848,0.5382196,0.38444373,-0.5099106
TK118,1.0,1.0,0.0,2.0,6-7,16.0,12.0,0.34285715,0.53333336,0.09265679,0.111432925,0.09436803,0.16811186,1.0,3.0,4.0,2.0,3.0,0.0,0.0,1.0,,4-7,18.0,16.0,0.47058824,0.6,0.26691365,0.30658853,0.35109243,0.37380835,1.0,Tekhand,11.0,1.0,6.0,0.0,14.0,0.12410065,0.0,0.0,1.0,0.0,0.0,0.0,0.111432925,0.30658853,0.16811186,0.37380835
TK122,1.0,0.0,0.0,1.0,6-7,10.0,9.0,0.25714287,0.33333334,-0.2875593,-0.13474813,-0.7512976,-0.5396078,1.0,2.0,2.0,2.0,1.0,0.0,1.0,0.0,,4-7,10.0,10.0,0.29411766,0.33333334,-0.7635811,-0.43421027,-0.4643362,-0.2780964,1.0,Tekhand,12.0,1.0,6.0,0.0,15.0,-0.9107194,0.0,0.0,1.0,0.0,0.0,0.0,-0.13474813,-0.43421027,-0.5396078,-0.2780964
TK123,1.0,1.0,0.0,4.0,6-7,5.0,11.0,0.31428573,0.16666667,0.09497546,0.1652738,-1.6831006,-1.9664358,1.0,3.0,1.0,2.0,1.0,,,,,,,,,,,,,,,Tekhand,11.0,1.0,7.0,0.0,15.0,0.69525146,0.0,0.0,0.0,1.0,0.0,0.0,0.1652738,,-1.9664358,
TK125,0.0,0.0,0.0,,6-7,15.0,5.0,0.14285715,0.5,-1.21961,-1.3528235,-0.028304886,0.02466215,0.0,1.0,4.0,1.0,2.0,,,,,,,,,,,,,,,Tekhand,13.0,1.0,6.0,0.0,17.0,-1.6351523,0.0,0.0,1.0,0.0,0.0,0.0,-1.3528235,,0.02466215,
TK126,1.0,1.0,0.0,1.0,8-9,7.0,9.0,0.25714287,0.23333333,-0.66160965,-0.46567574,-0.653178,-0.46628392,1.0,1.0,1.0,1.0,1.0,1.0,0.0,0.0,2.0,8-9,12.0,15.0,0.42857143,0.4,-0.42237908,-0.17709309,-0.5432684,-0.36430702,1.0,Tekhand,16.0,1.0,9.0,1.0,17.0,-1.5765177,0.0,0.0,0.0,0.0,0.0,1.0,-0.46567574,-0.17709309,-0.46628392,-0.36430702
TK127,1.0,1.0,0.0,1.0,6-7,17.0,6.0,0.17142858,0.56666666,-0.62224215,-0.35241792,0.27607366,0.2985994,1.0,2.0,3.0,1.0,2.0,0.0,1.0,0.0,,4-7,12.0,8.0,0.23529412,0.4,-0.5522554,-0.26285654,-0.7701639,-0.5615927,1.0,Tekhand,13.0,1.0,7.0,0.0,14.0,-1.5765177,0.0,0.0,0.0,1.0,0.0,0.0,-0.35241792,-0.26285654,0.2985994,-0.5615927
TK128,1.0,1.0,0.0,4.0,6-7,12.0,12.0,0.34285715,0.4,-0.025995834,0.06948675,-0.45605832,-0.30927077,1.0,3.0,3.0,2.0,2.0,0.0,1.0,0.0,,4-7,5.0,12.0,0.3529412,0.16666667,-0.07902515,0.051688384,-1.4409922,-1.1191969,1.0,Tekhand,12.0,1.0,6.0,0.0,19.0,-4.0934443,0.0,0.0,1.0,0.0,0.0,0.0,0.06948675,0.051688384,-0.30927077,-1.1191969
TK129,1.0,0.0,0.0,1.0,8-9,11.0,13.0,0.37142858,0.36666667,0.49244025,0.43390465,0.08599597,0.1566344,1.0,3.0,2.0,2.0,2.0,1.0,0.0,0.0,1.0,8-9,20.0,18.0,0.51428574,0.6666667,0.9627706,0.8363987,0.89830506,0.8246422,1.0,Tekhand,16.0,1.0,9.0,1.0,17.0,-2.2378025,0.0,0.0,0.0,0.0,0.0,1.0,0.43390465,0.8363987,0.1566344,0.8246422
TK130,1.0,1.0,0.0,1.0,8-9,15.0,16.0,0.45714286,0.5,1.5056167,1.3962187,1.1952218,1.0738448,1.0,5.0,5.0,3.0,3.0,0.0,0.0,1.0,,8-9,19.0,27.0,0.7714286,0.6333333,2.4942849,1.939732,0.9399658,0.8240867,1.0,Tekhand,16.0,1.0,9.0,1.0,14.0,-0.16027994,0.0,0.0,0.0,0.0,0.0,1.0,1.3962187,1.939732,1.0738448,0.8240867
TK131,1.0,1.0,0.0,1.0,6-7,13.0,11.0,0.31428573,0.43333334,-0.8225931,-0.47307274,-0.19412616,-0.087078154,1.0,2.0,3.0,1.0,2.0,0.0,0.0,1.0,,4-7,20.0,17.0,0.5,0.6666667,0.1652672,0.23381077,0.69919586,0.6413516,1.0,Tekhand,13.0,1.0,6.0,1.0,14.0,-1.3103728,0.0,0.0,1.0,0.0,0.0,0.0,-0.47307274,0.23381077,-0.087078154,0.6413516
TK132,1.0,1.0,1.0,2.0,8-9,8.0,9.0,0.25714287,0.26666668,-0.7186565,-0.4650755,-0.6476244,-0.58932316,1.0,1.0,1.0,1.0,1.0,0.0,1.0,0.0,,8-9,15.0,7.0,0.2,0.5,-1.3008066,-0.8295339,-0.39814356,-0.2807893,1.0,Tekhand,13.0,1.0,8.0,0.0,14.0,-0.9738676,0.0,0.0,0.0,0.0,1.0,0.0,-0.4650755,-0.8295339,-0.58932316,-0.2807893
TK133,1.0,1.0,1.0,2.0,6-7,11.0,8.0,0.22857143,0.36666667,-0.018581824,0.06211486,-0.46196014,-0.29298994,1.0,3.0,3.0,2.0,2.0,,,,,,,,,,,,,,,Tekhand,10.0,1.0,6.0,0.0,14.0,0.08479549,0.0,0.0,1.0,0.0,0.0,0.0,0.06211486,,-0.29298994,
TK134,1.0,0.0,0.0,2.0,8-9,19.0,21.0,0.6,0.6333333,2.433549,1.8702921,1.1811167,1.0137674,1.0,5.0,4.0,3.0,3.0,0.0,1.0,0.0,,8-9,23.0,22.0,0.62857145,0.76666665,1.5877358,1.2804103,1.7048,1.5828917,1.0,Tekhand,15.0,1.0,9.0,1.0,14.0,0.8858434,0.0,0.0,0.0,0.0,0.0,1.0,1.8702921,1.2804103,1.0137674,1.5828917
TK135,1.0,1.0,0.0,2.0,6-7,18.0,13.0,0.37142858,0.6,0.28972566,0.30041137,0.44434565,0.46115303,1.0,4.0,4.0,2.0,3.0,,,,,,,,,,,,,,,Tekhand,13.0,1.0,7.0,1.0,19.0,-1.3015559,0.0,0.0,0.0,1.0,0.0,0.0,0.30041137,,0.46115303,
TK136,0.0,0.0,0.0,,6-7,13.0,11.0,0.31428573,0.43333334,0.12955628,0.19663252,-0.35222685,-0.26467994,0.0,3.0,2.0,2.0,2.0,0.0,1.0,0.0,,4-7,15.0,16.0,0.47058824,0.5,0.5432455,0.49916863,0.02970256,0.08615332,1.0,Tekhand,11.0,1.0,7.0,0.0,14.0,-0.16027994,0.0,0.0,0.0,1.0,0.0,0.0,0.19663252,0.49916863,-0.26467994,0.08615332
TK138,1.0,0.0,0.0,1.0,6-7,12.0,13.0,0.37142858,0.4,0.4201079,0.37194708,-0.3457282,-0.2675043,1.0,4.0,2.0,3.0,2.0,,,,,4-7,9.0,10.0,0.29411766,0.3,-0.915209,-0.6374582,-1.1327782,-0.7826079,,Tekhand,13.0,1.0,7.0,0.0,14.0,1.4008003,0.0,0.0,0.0,1.0,0.0,0.0,0.37194708,-0.6374582,-0.2675043,-0.7826079
TK142,1.0,1.0,1.0,2.0,8-9,14.0,12.0,0.34285715,0.46666667,0.27619603,0.29221764,0.4399495,0.46941367,1.0,3.0,3.0,2.0,2.0,0.0,0.0,1.0,,8-9,19.0,24.0,0.6857143,0.6333333,1.7269104,1.4110708,1.0653878,0.93802786,1.0,Tekhand,13.0,1.0,8.0,1.0,14.0,1.4008003,0.0,0.0,0.0,0.0,1.0,0.0,0.29221764,1.4110708,0.46941367,0.93802786
TK143,1.0,1.0,1.0,,6-7,14.0,5.0,0.14285715,0.46666667,-1.1721787,-0.7257221,-0.22503346,-0.11767866,1.0,3.0,2.0,2.0,2.0,0.0,0.0,1.0,,4-7,11.0,13.0,0.38235295,0.36666667,-0.65069586,-0.4046895,-1.2589418,-0.9957561,1.0,Tekhand,13.0,1.0,,1.0,14.0,-1.8608983,,,,,,,-0.7257221,-0.4046895,-0.11767866,-0.9957561
TK144,1.0,1.0,1.0,2.0,8-9,15.0,10.0,0.2857143,0.5,-0.22465664,-0.09264824,1.0487506,0.90287906,1.0,2.0,4.0,1.0,3.0,0.0,0.0,1.0,,8-9,16.0,18.0,0.51428574,0.53333336,0.48854718,0.45355147,0.11385935,0.14189082,1.0,Tekhand,13.0,1.0,8.0,1.0,17.0,0.12410065,0.0,0.0,0.0,0.0,1.0,0.0,-0.09264824,0.45355147,0.90287906,0.14189082
TK145,0.0,0.0,0.0,,6-7,6.0,2.0,0.057142857,0.2,-2.1929011,-3.712901,-1.9868156,-1.9310354,0.0,1.0,1.0,1.0,1.0,0.0,0.0,1.0,,4-7,4.0,16.0,0.47058824,0.13333334,-0.07299513,0.04165504,-1.8852155,-2.5676665,1.0,Tekhand,13.0,0.0,7.0,0.0,14.0,-4.957415,0.0,0.0,0.0,1.0,0.0,0.0,-3.712901,0.04165504,-1.9310354,-2.5676665
TK146,1.0,0.0,0.0,2.0,6-7,12.0,10.0,0.2857143,0.4,-0.73407567,-0.42073488,-0.32195708,-0.21771365,1.0,2.0,2.0,1.0,2.0,,,,,4-7,0.0,9.0,0.2647059,0.0,-1.1240754,-0.6993263,,,,Tekhand,13.0,1.0,7.0,1.0,19.0,-1.382271,0.0,0.0,0.0,1.0,0.0,0.0,-0.42073488,-0.6993263,-0.21771365,
TK147,1.0,0.0,0.0,1.0,8-9,7.0,17.0,0.4857143,0.23333333,1.4189525,1.208843,-0.5566003,-0.35597423,1.0,4.0,1.0,3.0,1.0,0.0,0.0,1.0,,8-9,11.0,16.0,0.45714286,0.36666667,0.49676394,0.49001947,-0.4991637,-0.3385593,1.0,Tekhand,13.0,1.0,9.0,0.0,14.0,-3.3514442,0.0,0.0,0.0,0.0,0.0,1.0,1.208843,0.49001947,-0.35597423,-0.3385593
TK148,0.0,0.0,0.0,,6-7,11.0,15.0,0.42857143,0.36666667,0.34863517,0.32200915,-0.82816565,-0.6608502,0.0,4.0,2.0,2.0,1.0,0.0,0.0,1.0,,4-7,10.0,6.0,0.1764706,0.33333334,-2.086962,-3.5701227,-1.780699,-2.9954617,1.0,Tekhand,13.0,1.0,7.0,1.0,17.0,-1.7024763,0.0,0.0,0.0,1.0,0.0,0.0,0.32200915,-3.5701227,-0.6608502,-2.9954617
TK149,1.0,1.0,1.0,3.0,6-7,11.0,11.0,0.31428573,0.36666667,-1.2157891,-0.87824845,-0.5178322,-0.37274474,1.0,1.0,2.0,1.0,1.0,0.0,1.0,0.0,,4-7,11.0,13.0,0.38235295,0.36666667,-0.3588778,-0.1445331,-0.4803607,-0.28628173,1.0,Tekhand,11.0,1.0,,0.0,14.0,-1.4326543,,,,,,,-0.87824845,-0.1445331,-0.37274474,-0.28628173
TK150,0.0,0.0,0.0,,8-9,8.0,6.0,0.17142858,0.26666668,-1.4165282,-1.1299514,-0.8899057,-0.90701854,0.0,1.0,1.0,1.0,1.0,0.0,0.0,1.0,,8-9,19.0,12.0,0.34285715,0.6333333,-0.5207947,-0.30241144,0.72576016,0.62887365,1.0,Tekhand,13.0,1.0,8.0,1.0,17.0,-2.174028,0.0,0.0,0.0,0.0,1.0,0.0,-1.1299514,-0.30241144,-0.90701854,0.62887365
TK151,0.0,1.0,0.0,,6-7,15.0,11.0,0.31428573,0.5,0.12384239,0.21695158,-0.009657859,0.05353473,1.0,3.0,3.0,2.0,2.0,,,,,4-7,17.0,20.0,0.5882353,0.56666666,0.4264736,0.3355542,0.3188196,0.3296047,,Tekhand,12.0,1.0,7.0,1.0,18.0,-0.07407202,0.0,0.0,0.0,1.0,0.0,0.0,0.21695158,0.3355542,0.05353473,0.3296047
TK153,1.0,1.0,1.0,3.0,8-9,14.0,13.0,0.37142858,0.46666667,0.5073317,0.55588937,0.5880665,0.5496983,1.0,4.0,4.0,2.0,2.0,0.0,0.0,1.0,,8-9,20.0,12.0,0.34285715,0.6666667,-0.25880066,-0.09146235,1.1071707,0.97958195,1.0,Tekhand,13.0,1.0,8.0,0.0,14.0,2.3849266,0.0,0.0,0.0,0.0,1.0,0.0,0.55588937,-0.09146235,0.5496983,0.97958195
TK154,1.0,1.0,1.0,3.0,8-9,15.0,17.0,0.4857143,0.5,1.932877,1.5236435,0.5965603,0.54377306,1.0,5.0,4.0,3.0,2.0,1.0,0.0,0.0,2.0,8-9,19.0,17.0,0.4857143,0.6333333,0.21219182,0.25646427,0.72695273,0.6172437,1.0,Tekhand,14.0,1.0,8.0,0.0,17.0,1.4008003,0.0,0.0,0.0,0.0,1.0,0.0,1.5236435,0.25646427,0.54377306,0.6172437
TK155,0.0,0.0,0.0,,6-7,22.0,14.0,0.4,0.73333335,0.6976526,0.6028874,1.6598668,1.3843863,0.0,5.0,5.0,3.0,3.0,0.0,0.0,1.0,,4-7,18.0,21.0,0.61764705,0.6,1.374349,1.1154666,0.22800477,0.16555224,1.0,Tekhand,11.0,1.0,7.0,0.0,17.0,1.7003706,0.0,0.0,0.0,1.0,0.0,0.0,0.6028874,1.1154666,1.3843863,0.16555224
TK157,0.0,0.0,0.0,,8-9,17.0,18.0,0.51428574,0.56666666,1.7342534,1.4036772,0.9393893,0.8125722,0.0,5.0,4.0,3.0,3.0,0.0,0.0,0.0,,8-9,21.0,25.0,0.71428573,0.7,2.341039,1.7497029,1.1672128,0.9993892,0.0,Tekhand,13.0,1.0,8.0,1.0,17.0,1.7003706,0.0,0.0,0.0,0.0,1.0,0.0,1.4036772,1.7497029,0.8125722,0.9993892
TK158,1.0,1.0,0.0,1.0,8-9,15.0,11.0,0.31428573,0.5,-0.018004347,-0.049535587,1.1755043,1.0031481,1.0,2.0,5.0,1.0,3.0,1.0,0.0,0.0,2.0,8-9,22.0,24.0,0.6857143,0.73333335,1.8110569,1.45278,1.4182671,1.2864479,1.0,Tekhand,13.0,1.0,8.0,0.0,14.0,-0.58144826,0.0,0.0,0.0,0.0,1.0,0.0,-0.049535587,1.45278,1.0031481,1.2864479
TK159,1.0,1.0,0.0,1.0,8-9,14.0,7.0,0.2,0.46666667,0.027776537,0.085806385,0.8381227,0.7449683,1.0,2.0,4.0,2.0,3.0,0.0,0.0,1.0,,8-9,23.0,28.0,0.8,0.76666665,2.8745182,2.2378843,1.65868,1.453352,1.0,Tekhand,13.0,1.0,8.0,1.0,14.0,-0.64522284,0.0,0.0,0.0,0.0,1.0,0.0,0.085806385,2.2378843,0.7449683,1.453352
TK160,1.0,0.0,0.0,1.0,8-9,12.0,16.0,0.45714286,0.4,0.96461874,1.0918761,0.7187867,0.6740191,1.0,4.0,4.0,3.0,3.0,1.0,0.0,0.0,3.0,8-9,16.0,14.0,0.4,0.53333336,0.1638135,0.23711206,0.28285828,0.29124442,1.0,Tekhand,14.0,1.0,9.0,1.0,17.0,-3.2567968,0.0,0.0,0.0,0.0,0.0,1.0,1.0918761,0.23711206,0.6740191,0.29124442
TK161,0.0,0.0,0.0,,6-7,3.0,5.0,0.14285715,0.1,-1.4266219,-0.99077255,-2.2538378,-3.8187048,0.0,1.0,1.0,1.0,1.0,0.0,0.0,1.0,,4-7,7.0,7.0,0.20588236,0.23333333,-1.7691569,-1.3308688,-1.539122,-1.2221123,1.0,Tekhand,12.0,1.0,6.0,0.0,16.0,-2.2820666,0.0,0.0,1.0,0.0,0.0,0.0,-0.99077255,-1.3308688,-3.8187048,-1.2221123
TK162,1.0,0.0,0.0,2.0,6-7,21.0,17.0,0.4857143,0.7,1.0605204,0.95735854,1.3211548,1.0785253,1.0,5.0,5.0,3.0,3.0,1.0,0.0,0.0,1.0,4-7,18.0,18.0,0.5294118,0.6,0.8320081,0.7126125,0.5777381,0.5309922,1.0,Tekhand,13.0,1.0,7.0,0.0,19.0,-0.58144826,0.0,0.0,0.0,1.0,0.0,0.0,0.95735854,0.7126125,1.0785253,0.5309922
TK163,1.0,0.0,0.0,2.0,6-7,15.0,8.0,0.22857143,0.5,-0.043350343,0.06211486,0.18830727,0.29756314,1.0,3.0,3.0,2.0,2.0,0.0,0.0,1.0,,4-7,15.0,19.0,0.5588235,0.5,0.7311606,0.6289669,-0.1968052,-0.09043865,1.0,Tekhand,12.0,1.0,7.0,0.0,19.0,-0.67113674,0.0,0.0,0.0,1.0,0.0,0.0,0.06211486,0.6289669,0.29756314,-0.09043865
TK164,1.0,1.0,0.0,2.0,6-7,7.0,10.0,0.2857143,0.23333333,-1.522343,-1.4741004,-1.5089742,-1.3940014,1.0,1.0,1.0,1.0,1.0,0.0,0.0,1.0,,4-7,8.0,10.0,0.29411766,0.26666668,-1.0201153,-0.6667662,-1.7738941,-1.5791466,1.0,Tekhand,10.0,1.0,6.0,0.0,17.0,-0.64027107,0.0,0.0,1.0,0.0,0.0,0.0,-1.4741004,-0.6667662,-1.3940014,-1.5791466
TK165,1.0,1.0,0.0,1.0,6-7,14.0,14.0,0.4,0.46666667,-0.52555156,-0.40165028,0.07587859,0.18959032,1.0,2.0,4.0,1.0,3.0,1.0,1.0,1.0,3.0,4-7,20.0,24.0,0.7058824,0.6666667,1.6424776,1.2772635,0.9719301,0.84797347,1.0,Tekhand,,1.0,6.0,1.0,17.0,0.22369985,0.0,0.0,1.0,0.0,0.0,0.0,-0.40165028,1.2772635,0.18959032,0.84797347
TK166,0.0,0.0,0.0,,6-7,13.0,13.0,0.37142858,0.43333334,-0.08506139,0.05883621,0.012919566,0.07997167,0.0,3.0,3.0,2.0,2.0,1.0,0.0,0.0,2.0,4-7,15.0,16.0,0.47058824,0.5,0.52669996,0.53318554,-0.24544731,-0.13085227,1.0,Tekhand,12.0,1.0,7.0,0.0,14.0,-1.3373805,0.0,0.0,0.0,1.0,0.0,0.0,0.05883621,0.53318554,0.07997167,-0.13085227
TK167,1.0,1.0,1.0,2.0,6-7,17.0,14.0,0.4,0.56666666,0.6307324,0.54984814,0.602062,0.5326264,1.0,4.0,4.0,3.0,3.0,0.0,1.0,0.0,,4-7,11.0,12.0,0.3529412,0.36666667,-0.48819405,-0.22223295,-0.4861811,-0.31459165,1.0,Tekhand,12.0,1.0,7.0,0.0,19.0,-1.4180956,0.0,0.0,0.0,1.0,0.0,0.0,0.54984814,-0.22223295,0.5326264,-0.31459165
TK168,1.0,1.0,0.0,2.0,6-7,13.0,15.0,0.42857143,0.43333334,0.7266353,0.6880748,-0.18445903,-0.118919335,1.0,5.0,3.0,3.0,2.0,0.0,0.0,1.0,,4-7,19.0,20.0,0.5882353,0.6333333,0.93949556,0.78932464,0.7018104,0.61107486,1.0,Tekhand,11.0,1.0,6.0,1.0,17.0,-2.174028,0.0,0.0,1.0,0.0,0.0,0.0,0.6880748,0.78932464,-0.118919335,0.61107486
TK169,1.0,0.0,0.0,3.0,6-7,19.0,8.0,0.22857143,0.6333333,-1.126241,-0.77262473,0.89283735,0.8363932,1.0,2.0,5.0,2.0,3.0,0.0,0.0,1.0,,4-7,24.0,13.0,0.38235295,0.8,0.30535343,0.30914474,1.4881597,1.2321811,1.0,Tekhand,12.0,1.0,,1.0,19.0,-0.58144826,,,,,,,-0.77262473,0.30914474,0.8363932,1.2321811
TK171,1.0,1.0,1.0,1.0,6-7,7.0,8.0,0.22857143,0.23333333,-0.14584944,-0.03419155,-1.3263927,-1.0081627,1.0,3.0,1.0,2.0,1.0,1.0,1.0,1.0,2.0,4-7,17.0,13.0,0.38235295,0.56666666,-0.069238946,0.056596227,-0.2281658,-0.14778388,1.0,Tekhand,11.0,1.0,6.0,1.0,19.0,-1.4440095,0.0,0.0,1.0,0.0,0.0,0.0,-0.03419155,0.056596227,-1.0081627,-0.14778388
TK172,1.0,0.0,0.0,2.0,6-7,20.0,19.0,0.54285717,0.6666667,1.765617,1.3802986,1.1456257,0.9953499,1.0,5.0,5.0,3.0,3.0,,,,,,,,,,,,,,,Tekhand,13.0,1.0,7.0,0.0,19.0,0.15992528,0.0,0.0,0.0,1.0,0.0,0.0,1.3802986,,0.9953499,
TK173,1.0,1.0,1.0,1.0,6-7,9.0,10.0,0.2857143,0.3,-0.2536978,-0.11950197,-0.63429356,-0.42045245,1.0,2.0,2.0,2.0,2.0,0.0,0.0,1.0,,4-7,12.0,21.0,0.61764705,0.4,0.6443731,0.6128487,-0.76736957,-0.5105718,1.0,Tekhand,9.0,0.0,6.0,1.0,12.0,-2.106704,0.0,0.0,1.0,0.0,0.0,0.0,-0.11950197,0.6128487,-0.42045245,-0.5105718
TK174,1.0,1.0,0.0,1.0,6-7,12.0,14.0,0.4,0.4,0.49126288,0.53932136,-0.22647245,-0.10099309,1.0,4.0,3.0,3.0,2.0,1.0,0.0,0.0,2.0,4-7,14.0,14.0,0.4117647,0.46666667,0.3727938,0.37020463,-0.18855783,-0.07096879,1.0,Tekhand,12.0,0.0,7.0,0.0,12.0,-0.54562366,0.0,0.0,0.0,1.0,0.0,0.0,0.53932136,0.37020463,-0.10099309,-0.07096879
TK175,1.0,1.0,1.0,1.0,6-7,16.0,12.0,0.34285715,0.53333336,0.49718338,0.486774,0.5231207,0.4800867,1.0,5.0,5.0,3.0,3.0,0.0,0.0,1.0,,4-7,10.0,27.0,0.7941176,0.33333334,2.026644,1.6381496,-0.9839389,-0.7124963,1.0,Tekhand,10.0,0.0,6.0,0.0,12.0,0.5956523,0.0,0.0,1.0,0.0,0.0,0.0,0.486774,1.6381496,0.4800867,-0.7124963
TK176,1.0,1.0,0.0,2.0,8-9,20.0,16.0,0.45714286,0.6666667,1.5512234,1.3540727,1.9869245,1.7217206,1.0,5.0,5.0,3.0,3.0,0.0,0.0,1.0,,8-9,22.0,27.0,0.7714286,0.73333335,2.4433937,1.9708519,1.5268191,1.3565917,1.0,Tekhand,15.0,0.0,9.0,1.0,12.0,0.22369985,0.0,0.0,0.0,0.0,0.0,1.0,1.3540727,1.9708519,1.7217206,1.3565917
TK178,0.0,0.0,1.0,,6-7,5.0,7.0,0.2,0.16666667,-0.40896493,-0.22827013,-1.5686592,-1.2361538,1.0,2.0,1.0,2.0,1.0,0.0,0.0,1.0,,4-7,16.0,22.0,0.64705884,0.53333336,1.137554,0.9211235,-0.12097254,-0.050633375,1.0,Tekhand,10.0,0.0,6.0,1.0,19.0,0.09818676,0.0,0.0,1.0,0.0,0.0,0.0,-0.22827013,0.9211235,-1.2361538,-0.050633375
TK179,1.0,1.0,1.0,1.0,8-9,15.0,15.0,0.42857143,0.5,0.5544829,0.41653582,0.8757921,0.77503264,1.0,3.0,4.0,2.0,3.0,1.0,0.0,0.0,2.0,8-9,18.0,27.0,0.7714286,0.6,2.6009333,2.0396204,0.59192234,0.5364694,1.0,Tekhand,14.0,0.0,9.0,1.0,19.0,0.7921218,0.0,0.0,0.0,0.0,0.0,1.0,0.41653582,2.0396204,0.77503264,0.5364694
TK180,1.0,1.0,0.0,1.0,6-7,8.0,14.0,0.4,0.26666668,0.4628573,0.44657272,-1.5189556,-1.3498169,1.0,4.0,1.0,3.0,1.0,0.0,0.0,1.0,,4-7,14.0,12.0,0.3529412,0.46666667,-0.6189963,-0.38349673,-0.3656571,-0.24474284,1.0,Tekhand,14.0,0.0,7.0,1.0,12.0,-2.106704,0.0,0.0,0.0,1.0,0.0,0.0,0.44657272,-0.38349673,-1.3498169,-0.24474284
TK181,1.0,1.0,1.0,2.0,6-7,15.0,16.0,0.45714286,0.5,0.8164533,0.7559396,0.23509292,0.28241715,1.0,5.0,4.0,3.0,3.0,,,,,,,,,,,,,,,Tekhand,14.0,0.0,6.0,1.0,1.0,0.92924875,0.0,0.0,1.0,0.0,0.0,0.0,0.7559396,,0.28241715,
TK182,0.0,0.0,0.0,,8-9,7.0,10.0,0.2857143,0.23333333,-0.8149675,-0.55103064,-1.0805426,-0.94137704,0.0,1.0,1.0,1.0,1.0,0.0,0.0,1.0,,8-9,12.0,20.0,0.5714286,0.4,1.0297306,0.8524191,-0.22362837,-0.11142968,1.0,Tekhand,13.0,0.0,8.0,1.0,19.0,-1.3373805,0.0,0.0,0.0,0.0,1.0,0.0,-0.55103064,0.8524191,-0.94137704,-0.11142968
TK183,0.0,0.0,0.0,,6-7,20.0,10.0,0.2857143,0.6666667,0.24553056,0.31042325,1.1486292,0.9488812,0.0,4.0,5.0,2.0,3.0,0.0,0.0,1.0,,4-7,21.0,15.0,0.44117647,0.7,0.16908808,0.2514709,0.66397154,0.6020007,1.0,Tekhand,13.0,1.0,7.0,0.0,14.0,0.12410065,0.0,0.0,0.0,1.0,0.0,0.0,0.31042325,0.2514709,0.9488812,0.6020007
TK184,1.0,1.0,0.0,5.0,6-7,7.0,15.0,0.42857143,0.23333333,0.48348546,0.37820458,-1.2615982,-0.983622,1.0,4.0,1.0,3.0,1.0,0.0,0.0,1.0,,4-7,13.0,15.0,0.44117647,0.43333334,0.22889666,0.2638491,-0.7262831,-0.49433178,1.0,Tekhand,10.0,0.0,6.0,0.0,13.0,0.5956523,0.0,0.0,1.0,0.0,0.0,0.0,0.37820458,0.2638491,-0.983622,-0.49433178
TK185,0.0,1.0,0.0,,6-7,9.0,6.0,0.17142858,0.3,-1.918445,-2.9440162,-0.7750054,-0.5356086,1.0,1.0,2.0,1.0,2.0,0.0,0.0,1.0,,4-7,8.0,11.0,0.32352942,0.26666668,-1.3104397,-0.9662777,-1.3199831,-1.0453584,1.0,Tekhand,10.0,0.0,6.0,1.0,12.0,-0.5322324,0.0,0.0,1.0,0.0,0.0,0.0,-2.9440162,-0.9662777,-0.5356086,-1.0453584
TK186,1.0,1.0,1.0,2.0,6-7,4.0,5.0,0.14285715,0.13333334,-0.8050669,-0.4872373,-1.5630523,-1.438242,1.0,2.0,1.0,1.0,1.0,1.0,0.0,0.0,2.0,4-7,20.0,15.0,0.44117647,0.6666667,-0.0066985064,0.12622285,0.8829565,0.73952556,1.0,Tekhand,13.0,0.0,7.0,0.0,12.0,-2.265126,0.0,0.0,0.0,1.0,0.0,0.0,-0.4872373,0.12622285,-1.438242,0.73952556
TK187,1.0,1.0,0.0,5.0,6-7,16.0,9.0,0.25714287,0.53333336,-0.75454664,-0.4663431,0.3233039,0.3542824,1.0,2.0,4.0,1.0,2.0,0.0,0.0,1.0,,4-7,14.0,12.0,0.3529412,0.46666667,0.0028835407,0.11802662,-0.5286388,-0.37097433,1.0,Tekhand,14.0,0.0,7.0,0.0,13.0,0.5956523,0.0,0.0,0.0,1.0,0.0,0.0,-0.4663431,0.11802662,0.3542824,-0.37097433
TK188,1.0,1.0,0.0,5.0,8-9,11.0,12.0,0.34285715,0.36666667,0.20827013,0.13610815,-0.05521397,-0.015071807,1.0,4.0,3.0,3.0,2.0,0.0,1.0,0.0,,8-9,13.0,19.0,0.54285717,0.43333334,0.908717,0.78143346,-0.6869373,-0.48095545,1.0,Tekhand,15.0,0.0,,1.0,13.0,1.6909915,,,,,,,0.13610815,0.78143346,-0.015071807,-0.48095545
TK189,1.0,1.0,0.0,5.0,6-7,6.0,10.0,0.2857143,0.2,-0.44475418,-0.2521,-1.5013214,-1.2906371,1.0,2.0,1.0,1.0,1.0,0.0,0.0,1.0,,4-7,8.0,10.0,0.29411766,0.26666668,-0.57629955,-0.31948584,-1.3146477,-0.99775976,1.0,Tekhand,11.0,1.0,6.0,0.0,19.0,-1.4011551,0.0,0.0,1.0,0.0,0.0,0.0,-0.2521,-0.31948584,-1.2906371,-0.99775976
TK190,1.0,1.0,0.0,5.0,6-7,10.0,11.0,0.31428573,0.33333334,0.2217266,0.23365384,-0.85575414,-0.6502309,1.0,4.0,2.0,2.0,1.0,0.0,0.0,1.0,,4-7,17.0,17.0,0.5,0.56666666,0.6352254,0.5620341,0.3452302,0.34315735,1.0,Tekhand,10.0,1.0,6.0,1.0,19.0,-0.6318316,0.0,0.0,1.0,0.0,0.0,0.0,0.23365384,0.5620341,-0.6502309,0.34315735
TK191,0.0,0.0,1.0,,6-7,21.0,15.0,0.42857143,0.7,0.5040572,0.54225624,1.2083322,1.0133586,1.0,5.0,5.0,3.0,3.0,1.0,0.0,0.0,5.0,4-7,22.0,26.0,0.7647059,0.73333335,1.9899163,1.5545856,1.4163681,1.2281898,1.0,Tekhand,,0.0,6.0,1.0,12.0,-2.0105643,0.0,0.0,1.0,0.0,0.0,0.0,0.54225624,1.5545856,1.0133586,1.2281898
TK192,0.0,0.0,1.0,,6-7,13.0,9.0,0.25714287,0.43333334,-0.6740779,-0.39101586,-0.7310929,-0.5645637,1.0,2.0,2.0,1.0,1.0,0.0,0.0,1.0,,4-7,11.0,18.0,0.5294118,0.36666667,0.9452605,0.8376251,-1.3599315,-1.7423156,1.0,Tekhand,,0.0,7.0,1.0,12.0,-2.7798877,0.0,0.0,0.0,1.0,0.0,0.0,-0.39101586,0.8376251,-0.5645637,-1.7423156
TK193,0.0,0.0,1.0,,6-7,12.0,11.0,0.31428573,0.4,-0.24671818,-0.18067671,-0.6039142,-0.3782524,1.0,2.0,3.0,2.0,2.0,0.0,0.0,1.0,,4-7,15.0,20.0,0.5882353,0.5,1.1133568,0.8696763,-0.10875974,-0.041172147,1.0,Tekhand,13.0,0.0,6.0,0.0,12.0,-0.5544406,0.0,0.0,1.0,0.0,0.0,0.0,-0.18067671,0.8696763,-0.3782524,-0.041172147
TK194,0.0,0.0,1.0,,6-7,8.0,9.0,0.25714287,0.26666668,-1.1429682,-0.8158628,-1.401304,-1.2223928,1.0,2.0,1.0,1.0,1.0,0.0,1.0,0.0,,4-7,12.0,14.0,0.4117647,0.4,-0.14781715,-0.02826035,-0.8155708,-0.5795381,1.0,Tekhand,12.0,0.0,6.0,1.0,12.0,-1.3373805,0.0,0.0,1.0,0.0,0.0,0.0,-0.8158628,-0.028260352,-1.2223928,-0.5795381
TK195,1.0,0.0,0.0,2.0,6-7,13.0,11.0,0.31428573,0.43333334,0.2836736,0.34615737,0.15837184,0.1904594,1.0,4.0,4.0,3.0,3.0,1.0,0.0,0.0,2.0,4-7,20.0,20.0,0.5882353,0.6666667,1.1582975,0.94777817,0.83458686,0.7280767,1.0,Tekhand,12.0,0.0,6.0,0.0,12.0,-2.0105643,0.0,0.0,1.0,0.0,0.0,0.0,0.34615737,0.94777817,0.1904594,0.7280767
TK196,1.0,1.0,0.0,1.0,8-9,14.0,9.0,0.25714287,0.46666667,-0.06150013,-0.051159143,0.52802664,0.5274113,1.0,2.0,3.0,1.0,2.0,,,,,,,,,,,,,,,Tekhand,15.0,0.0,9.0,1.0,19.0,-0.17367122,0.0,0.0,0.0,0.0,0.0,1.0,-0.051159143,,0.5274113,
TK197,0.0,0.0,1.0,,6-7,15.0,14.0,0.4,0.5,0.66576004,0.63212264,0.30742633,0.31785288,1.0,5.0,4.0,3.0,2.0,0.0,0.0,1.0,,4-7,19.0,23.0,0.6764706,0.6333333,1.5066546,1.2221663,0.63288224,0.54340523,1.0,Tekhand,13.0,0.0,7.0,0.0,12.0,-0.5322324,0.0,0.0,0.0,1.0,0.0,0.0,0.63212264,1.2221663,0.31785288,0.54340523
TK198,0.0,0.0,1.0,,6-7,10.0,13.0,0.37142858,0.33333334,0.23881724,0.30344918,-0.84277713,-0.5943667,1.0,4.0,2.0,3.0,1.0,1.0,0.0,1.0,4.0,4-7,18.0,21.0,0.61764705,0.6,1.1112846,0.881685,0.49316633,0.45016822,1.0,Tekhand,,0.0,6.0,1.0,12.0,-0.8658289,0.0,0.0,1.0,0.0,0.0,0.0,0.30344918,0.881685,-0.5943667,0.45016822
TK199,0.0,0.0,0.0,,6-7,12.0,5.0,0.14285715,0.4,-1.2479366,-0.7920959,-0.28561032,-0.12771054,0.0,2.0,3.0,1.0,2.0,1.0,1.0,1.0,2.0,4-7,23.0,16.0,0.47058824,0.76666665,0.23732997,0.2771032,1.1817045,1.0569019,1.0,Tekhand,11.0,0.0,6.0,1.0,19.0,0.12410065,0.0,0.0,1.0,0.0,0.0,0.0,-0.7920959,0.2771032,-0.12771054,1.0569019
TK200,0.0,0.0,1.0,,8-9,16.0,14.0,0.4,0.53333336,1.1347201,1.0624622,1.065051,0.976889,1.0,5.0,5.0,3.0,3.0,0.0,0.0,1.0,,8-9,18.0,13.0,0.37142858,0.6,0.1864712,0.23681924,0.30310708,0.28356722,1.0,Tekhand,13.0,0.0,8.0,0.0,19.0,0.12410065,0.0,0.0,0.0,0.0,1.0,0.0,1.0624622,0.23681924,0.976889,0.28356722
TK201,1.0,1.0,1.0,1.0,6-7,6.0,14.0,0.4,0.2,-1.5433764,-1.179119,-1.9226995,-3.4457376,1.0,1.0,1.0,1.0,1.0,1.0,0.0,0.0,4.0,4-7,4.0,13.0,0.38235295,0.13333334,-0.7618661,-0.4796009,-2.4406474,-3.8187048,1.0,Tekhand,12.0,0.0,7.0,0.0,12.0,-0.9631104,0.0,0.0,0.0,1.0,0.0,0.0,-1.179119,-0.4796009,-3.4457376,-3.8187048
TK202,1.0,1.0,0.0,,8-9,16.0,14.0,0.4,0.53333336,0.6353611,0.72807306,0.5371376,0.5605524,1.0,4.0,4.0,3.0,2.0,0.0,0.0,1.0,,8-9,9.0,10.0,0.2857143,0.3,-1.0302087,-0.6852263,-0.9835884,-0.63796854,1.0,Tekhand,12.0,0.0,8.0,0.0,12.0,-2.0105643,0.0,0.0,0.0,0.0,1.0,0.0,0.72807306,-0.6852263,0.5605524,-0.63796854
TK203,0.0,1.0,0.0,,8-9,4.0,0.0,0.0,0.13333334,,,-1.9273906,-3.4565895,1.0,,1.0,,1.0,0.0,0.0,0.0,,8-9,4.0,7.0,0.2,0.13333334,-1.7378805,-2.461481,-2.0150077,-2.491993,0.0,Tekhand,13.0,0.0,8.0,0.0,12.0,-0.6568367,0.0,0.0,0.0,0.0,1.0,0.0,,-2.461481,-3.4565895,-2.491993
TK204,0.0,0.0,1.0,,6-7,13.0,11.0,0.31428573,0.43333334,-0.5885886,-0.38239175,-0.25931388,-0.13835232,1.0,2.0,2.0,1.0,2.0,0.0,0.0,1.0,,4-7,17.0,17.0,0.5,0.56666666,0.50581086,0.4710821,0.5739433,0.5397578,1.0,Tekhand,13.0,0.0,7.0,0.0,12.0,0.6198631,0.0,0.0,0.0,1.0,0.0,0.0,-0.38239175,0.4710821,-0.13835232,0.5397578
TK205,1.0,1.0,1.0,5.0,6-7,15.0,14.0,0.4,0.5,0.9807511,0.7994551,-0.1430356,-0.088904664,1.0,5.0,3.0,3.0,2.0,0.0,0.0,1.0,,4-7,15.0,14.0,0.4117647,0.5,-0.2150074,-0.07464278,0.18501624,0.19876504,1.0,Tekhand,,0.0,7.0,0.0,12.0,-0.9969273,0.0,0.0,0.0,1.0,0.0,0.0,0.7994551,-0.07464278,-0.088904664,0.19876504
TK206,1.0,1.0,1.0,,8-9,12.0,7.0,0.2,0.4,0.05184558,0.0892169,0.15675281,0.27526972,1.0,2.0,3.0,2.0,2.0,0.0,0.0,1.0,,8-9,13.0,18.0,0.51428574,0.43333334,0.73869526,0.6039762,-0.5422985,-0.37855533,1.0,Tekhand,14.0,0.0,8.0,0.0,12.0,-0.6318316,0.0,0.0,0.0,0.0,1.0,0.0,0.0892169,0.6039762,0.27526972,-0.37855533
TK207,1.0,1.0,1.0,2.0,6-7,3.0,11.0,0.31428573,0.1,-0.5324714,-0.39533243,-2.380058,-3.357473,1.0,2.0,1.0,1.0,1.0,1.0,0.0,0.0,1.0,4-7,7.0,15.0,0.44117647,0.23333333,-0.34303543,-0.14349441,-1.8843225,-1.7683792,1.0,Tekhand,10.0,0.0,6.0,1.0,12.0,0.5138909,0.0,0.0,1.0,0.0,0.0,0.0,-0.39533243,-0.14349441,-3.357473,-1.7683792
TK208,1.0,1.0,1.0,5.0,6-7,5.0,15.0,0.42857143,0.16666667,0.50334656,0.5204843,-1.4684381,-1.2042078,1.0,5.0,1.0,3.0,1.0,0.0,0.0,1.0,,4-7,18.0,18.0,0.5294118,0.6,0.8912741,0.7531649,0.49249488,0.46891516,1.0,Tekhand,10.0,0.0,6.0,0.0,12.0,-0.6318316,0.0,0.0,1.0,0.0,0.0,0.0,0.5204843,0.7531649,-1.2042078,0.46891516
TK209,1.0,1.0,1.0,5.0,8-9,12.0,17.0,0.4857143,0.4,1.9820131,1.56638,0.21094064,0.30816483,1.0,5.0,4.0,3.0,2.0,0.0,0.0,1.0,,8-9,17.0,23.0,0.6571429,0.56666666,1.8920544,1.4884706,0.62535155,0.5933009,1.0,Tekhand,12.0,0.0,,1.0,12.0,-0.6318316,,,,,,,1.56638,1.4884706,0.30816483,0.5933009
TK211,1.0,1.0,1.0,5.0,8-9,12.0,10.0,0.2857143,0.4,0.60250896,0.59480196,-0.22008233,-0.163551,1.0,4.0,2.0,3.0,1.0,0.0,0.0,1.0,,8-9,16.0,20.0,0.5714286,0.53333336,1.427677,1.1570867,0.012336266,0.040711377,1.0,Tekhand,13.0,0.0,8.0,1.0,12.0,-0.6318316,0.0,0.0,0.0,0.0,1.0,0.0,0.59480196,1.1570867,-0.163551,0.040711377
TK213,0.0,0.0,0.0,,8-9,13.0,12.0,0.34285715,0.43333334,0.15359423,0.21866572,0.8660932,0.83529913,0.0,2.0,4.0,2.0,3.0,,,,,,,,,,,,,,,Tekhand,15.0,0.0,9.0,0.0,19.0,-0.25260893,0.0,0.0,0.0,0.0,0.0,1.0,0.21866572,,0.83529913,
TK214,1.0,1.0,1.0,5.0,6-7,13.0,7.0,0.2,0.43333334,-0.6423509,-0.37516788,-0.20808092,-0.06052339,1.0,2.0,4.0,1.0,2.0,0.0,0.0,1.0,,4-7,13.0,15.0,0.44117647,0.43333334,0.2078868,0.2821433,-0.29557925,-0.15042149,1.0,Tekhand,12.0,0.0,6.0,1.0,12.0,-2.0639875,0.0,0.0,1.0,0.0,0.0,0.0,-0.37516788,0.2821433,-0.06052339,-0.15042149
TK215,0.0,0.0,1.0,,6-7,16.0,13.0,0.37142858,0.53333336,0.5751069,0.56003845,0.047411356,0.085751,1.0,4.0,3.0,3.0,2.0,,,,,,,,,,,,,,,Tekhand,13.0,0.0,7.0,0.0,12.0,-2.7798877,0.0,0.0,0.0,1.0,0.0,0.0,0.56003845,,0.085751,
TK216,1.0,0.0,0.0,1.0,6-7,6.0,12.0,0.34285715,0.2,0.52777153,0.51242965,-1.5299883,-1.438242,1.0,5.0,1.0,3.0,1.0,0.0,0.0,1.0,,4-7,1.0,11.0,0.32352942,0.033333335,-0.8817919,-0.53748894,-2.1732972,-3.151514,1.0,Tekhand,10.0,0.0,6.0,0.0,12.0,-2.820204,0.0,0.0,1.0,0.0,0.0,0.0,0.51242965,-0.53748894,-1.438242,-3.151514
TK217,1.0,1.0,0.0,2.0,6-7,14.0,14.0,0.4,0.46666667,0.65223265,0.5946758,-0.19898121,-0.10730859,1.0,4.0,3.0,3.0,2.0,0.0,0.0,1.0,,4-7,13.0,17.0,0.5,0.43333334,0.09785667,0.15805964,-0.5780224,-0.42829472,1.0,Tekhand,13.0,0.0,7.0,0.0,12.0,-0.19378689,0.0,0.0,0.0,1.0,0.0,0.0,0.5946758,0.15805964,-0.10730859,-0.42829472
TK218,0.0,1.0,0.0,,8-9,12.0,11.0,0.31428573,0.4,-0.31195068,-0.2997751,-0.13255005,0.09801332,1.0,1.0,2.0,1.0,1.0,0.0,0.0,1.0,,8-9,20.0,22.0,0.62857145,0.6666667,1.2444092,0.9877611,0.7421238,0.6448115,1.0,Tekhand,14.0,0.0,9.0,1.0,19.0,0.17331654,0.0,0.0,0.0,0.0,0.0,1.0,-0.2997751,0.9877611,0.09801332,0.6448115
TK219,0.0,0.0,0.0,,6-7,11.0,7.0,0.2,0.36666667,-0.15679434,-0.043267883,-0.6359835,-0.48170722,0.0,3.0,2.0,2.0,2.0,0.0,0.0,1.0,,4-7,9.0,12.0,0.3529412,0.3,-0.09841955,0.052336346,-1.2280594,-0.95060986,1.0,Tekhand,11.0,0.0,6.0,0.0,12.0,-2.562862,0.0,0.0,1.0,0.0,0.0,0.0,-0.043267883,0.052336346,-0.48170722,-0.95060986
TK220,0.0,0.0,1.0,,8-9,9.0,13.0,0.37142858,0.3,0.78718936,0.7323742,-0.20526962,-0.05455731,1.0,4.0,2.0,3.0,2.0,,,,,,,,,,,,,,,Tekhand,13.0,0.0,8.0,1.0,12.0,-2.8798926,0.0,0.0,0.0,0.0,1.0,0.0,0.7323742,,-0.05455731,
TK221,0.0,1.0,0.0,,8-9,3.0,15.0,0.42857143,0.1,1.4068526,1.2365736,-1.4925835,-1.8258758,1.0,5.0,1.0,3.0,1.0,0.0,0.0,0.0,,8-9,10.0,13.0,0.37142858,0.33333334,-0.3181487,-0.1169716,-1.2458066,-0.8883766,0.0,Tekhand,13.0,0.0,9.0,0.0,19.0,1.4008003,0.0,0.0,0.0,0.0,0.0,1.0,1.2365736,-0.1169716,-1.8258758,-0.8883766
TK222,1.0,1.0,1.0,2.0,6-7,19.0,14.0,0.4,0.6333333,0.68569833,0.5910048,0.7989805,0.6998477,1.0,4.0,4.0,3.0,3.0,0.0,0.0,1.0,,4-7,25.0,13.0,0.38235295,0.8333333,-0.16886683,-0.032419942,1.7569227,1.6508555,1.0,Tekhand,12.0,0.0,7.0,1.0,13.0,0.5956523,0.0,0.0,0.0,1.0,0.0,0.0,0.5910048,-0.032419942,0.6998477,1.6508555
TK223,1.0,1.0,1.0,3.0,6-7,13.0,9.0,0.25714287,0.43333334,-1.6234906,-1.3274146,-0.5365844,-0.35242376,1.0,1.0,3.0,1.0,2.0,0.0,0.0,1.0,,4-7,6.0,8.0,0.23529412,0.2,-1.8783319,-1.921697,-1.3472823,-1.0014945,1.0,Tekhand,12.0,1.0,6.0,0.0,17.0,-0.5490831,0.0,0.0,1.0,0.0,0.0,0.0,-1.3274146,-1.921697,-0.35242376,-1.0014945
TK224,1.0,1.0,1.0,2.0,6-7,13.0,10.0,0.2857143,0.43333334,0.3054082,0.32169056,-0.53228545,-0.3717005,1.0,4.0,3.0,3.0,2.0,1.0,0.0,0.0,2.0,4-7,19.0,15.0,0.44117647,0.6333333,0.4131758,0.4333554,0.67016834,0.5847974,1.0,Tekhand,10.0,1.0,6.0,0.0,19.0,1.2895874,0.0,0.0,1.0,0.0,0.0,0.0,0.32169056,0.4333554,-0.3717005,0.5847974
TK226,1.0,1.0,0.0,2.0,8-9,13.0,12.0,0.34285715,0.43333334,0.26846853,0.35122696,0.44835514,0.48450994,1.0,3.0,4.0,2.0,2.0,0.0,0.0,1.0,,8-9,20.0,15.0,0.42857143,0.6666667,0.3894236,0.3805998,0.5873759,0.47286394,1.0,Tekhand,13.0,1.0,8.0,1.0,14.0,1.6909915,0.0,0.0,0.0,0.0,1.0,0.0,0.35122696,0.3805998,0.48450994,0.47286394
TK227,1.0,1.0,1.0,2.0,6-7,17.0,12.0,0.34285715,0.56666666,-0.18873414,-0.054050297,0.5808094,0.5604058,1.0,3.0,4.0,2.0,3.0,0.0,0.0,1.0,,4-7,22.0,18.0,0.5294118,0.73333335,0.8972879,0.7501823,1.1079913,0.9668267,1.0,Tekhand,12.0,1.0,7.0,1.0,17.0,-1.3050153,0.0,0.0,0.0,1.0,0.0,0.0,-0.054050297,0.7501823,0.5604058,0.9668267
TK230,1.0,1.0,1.0,5.0,6-7,13.0,13.0,0.37142858,0.43333334,0.6544182,0.66103345,-0.32064468,-0.25367993,1.0,5.0,2.0,3.0,2.0,0.0,0.0,0.0,,4-7,18.0,26.0,0.7647059,0.6,2.3888807,1.84388,0.2963428,0.3245723,0.0,Tekhand,12.0,0.0,7.0,1.0,19.0,-0.4496792,0.0,0.0,0.0,1.0,0.0,0.0,0.66103345,1.84388,-0.25367993,0.3245723
TK232,1.0,0.0,1.0,5.0,8-9,18.0,18.0,0.51428574,0.6,2.0648527,1.6839358,1.4532077,1.2492522,1.0,5.0,5.0,3.0,3.0,0.0,0.0,1.0,,8-9,21.0,25.0,0.71428573,0.7,2.0452008,1.5785222,1.1611766,1.0631373,1.0,Tekhand,14.0,0.0,9.0,1.0,13.0,-2.37566,0.0,0.0,0.0,0.0,0.0,1.0,1.6839358,1.5785222,1.2492522,1.0631373
TK233,1.0,0.0,0.0,2.0,6-7,8.0,15.0,0.42857143,0.26666668,0.63507104,0.6235963,-1.3386347,-1.2371557,1.0,5.0,1.0,3.0,1.0,1.0,0.0,0.0,5.0,4-7,10.0,13.0,0.38235295,0.33333334,0.18939102,0.2592676,-1.1915927,-0.91084945,1.0,Tekhand,10.0,1.0,6.0,0.0,19.0,-0.5490831,0.0,0.0,1.0,0.0,0.0,0.0,0.6235963,0.2592676,-1.2371557,-0.91084945
TK234,1.0,1.0,1.0,5.0,6-7,14.0,17.0,0.4857143,0.46666667,1.5243477,1.2576222,0.11147466,0.1648105,1.0,5.0,3.0,3.0,2.0,0.0,0.0,1.0,,4-7,25.0,24.0,0.7058824,0.8333333,1.8727634,1.4576985,1.8963345,1.6980695,1.0,Tekhand,13.0,1.0,7.0,0.0,17.0,0.33890334,0.0,0.0,0.0,1.0,0.0,0.0,1.2576222,1.4576985,0.1648105,1.6980695
TK235,1.0,1.0,1.0,5.0,8-9,8.0,12.0,0.34285715,0.26666668,0.5612609,0.5648379,-0.64890623,-0.5289252,1.0,4.0,1.0,2.0,1.0,,,,,,,,,,,,,,,Tekhand,14.0,1.0,8.0,1.0,17.0,-1.4818702,0.0,0.0,0.0,0.0,1.0,0.0,0.5648379,,-0.5289252,
TK236,1.0,1.0,0.0,2.0,6-7,16.0,14.0,0.4,0.53333336,0.20696332,0.29318392,0.6305604,0.5574107,1.0,4.0,4.0,2.0,3.0,0.0,0.0,1.0,,4-7,19.0,17.0,0.5,0.6333333,1.0025314,0.8352784,0.81610376,0.725056,1.0,Tekhand,12.0,1.0,7.0,0.0,15.0,-2.2497015,0.0,0.0,0.0,1.0,0.0,0.0,0.29318392,0.8352784,0.5574107,0.725056
TK237,1.0,0.0,0.0,2.0,6-7,17.0,13.0,0.37142858,0.56666666,0.72617227,0.61389303,0.60217047,0.55525637,1.0,5.0,4.0,3.0,3.0,0.0,0.0,1.0,,4-7,22.0,22.0,0.64705884,0.73333335,1.4830885,1.226397,1.1415416,0.9428342,1.0,Tekhand,12.0,1.0,7.0,0.0,19.0,-4.957415,0.0,0.0,0.0,1.0,0.0,0.0,0.61389303,1.226397,0.55525637,0.9428342
TK240,0.0,0.0,1.0,,6-7,18.0,9.0,0.25714287,0.6,-0.12407792,-0.0503599,0.9695585,0.8620102,1.0,4.0,5.0,2.0,3.0,,,,,,,,,,,,,,,Tekhand,13.0,1.0,,0.0,19.0,2.0947354,,,,,,,-0.0503599,,0.8620102,
TK241,0.0,0.0,1.0,,8-9,8.0,14.0,0.4,0.26666668,0.7713209,0.7594415,-0.18380453,-0.07170133,1.0,4.0,2.0,3.0,2.0,0.0,0.0,1.0,,8-9,14.0,18.0,0.51428574,0.46666667,0.9960745,0.8313736,0.23611492,0.25789326,1.0,Tekhand,14.0,1.0,8.0,1.0,14.0,-0.6318316,0.0,0.0,0.0,0.0,1.0,0.0,0.7594415,0.8313736,-0.07170133,0.25789326
TK242,0.0,1.0,0.0,,8-9,12.0,10.0,0.2857143,0.4,-0.7707462,-0.4990317,-0.14501834,0.013526666,1.0,3.0,3.0,2.0,2.0,0.0,0.0,1.0,,8-9,4.0,14.0,0.4,0.13333334,-0.4467667,-0.26969373,-1.7434976,-2.037926,1.0,Tekhand,13.0,1.0,,0.0,19.0,-0.109896645,,,,,,,-0.4990317,-0.26969373,0.013526666,-2.037926
TK243,0.0,0.0,1.0,,8-9,20.0,10.0,0.2857143,0.6666667,0.38497907,0.38108638,1.5129266,1.2882593,1.0,3.0,5.0,2.0,3.0,,,,,,,,,,,,,,,Tekhand,13.0,1.0,8.0,0.0,17.0,-0.16027994,0.0,0.0,0.0,0.0,1.0,0.0,0.38108638,,1.2882593,
TK244,0.0,0.0,0.0,,6-7,8.0,9.0,0.25714287,0.26666668,-1.923859,-2.8800528,-1.8342571,-2.6252916,0.0,1.0,1.0,1.0,1.0,,,,,,,,,,,,,,,Tekhand,,0.0,6.0,1.0,12.0,-4.190315,0.0,0.0,1.0,0.0,0.0,0.0,-2.8800528,,-2.6252916,
TK245,0.0,0.0,1.0,,6-7,15.0,9.0,0.25714287,0.5,-0.085399926,0.0045390893,0.17762186,0.19852589,1.0,3.0,4.0,2.0,3.0,0.0,0.0,1.0,,4-7,26.0,25.0,0.7352941,0.8666667,1.8216108,1.413878,1.9233284,1.7538351,1.0,Tekhand,12.0,1.0,6.0,0.0,14.0,0.12410065,0.0,0.0,1.0,0.0,0.0,0.0,0.004539088,1.413878,0.19852589,1.7538351
TK246,1.0,0.0,0.0,1.0,6-7,19.0,16.0,0.45714286,0.6333333,0.90457624,0.8284671,0.8570015,0.8208136,1.0,5.0,5.0,3.0,3.0,0.0,0.0,1.0,,4-7,24.0,27.0,0.7941176,0.8,2.4228704,1.8881294,1.6261472,1.3437042,1.0,Tekhand,11.0,1.0,6.0,1.0,14.0,0.92924875,0.0,0.0,1.0,0.0,0.0,0.0,0.8284671,1.8881294,0.8208136,1.3437042
TK247,0.0,0.0,0.0,,6-7,20.0,12.0,0.34285715,0.6666667,0.4049767,0.39992037,0.7357721,0.72858083,0.0,4.0,5.0,3.0,3.0,0.0,0.0,1.0,,4-7,20.0,14.0,0.4117647,0.6666667,0.17922772,0.25024107,0.79062456,0.70888096,1.0,Tekhand,12.0,1.0,7.0,0.0,17.0,1.6909915,0.0,0.0,0.0,1.0,0.0,0.0,0.39992037,0.25024107,0.72858083,0.70888096
TK248,0.0,0.0,1.0,,8-9,10.0,2.0,0.057142857,0.33333334,-1.5512671,-1.233205,-0.1109934,0.05463593,1.0,1.0,2.0,1.0,2.0,0.0,0.0,1.0,,8-9,18.0,14.0,0.4,0.6,0.40514958,0.40040007,0.5701972,0.5110647,1.0,Tekhand,14.0,1.0,8.0,1.0,17.0,-0.16027994,0.0,0.0,0.0,0.0,1.0,0.0,-1.233205,0.40040007,0.05463593,0.5110647
TK249,1.0,1.0,1.0,5.0,8-9,11.0,15.0,0.42857143,0.36666667,0.5248729,0.49837506,-0.2262362,-0.14594212,1.0,3.0,2.0,2.0,2.0,0.0,0.0,1.0,,8-9,21.0,18.0,0.51428574,0.7,0.70395017,0.6315879,0.87998927,0.76652914,1.0,Tekhand,12.0,1.0,8.0,1.0,17.0,-2.2406566,0.0,0.0,0.0,0.0,1.0,0.0,0.49837506,0.6315879,-0.14594212,0.76652914
TK251,1.0,1.0,1.0,5.0,8-9,15.0,11.0,0.31428573,0.5,0.23941714,0.26730654,1.0485042,0.95161504,1.0,3.0,4.0,2.0,3.0,1.0,0.0,0.0,1.0,8-9,19.0,19.0,0.54285717,0.6333333,1.0242183,0.84446234,0.94495875,0.81799966,1.0,Tekhand,13.0,1.0,8.0,0.0,15.0,-0.8658289,0.0,0.0,0.0,0.0,1.0,0.0,0.26730654,0.84446234,0.95161504,0.81799966
TK252,0.0,1.0,0.0,,6-7,9.0,9.0,0.25714287,0.3,0.12692024,0.19661714,-0.73154044,-0.5031374,1.0,4.0,2.0,2.0,2.0,0.0,1.0,0.0,,4-7,8.0,11.0,0.32352942,0.26666668,-0.29606104,-0.11119894,-0.84483224,-0.61489934,1.0,Tekhand,10.0,1.0,6.0,0.0,17.0,-0.58144826,0.0,0.0,1.0,0.0,0.0,0.0,0.19661714,-0.11119894,-0.5031374,-0.61489934
TK254,0.0,0.0,0.0,,6-7,8.0,4.0,0.114285715,0.26666668,-1.9745135,-2.2360446,-1.3532281,-1.1580195,0.0,1.0,1.0,1.0,1.0,,,,,,,,,,,,,,,Tekhand,11.0,1.0,6.0,0.0,14.0,-3.9299805,0.0,0.0,1.0,0.0,0.0,0.0,-2.2360446,,-1.1580195,
TK256,1.0,1.0,1.0,5.0,6-7,17.0,11.0,0.31428573,0.56666666,0.24056415,0.25709775,0.11732017,0.21804294,1.0,4.0,4.0,3.0,3.0,0.0,0.0,0.0,,4-7,17.0,23.0,0.6764706,0.56666666,0.9897831,0.7760378,0.5147354,0.48685104,0.0,Tekhand,11.0,1.0,6.0,1.0,15.0,2.3849266,0.0,0.0,1.0,0.0,0.0,0.0,0.25709775,0.7760378,0.21804294,0.48685104
TK257,1.0,1.0,1.0,5.0,8-9,10.0,10.0,0.2857143,0.33333334,-0.11581014,-0.009465364,-0.19759536,-0.06542672,1.0,2.0,2.0,2.0,2.0,0.0,0.0,1.0,,8-9,16.0,19.0,0.54285717,0.53333336,0.9364401,0.79299,0.52676964,0.4964485,1.0,Tekhand,12.0,1.0,8.0,0.0,14.0,0.18029445,0.0,0.0,0.0,0.0,1.0,0.0,-0.009465366,0.79299,-0.06542672,0.4964485
TK258,0.0,0.0,0.0,,8-9,10.0,14.0,0.4,0.33333334,1.1691478,1.1047918,-0.08739523,0.02576816,0.0,5.0,2.0,3.0,2.0,0.0,0.0,0.0,,8-9,12.0,14.0,0.4,0.4,0.24151875,0.31988338,-0.61036986,-0.41972634,0.0,Tekhand,13.0,1.0,8.0,0.0,14.0,1.4008003,0.0,0.0,0.0,0.0,1.0,0.0,1.1047918,0.31988338,0.02576816,-0.41972634
TK259,0.0,0.0,0.0,,8-9,9.0,7.0,0.2,0.3,-0.45014456,-0.2820738,-0.29206598,-0.08263966,0.0,2.0,2.0,1.0,2.0,0.0,0.0,1.0,,8-9,11.0,20.0,0.5714286,0.36666667,0.9000733,0.7987885,-1.0084119,-0.71574223,1.0,Tekhand,14.0,1.0,8.0,1.0,14.0,-2.074339,0.0,0.0,0.0,0.0,1.0,0.0,-0.2820738,0.7987885,-0.08263966,-0.71574223
TK260,1.0,0.0,0.0,1.0,8-9,10.0,10.0,0.2857143,0.33333334,-0.62570834,-0.47000846,0.092375256,0.19712333,1.0,1.0,2.0,1.0,2.0,1.0,0.0,0.0,1.0,8-9,20.0,14.0,0.4,0.6666667,0.66925734,0.594569,1.0802978,0.9620452,1.0,Tekhand,14.0,1.0,9.0,0.0,16.0,0.5956523,0.0,0.0,0.0,0.0,0.0,1.0,-0.47000846,0.594569,0.19712333,0.9620452
TK261,0.0,0.0,1.0,,6-7,18.0,18.0,0.51428574,0.6,0.9313423,1.0166557,0.82373613,0.747767,1.0,5.0,5.0,3.0,3.0,0.0,0.0,1.0,,4-7,20.0,18.0,0.5294118,0.6666667,0.9372217,0.8024943,0.7991082,0.70371556,1.0,Tekhand,12.0,1.0,7.0,0.0,14.0,1.9133749,0.0,0.0,0.0,1.0,0.0,0.0,1.0166557,0.8024943,0.747767,0.70371556
TK263,0.0,1.0,0.0,,6-7,12.0,12.0,0.34285715,0.4,0.15115358,0.21032146,-0.6348068,-0.43060455,1.0,4.0,2.0,2.0,2.0,1.0,0.0,0.0,5.0,4-7,19.0,19.0,0.5588235,0.6333333,1.045777,0.8553766,0.20478146,0.23915532,1.0,Tekhand,11.0,1.0,6.0,1.0,15.0,-1.3373805,0.0,0.0,1.0,0.0,0.0,0.0,0.21032146,0.8553766,-0.43060455,0.23915532
TK264,1.0,0.0,0.0,1.0,6-7,15.0,14.0,0.4,0.5,0.63371325,0.5422093,0.34450108,0.3854784,1.0,5.0,5.0,3.0,3.0,1.0,1.0,0.0,1.0,4-7,14.0,19.0,0.5588235,0.46666667,0.40664646,0.40583858,-0.4948445,-0.37795988,1.0,Tekhand,12.0,1.0,6.0,0.0,15.0,-2.106704,0.0,0.0,1.0,0.0,0.0,0.0,0.5422093,0.40583858,0.3854784,-0.37795988
TK265,1.0,0.0,0.0,3.0,6-7,13.0,16.0,0.45714286,0.43333334,0.83778054,0.7830384,-0.3789087,-0.2633992,1.0,5.0,3.0,3.0,2.0,1.0,0.0,0.0,3.0,4-7,16.0,17.0,0.5,0.53333336,0.61951995,0.52911735,0.3143715,0.286079,1.0,Tekhand,11.0,1.0,6.0,0.0,14.0,0.17331654,0.0,0.0,1.0,0.0,0.0,0.0,0.7830384,0.52911735,-0.2633992,0.286079
TK266,0.0,0.0,1.0,,6-7,15.0,11.0,0.31428573,0.5,0.29636455,0.2593052,-0.44669974,-0.3178552,1.0,4.0,3.0,3.0,2.0,,,,,,,,,,,,,,,Tekhand,12.0,1.0,6.0,1.0,15.0,-0.54562366,0.0,0.0,1.0,0.0,0.0,0.0,0.2593052,,-0.3178552,
TK268,0.0,0.0,0.0,,6-7,17.0,12.0,0.34285715,0.56666666,0.62356985,0.58046186,0.3185969,0.33599472,0.0,4.0,4.0,3.0,2.0,0.0,0.0,1.0,,4-7,18.0,20.0,0.5882353,0.6,0.9468585,0.78869855,0.81557924,0.73835063,1.0,Tekhand,13.0,1.0,7.0,0.0,17.0,-0.5447939,0.0,0.0,0.0,1.0,0.0,0.0,0.58046186,0.78869855,0.33599472,0.73835063
TK269,1.0,1.0,1.0,2.0,8-9,13.0,5.0,0.14285715,0.43333334,-1.7823992,-2.3068433,0.2962433,0.31053954,1.0,1.0,3.0,1.0,2.0,0.0,0.0,1.0,,8-9,18.0,15.0,0.42857143,0.6,0.71655536,0.60496396,0.47668287,0.4472886,1.0,Tekhand,13.0,1.0,8.0,0.0,17.0,-2.0105643,0.0,0.0,0.0,0.0,1.0,0.0,-2.3068433,0.60496396,0.31053954,0.4472886
TK271,1.0,1.0,0.0,,6-7,16.0,12.0,0.34285715,0.53333336,0.50966036,0.3947673,0.27884763,0.2955114,1.0,4.0,3.0,3.0,2.0,,,,,,,,,,,,,,,Tekhand,14.0,0.0,7.0,1.0,13.0,2.8247538,0.0,0.0,0.0,1.0,0.0,0.0,0.3947673,,0.2955114,
TK272,1.0,1.0,1.0,5.0,8-9,11.0,9.0,0.25714287,0.36666667,-0.56185114,-0.40106457,0.0002478076,0.120540105,1.0,1.0,3.0,1.0,2.0,0.0,0.0,1.0,,8-9,12.0,13.0,0.37142858,0.4,-0.0894087,0.042265806,-0.94975114,-0.71189517,1.0,Tekhand,13.0,1.0,8.0,0.0,14.0,1.9133749,0.0,0.0,0.0,0.0,1.0,0.0,-0.40106457,0.042265806,0.120540105,-0.71189517
TK273,1.0,1.0,1.0,5.0,8-9,9.0,12.0,0.34285715,0.3,0.5795899,0.55912673,-0.3399643,-0.23074698,1.0,4.0,2.0,2.0,1.0,0.0,0.0,1.0,,8-9,21.0,23.0,0.6571429,0.7,1.9294418,1.4826705,1.0855349,0.95226014,1.0,Tekhand,13.0,1.0,8.0,1.0,14.0,-0.060680747,0.0,0.0,0.0,0.0,1.0,0.0,0.55912673,1.4826705,-0.23074698,0.95226014
TK274,1.0,1.0,1.0,2.0,6-7,9.0,9.0,0.25714287,0.3,-0.59976745,-0.32925543,-0.8808444,-0.6900153,1.0,2.0,2.0,1.0,1.0,1.0,0.0,0.0,1.0,4-7,9.0,13.0,0.38235295,0.3,-0.057075627,0.03564296,-1.1013983,-0.7924178,1.0,Tekhand,11.0,1.0,6.0,1.0,17.0,-3.6165352,0.0,0.0,1.0,0.0,0.0,0.0,-0.32925543,0.03564296,-0.6900153,-0.7924178
TK275,1.0,1.0,1.0,5.0,6-7,17.0,8.0,0.22857143,0.56666666,-0.57707113,-0.28994885,0.7224673,0.6973912,1.0,2.0,4.0,1.0,3.0,0.0,0.0,1.0,,4-7,13.0,11.0,0.32352942,0.43333334,-0.69727075,-0.42112234,-0.029899865,0.056260493,1.0,Tekhand,13.0,1.0,7.0,1.0,18.0,-1.3050153,0.0,0.0,0.0,1.0,0.0,0.0,-0.28994885,-0.42112234,0.6973912,0.056260493
TK276,1.0,1.0,1.0,5.0,6-7,17.0,10.0,0.2857143,0.56666666,-0.03932409,0.07783021,0.66582763,0.61437285,1.0,3.0,4.0,2.0,3.0,1.0,0.0,0.0,2.0,4-7,17.0,10.0,0.29411766,0.56666666,-0.41677344,-0.16379085,0.4340952,0.40066528,1.0,Tekhand,10.0,1.0,7.0,0.0,18.0,-0.7830804,0.0,0.0,0.0,1.0,0.0,0.0,0.07783021,-0.16379085,0.61437285,0.40066528
TK277,1.0,1.0,1.0,2.0,6-7,8.0,14.0,0.4,0.26666668,0.3649247,0.38773024,-0.9838823,-0.7454363,1.0,4.0,2.0,3.0,1.0,1.0,0.0,0.0,2.0,4-7,7.0,15.0,0.44117647,0.23333333,0.49127907,0.48426223,-1.3903277,-1.0323267,1.0,Tekhand,11.0,1.0,6.0,0.0,17.0,-2.7798877,0.0,0.0,1.0,0.0,0.0,0.0,0.38773024,0.48426223,-0.7454363,-1.0323267
TK278,0.0,0.0,0.0,,6-7,17.0,11.0,0.31428573,0.56666666,0.025833718,0.0906738,0.38969773,0.46023053,0.0,3.0,5.0,2.0,3.0,0.0,1.0,0.0,,4-7,19.0,22.0,0.64705884,0.6333333,1.436221,1.1555983,0.8665273,0.7653943,1.0,Tekhand,,1.0,6.0,0.0,17.0,-1.1916791,0.0,0.0,1.0,0.0,0.0,0.0,0.0906738,1.1555983,0.46023053,0.7653943
TK279,1.0,1.0,1.0,1.0,6-7,16.0,6.0,0.17142858,0.53333336,-1.2188009,-0.83856976,0.2592365,0.2960203,1.0,1.0,4.0,1.0,3.0,0.0,0.0,1.0,,4-7,19.0,19.0,0.5588235,0.6333333,0.61864126,0.53435606,0.6761188,0.6071661,1.0,Tekhand,11.0,1.0,6.0,0.0,14.0,2.6433933,0.0,0.0,1.0,0.0,0.0,0.0,-0.83856976,0.53435606,0.2960203,0.6071661
TK281,1.0,1.0,1.0,5.0,8-9,6.0,11.0,0.31428573,0.2,0.26366627,0.3280059,-0.86833996,-0.84365505,1.0,3.0,1.0,2.0,1.0,0.0,0.0,1.0,,8-9,20.0,25.0,0.71428573,0.6666667,1.9503509,1.5273081,0.82400405,0.7192703,1.0,Tekhand,13.0,1.0,8.0,1.0,14.0,-0.5322324,0.0,0.0,0.0,0.0,1.0,0.0,0.3280059,1.5273081,-0.84365505,0.7192703
TK282,0.0,1.0,0.0,,8-9,8.0,3.0,0.08571429,0.26666668,-2.1762857,-3.364392,-0.6168482,-0.46209708,1.0,1.0,1.0,1.0,1.0,0.0,1.0,0.0,,8-9,13.0,7.0,0.2,0.43333334,-1.8930553,-2.554016,-0.4376984,-0.2790341,1.0,Tekhand,12.0,1.0,8.0,0.0,19.0,1.0325296,0.0,0.0,0.0,0.0,1.0,0.0,-3.364392,-2.554016,-0.46209708,-0.2790341
TK283,1.0,1.0,1.0,5.0,6-7,7.0,12.0,0.34285715,0.23333333,-0.39725712,-0.20461337,-1.5522571,-1.3183196,1.0,2.0,1.0,2.0,1.0,,,,,4-7,0.0,11.0,0.32352942,0.0,-0.58956057,-0.30896795,,,,Tekhand,14.0,0.0,7.0,0.0,19.0,-0.7125467,0.0,0.0,0.0,1.0,0.0,0.0,-0.20461337,-0.30896795,-1.3183196,
TK284,1.0,1.0,1.0,2.0,8-9,9.0,6.0,0.17142858,0.3,-1.2658089,-1.033412,-0.40655482,-0.23181614,1.0,1.0,1.0,1.0,1.0,0.0,0.0,1.0,,8-9,19.0,17.0,0.4857143,0.6333333,0.4414599,0.42716616,0.41984203,0.41584572,1.0,Tekhand,13.0,1.0,9.0,1.0,14.0,-0.17367122,0.0,0.0,0.0,0.0,0.0,1.0,-1.033412,0.42716616,-0.23181614,0.41584572
TK285,1.0,1.0,1.0,5.0,8-9,11.0,8.0,0.22857143,0.36666667,0.035317473,0.08307864,0.24059062,0.34111524,1.0,2.0,3.0,1.0,2.0,,,,,,,,,,,,,,,Tekhand,14.0,0.0,9.0,0.0,12.0,0.86725163,0.0,0.0,0.0,0.0,0.0,1.0,0.08307864,,0.34111524,
TK286,1.0,1.0,1.0,5.0,8-9,12.0,8.0,0.22857143,0.4,-0.8729105,-0.5797077,-0.69176066,-0.5494578,1.0,1.0,1.0,1.0,1.0,,,,,,,,,,,,,,,Tekhand,12.0,1.0,8.0,1.0,15.0,1.6231838,0.0,0.0,0.0,0.0,1.0,0.0,-0.5797077,,-0.5494578,
TK287,1.0,1.0,1.0,5.0,6-7,12.0,11.0,0.31428573,0.4,0.24879646,0.27316323,-0.1560069,-0.049922474,1.0,4.0,3.0,2.0,2.0,1.0,0.0,0.0,1.0,4-7,18.0,17.0,0.5,0.6,0.7291543,0.6266857,0.6819901,0.62969035,1.0,Tekhand,13.0,1.0,7.0,1.0,15.0,-1.3373805,0.0,0.0,0.0,1.0,0.0,0.0,0.27316323,0.6266857,-0.049922474,0.62969035
TK288,1.0,1.0,1.0,5.0,8-9,8.0,8.0,0.22857143,0.26666668,0.13508224,0.15724504,-0.38162166,-0.2227829,1.0,3.0,2.0,2.0,1.0,0.0,1.0,0.0,,8-9,16.0,19.0,0.54285717,0.53333336,1.0174788,0.82840073,0.05582116,0.11016738,1.0,Tekhand,13.0,1.0,8.0,0.0,15.0,-0.5322324,0.0,0.0,0.0,0.0,1.0,0.0,0.15724504,0.82840073,-0.2227829,0.11016738
TK289,0.0,0.0,0.0,,8-9,17.0,9.0,0.25714287,0.56666666,0.21323478,0.22023265,1.1436045,0.96780527,0.0,2.0,4.0,2.0,3.0,0.0,0.0,1.0,,8-9,22.0,19.0,0.54285717,0.73333335,1.1168479,0.8820475,1.4793539,1.3528329,1.0,Tekhand,14.0,1.0,9.0,1.0,16.0,0.12410065,0.0,0.0,0.0,0.0,0.0,1.0,0.22023265,0.8820475,0.96780527,1.3528329
TK290,0.0,0.0,0.0,,8-9,6.0,12.0,0.34285715,0.2,-0.08132015,-0.09965858,-0.49525368,-0.25117296,0.0,2.0,2.0,1.0,1.0,0.0,0.0,1.0,,8-9,12.0,0.0,0.0,0.4,,,-1.0394639,-0.77468956,1.0,Tekhand,13.0,1.0,8.0,1.0,18.0,0.12410065,0.0,0.0,0.0,0.0,1.0,0.0,-0.09965858,,-0.25117296,-0.77468956
TK291,0.0,0.0,0.0,,6-7,19.0,17.0,0.4857143,0.6333333,1.1476177,0.97398067,0.85953355,0.7298215,0.0,5.0,5.0,3.0,3.0,0.0,0.0,1.0,,4-7,23.0,23.0,0.6764706,0.76666665,1.4277567,1.064809,1.5222976,1.2975802,1.0,Tekhand,11.0,1.0,7.0,0.0,17.0,-1.6351523,0.0,0.0,0.0,1.0,0.0,0.0,0.97398067,1.064809,0.7298215,1.2975802
TK292,1.0,1.0,1.0,3.0,6-7,16.0,16.0,0.45714286,0.53333336,0.8963271,0.78219223,0.3111623,0.33450478,1.0,5.0,4.0,3.0,2.0,0.0,0.0,1.0,,8-9,18.0,18.0,0.51428574,0.6,0.72126734,0.6341798,0.46394446,0.41458023,1.0,Tekhand,12.0,1.0,7.0,1.0,14.0,-2.8472116,0.0,0.0,0.0,1.0,0.0,0.0,0.78219223,0.6341798,0.33450478,0.41458023
TK295,1.0,1.0,0.0,4.0,8-9,7.0,4.0,0.114285715,0.23333333,-0.53978586,-0.29457682,-0.45784205,-0.24002625,1.0,2.0,2.0,1.0,1.0,0.0,0.0,1.0,,8-9,12.0,11.0,0.31428573,0.4,-0.36363956,-0.1407448,-0.13363637,-0.052207444,1.0,Tekhand,14.0,1.0,8.0,1.0,17.0,-0.57153755,0.0,0.0,0.0,0.0,1.0,0.0,-0.29457682,-0.1407448,-0.24002625,-0.052207444
TK296,1.0,1.0,1.0,5.0,6-7,21.0,16.0,0.45714286,0.7,0.56174004,0.48262817,1.3307971,1.0819396,1.0,4.0,5.0,3.0,3.0,0.0,0.0,1.0,,4-7,12.0,23.0,0.6764706,0.4,1.6544132,1.2930945,-0.5913317,-0.37120193,1.0,Tekhand,12.0,1.0,7.0,1.0,19.0,-0.29574877,0.0,0.0,0.0,1.0,0.0,0.0,0.48262817,1.2930945,1.0819396,-0.37120193
TK297,1.0,1.0,1.0,5.0,6-7,19.0,19.0,0.54285717,0.6333333,0.83792615,0.67179,0.88434124,0.78543794,1.0,5.0,5.0,3.0,3.0,0.0,0.0,1.0,,4-7,25.0,30.0,0.88235295,0.8333333,3.0159404,2.3355079,2.0083568,1.7731261,1.0,Tekhand,11.0,1.0,6.0,1.0,19.0,-1.4684789,0.0,0.0,1.0,0.0,0.0,0.0,0.67179,2.3355079,0.78543794,1.7731261
TK298,0.0,0.0,0.0,,8-9,15.0,12.0,0.34285715,0.5,0.44331643,0.42592928,0.7549899,0.7492697,0.0,3.0,4.0,2.0,3.0,0.0,1.0,0.0,,8-9,14.0,12.0,0.34285715,0.46666667,-0.53077257,-0.34204808,-0.025467578,0.025166262,1.0,Tekhand,14.0,1.0,8.0,0.0,17.0,0.92924875,0.0,0.0,0.0,0.0,1.0,0.0,0.42592928,-0.34204808,0.7492697,0.025166262
TK299,0.0,0.0,0.0,,6-7,16.0,8.0,0.22857143,0.53333336,-1.7303756,-1.954605,0.2899753,0.3342203,0.0,1.0,4.0,1.0,2.0,0.0,0.0,1.0,,4-7,15.0,9.0,0.2647059,0.5,-0.7396091,-0.40598217,0.06637048,0.12509985,1.0,Tekhand,14.0,1.0,7.0,1.0,17.0,-1.7203732,0.0,0.0,0.0,1.0,0.0,0.0,-1.954605,-0.40598217,0.3342203,0.12509985
TK300,0.0,0.0,0.0,,8-9,9.0,6.0,0.17142858,0.3,-0.9507046,-0.6304042,-0.31471914,-0.19272733,0.0,1.0,2.0,1.0,1.0,1.0,1.0,0.0,3.0,8-9,22.0,14.0,0.4,0.73333335,0.19698174,0.23327768,1.4150003,1.2384005,1.0,Tekhand,14.0,1.0,8.0,1.0,14.0,1.3882389,0.0,0.0,0.0,0.0,1.0,0.0,-0.6304042,0.23327768,-0.19272733,1.2384005
TK301,0.0,0.0,0.0,,8-9,9.0,7.0,0.2,0.3,-0.106056325,0.004803607,-0.51354796,-0.18785526,0.0,2.0,2.0,2.0,1.0,1.0,1.0,0.0,3.0,8-9,13.0,13.0,0.37142858,0.43333334,-0.28267425,-0.12586027,-0.37854475,-0.21158567,1.0,Tekhand,14.0,1.0,8.0,1.0,14.0,0.12410065,0.0,0.0,0.0,0.0,1.0,0.0,0.0048036054,-0.12586027,-0.18785526,-0.21158567
TK302,0.0,0.0,0.0,,6-7,11.0,3.0,0.08571429,0.36666667,-1.6992608,-1.2267172,-0.35381392,-0.21934779,0.0,1.0,3.0,1.0,2.0,0.0,0.0,1.0,,4-7,12.0,7.0,0.20588236,0.4,-1.1963611,-0.78085977,-0.962831,-0.71871555,1.0,Tekhand,12.0,1.0,6.0,0.0,14.0,2.1308188,0.0,0.0,1.0,0.0,0.0,0.0,-1.2267172,-0.78085977,-0.21934779,-0.71871555
TK303,1.0,1.0,0.0,2.0,8-9,10.0,14.0,0.4,0.33333334,1.167551,1.0650071,0.122117124,0.26252386,1.0,4.0,3.0,3.0,2.0,,,,,,,,,,,,,,,Tekhand,,1.0,9.0,0.0,17.0,2.0947354,0.0,0.0,0.0,0.0,0.0,1.0,1.0650071,,0.26252386,
TK304,0.0,0.0,0.0,,8-9,13.0,14.0,0.4,0.43333334,-0.7771408,-0.7170098,0.724701,0.6532749,0.0,1.0,4.0,1.0,2.0,,,,,,,,,,,,,,,Tekhand,,1.0,9.0,1.0,17.0,1.6909915,0.0,0.0,0.0,0.0,0.0,1.0,-0.7170098,,0.6532749,
TK305,0.0,0.0,0.0,,8-9,20.0,15.0,0.42857143,0.6666667,1.4689885,1.2462081,1.1425555,1.0226556,0.0,5.0,5.0,3.0,3.0,0.0,0.0,0.0,,8-9,20.0,28.0,0.8,0.6666667,2.7075944,2.1029525,1.0628207,0.9011086,0.0,Tekhand,,0.0,8.0,1.0,12.0,-0.16027994,0.0,0.0,0.0,0.0,1.0,0.0,1.2462081,2.1029525,1.0226556,0.9011086
TK306,1.0,1.0,1.0,2.0,6-7,17.0,13.0,0.37142858,0.56666666,0.68011636,0.62471026,0.7102545,0.7186908,1.0,5.0,5.0,3.0,3.0,1.0,1.0,0.0,3.0,4-7,22.0,26.0,0.7647059,0.73333335,2.1584954,1.6664221,0.9790549,0.8256055,1.0,Tekhand,,0.0,6.0,0.0,12.0,1.6231838,0.0,0.0,1.0,0.0,0.0,0.0,0.62471026,1.6664221,0.7186908,0.8256055
TK307,1.0,1.0,1.0,2.0,6-7,6.0,10.0,0.2857143,0.2,-0.18504895,-0.09614044,-1.4674661,-1.1432327,1.0,3.0,1.0,2.0,1.0,1.0,0.0,0.0,2.0,4-7,11.0,17.0,0.5,0.36666667,0.43287298,0.43940306,-0.4509805,-0.28832942,1.0,Tekhand,,0.0,6.0,1.0,12.0,-0.64344543,0.0,0.0,1.0,0.0,0.0,0.0,-0.09614044,0.43940306,-1.1432327,-0.28832942
TK308,1.0,1.0,1.0,1.0,6-7,13.0,14.0,0.4,0.43333334,0.52652943,0.50614333,-0.34551454,-0.24542893,1.0,5.0,3.0,3.0,2.0,0.0,0.0,1.0,,4-7,16.0,18.0,0.5294118,0.53333336,0.56278926,0.5525856,0.28118303,0.3076094,1.0,Tekhand,13.0,0.0,6.0,0.0,12.0,-3.6369667,0.0,0.0,1.0,0.0,0.0,0.0,0.50614333,0.5525856,-0.24542893,0.3076094
TK309,1.0,1.0,1.0,2.0,6-7,17.0,13.0,0.37142858,0.56666666,0.41926792,0.4359084,0.5194933,0.4820535,1.0,5.0,5.0,3.0,3.0,1.0,1.0,1.0,2.0,4-7,19.0,28.0,0.8235294,0.6333333,2.3109696,1.9098657,0.72478575,0.6758552,1.0,Tekhand,13.0,0.0,6.0,1.0,12.0,-0.92960346,0.0,0.0,1.0,0.0,0.0,0.0,0.4359084,1.9098657,0.4820535,0.6758552
TK310,1.0,1.0,1.0,2.0,8-9,8.0,11.0,0.31428573,0.26666668,-0.37553164,-0.2685992,-0.40427256,-0.18785526,1.0,2.0,2.0,1.0,1.0,0.0,0.0,1.0,,8-9,12.0,15.0,0.42857143,0.4,0.47444987,0.45353532,-0.5793495,-0.38960508,1.0,Tekhand,15.0,0.0,9.0,1.0,13.0,0.12410065,0.0,0.0,0.0,0.0,0.0,1.0,-0.2685992,0.45353532,-0.18785526,-0.38960508
TK313,1.0,1.0,1.0,2.0,6-7,8.0,15.0,0.42857143,0.26666668,0.7652958,0.7120374,-1.2321401,-0.965477,1.0,5.0,1.0,3.0,1.0,0.0,0.0,1.0,,4-7,10.0,15.0,0.44117647,0.33333334,0.51468474,0.45445344,-0.5100359,-0.30388418,1.0,Tekhand,10.0,0.0,6.0,0.0,13.0,-2.106704,0.0,0.0,1.0,0.0,0.0,0.0,0.7120374,0.45445344,-0.965477,-0.30388418
TK314,1.0,0.0,0.0,2.0,8-9,12.0,14.0,0.4,0.4,0.86722493,0.85308564,0.1659369,0.27075028,1.0,4.0,3.0,2.0,2.0,1.0,0.0,0.0,2.0,8-9,17.0,24.0,0.6857143,0.56666666,1.9384402,1.5343134,0.61446697,0.56039613,1.0,Tekhand,,0.0,9.0,1.0,12.0,-2.106704,0.0,0.0,0.0,0.0,0.0,1.0,0.85308564,1.5343134,0.27075028,0.56039613
TK315,1.0,0.0,0.0,2.0,8-9,9.0,19.0,0.54285717,0.3,2.1069944,1.7205081,-0.16928908,0.004291453,1.0,5.0,2.0,3.0,1.0,,,,,,,,,,,,,,,Tekhand,13.0,0.0,9.0,1.0,12.0,-0.8792201,0.0,0.0,0.0,0.0,0.0,1.0,1.7205081,,0.004291453,
TK316,1.0,0.0,0.0,2.0,8-9,9.0,16.0,0.45714286,0.3,1.6522353,1.4360268,-0.15705708,0.004291453,1.0,5.0,2.0,3.0,1.0,1.0,0.0,0.0,2.0,8-9,23.0,25.0,0.71428573,0.76666665,2.146448,1.6707742,1.6474326,1.4495931,1.0,Tekhand,,0.0,9.0,1.0,12.0,-1.816513,0.0,0.0,0.0,0.0,0.0,1.0,1.4360268,1.6707742,0.004291453,1.4495931
TK317,1.0,0.0,1.0,2.0,8-9,9.0,11.0,0.31428573,0.3,0.5212885,0.50479406,-0.276202,-0.20654209,1.0,3.0,2.0,2.0,1.0,,,,,,,,,,,,,,,Tekhand,13.0,0.0,8.0,1.0,12.0,-0.59600693,0.0,0.0,0.0,0.0,1.0,0.0,0.50479406,,-0.20654209,
TK318,1.0,1.0,1.0,,8-9,12.0,12.0,0.34285715,0.4,0.014781808,0.016441071,0.009236728,0.1480708,1.0,2.0,2.0,1.0,2.0,0.0,0.0,1.0,,8-9,12.0,16.0,0.45714286,0.4,-0.23400846,-0.060556646,-1.1709744,-0.8699991,1.0,Tekhand,16.0,0.0,9.0,1.0,12.0,-1.4011551,0.0,0.0,0.0,0.0,0.0,1.0,0.01644107,-0.060556646,0.1480708,-0.8699991
TK319,0.0,1.0,0.0,,6-7,11.0,7.0,0.2,0.36666667,-0.45163304,-0.23719926,-0.39694533,-0.25252986,1.0,2.0,2.0,2.0,2.0,0.0,0.0,1.0,,4-7,18.0,12.0,0.3529412,0.6,-0.54811335,-0.2997751,0.18163703,0.16487549,1.0,Tekhand,10.0,0.0,7.0,1.0,12.0,-0.7398703,0.0,0.0,0.0,1.0,0.0,0.0,-0.23719926,-0.2997751,-0.25252986,0.16487549
TK320,0.0,0.0,0.0,,8-9,13.0,12.0,0.34285715,0.43333334,0.7552371,0.76193625,0.27277154,0.3508193,0.0,4.0,3.0,2.0,2.0,1.0,0.0,0.0,2.0,8-9,14.0,19.0,0.54285717,0.46666667,0.8743166,0.7422911,0.14214176,0.15997888,1.0,Tekhand,,0.0,9.0,0.0,12.0,1.3256706,0.0,0.0,0.0,0.0,0.0,1.0,0.76193625,0.7422911,0.3508193,0.15997888
TK321,0.0,0.0,0.0,,6-7,11.0,12.0,0.34285715,0.36666667,-0.081883945,-0.0013921094,-0.810588,-0.587144,0.0,3.0,2.0,2.0,1.0,0.0,0.0,0.0,,4-7,13.0,11.0,0.32352942,0.43333334,-0.52539474,-0.26732108,-0.14742945,-0.07452568,0.0,Tekhand,13.0,0.0,6.0,0.0,13.0,-2.106704,0.0,0.0,1.0,0.0,0.0,0.0,-0.001392111,-0.26732108,-0.587144,-0.07452568
TK322,0.0,0.0,0.0,,6-7,11.0,12.0,0.34285715,0.36666667,-0.239863,-0.1739471,-0.34263766,-0.2110968,0.0,2.0,3.0,2.0,2.0,0.0,0.0,1.0,,4-7,16.0,15.0,0.44117647,0.53333336,0.45332578,0.44751918,0.051955886,0.08035236,1.0,Tekhand,11.0,0.0,6.0,0.0,12.0,-0.16027994,0.0,0.0,1.0,0.0,0.0,0.0,-0.1739471,0.44751918,-0.2110968,0.08035236
TK323,0.0,0.0,0.0,,8-9,17.0,7.0,0.2,0.56666666,-0.8675638,-0.6141687,0.72817695,0.6650668,0.0,1.0,4.0,1.0,3.0,0.0,1.0,0.0,,8-9,19.0,13.0,0.37142858,0.6333333,-0.55995685,-0.32757527,0.9172878,0.8251158,1.0,Tekhand,,0.0,9.0,0.0,13.0,-0.34164047,0.0,0.0,0.0,0.0,0.0,1.0,-0.6141687,-0.32757527,0.6650668,0.8251158
TK327,1.0,1.0,1.0,1.0,8-9,16.0,14.0,0.4,0.53333336,0.8709575,0.7951887,0.62086725,0.74229944,1.0,4.0,4.0,3.0,3.0,0.0,0.0,1.0,,8-9,21.0,23.0,0.6571429,0.7,1.5332875,1.1642458,1.0556551,1.0018016,1.0,Tekhand,,0.0,8.0,0.0,13.0,-0.8792201,0.0,0.0,0.0,0.0,1.0,0.0,0.7951887,1.1642458,0.74229944,1.0018016
TK329,1.0,1.0,1.0,2.0,8-9,12.0,13.0,0.37142858,0.4,1.2253172,1.0902122,0.16689925,0.3515951,1.0,5.0,3.0,3.0,2.0,1.0,0.0,0.0,5.0,8-9,16.0,25.0,0.71428573,0.53333336,2.0489347,1.5947173,0.054207638,0.07807862,1.0,Tekhand,,0.0,8.0,1.0,13.0,-1.3184066,0.0,0.0,0.0,0.0,1.0,0.0,1.0902122,1.5947173,0.3515951,0.07807862
TK330,0.0,0.0,0.0,,8-9,13.0,16.0,0.45714286,0.43333334,1.540322,1.3875953,0.5174755,0.576677,0.0,5.0,4.0,3.0,2.0,,,,,,,,,,,,,,,Tekhand,,0.0,9.0,1.0,13.0,-1.4011551,0.0,0.0,0.0,0.0,0.0,1.0,1.3875953,,0.576677,
TK331,1.0,1.0,1.0,1.0,8-9,15.0,14.0,0.4,0.5,1.4384862,1.2056719,0.8630468,0.7661861,1.0,5.0,4.0,3.0,3.0,0.0,0.0,1.0,,8-9,21.0,23.0,0.6571429,0.7,1.8340194,1.4502561,1.0094705,0.8598968,1.0,Tekhand,,0.0,8.0,1.0,13.0,-2.106704,0.0,0.0,0.0,0.0,1.0,0.0,1.2056719,1.4502561,0.7661861,0.8598968
TK332,0.0,0.0,0.0,,8-9,11.0,18.0,0.51428574,0.36666667,1.974446,1.5703276,-0.007440014,0.093384095,0.0,5.0,2.0,3.0,1.0,,,,,,,,,,,,,,,Tekhand,15.0,0.0,9.0,1.0,19.0,0.5336551,0.0,0.0,0.0,0.0,0.0,1.0,1.5703276,,0.093384095,
TK333,1.0,1.0,0.0,3.0,6-7,10.0,10.0,0.2857143,0.33333334,0.22099477,0.20503096,-0.6895101,-0.49944025,1.0,4.0,2.0,2.0,2.0,0.0,0.0,1.0,,4-7,10.0,20.0,0.5882353,0.33333334,1.1583136,0.9672754,-0.6991151,-0.5125137,1.0,Tekhand,12.0,0.0,6.0,1.0,12.0,-0.6318316,0.0,0.0,1.0,0.0,0.0,0.0,0.20503096,0.9672754,-0.49944025,-0.5125137
TK334,0.0,0.0,0.0,,6-7,11.0,15.0,0.42857143,0.36666667,0.7884053,0.7111564,-0.14807153,-0.060897652,0.0,5.0,3.0,3.0,2.0,0.0,1.0,0.0,,4-7,12.0,21.0,0.61764705,0.4,1.1678075,0.96374273,-0.24988751,-0.12295947,1.0,Tekhand,12.0,0.0,7.0,0.0,12.0,-0.6318316,0.0,0.0,0.0,1.0,0.0,0.0,0.7111564,0.96374273,-0.060897652,-0.12295947
TK335,1.0,1.0,0.0,2.0,8-9,13.0,8.0,0.22857143,0.43333334,-0.46752268,-0.28821853,0.42403919,0.4598723,1.0,2.0,3.0,1.0,2.0,,,,,,,,,,,,,,,Tekhand,12.0,0.0,9.0,0.0,13.0,-0.5490831,0.0,0.0,0.0,0.0,0.0,1.0,-0.28821853,,0.4598723,
TK336,0.0,1.0,0.0,,6-7,11.0,12.0,0.34285715,0.36666667,-0.6591628,-0.48469722,-0.5130506,-0.33319753,1.0,2.0,3.0,1.0,2.0,0.0,0.0,1.0,,4-7,17.0,11.0,0.32352942,0.56666666,-1.0359464,-0.6169353,0.06633352,0.103783034,1.0,Tekhand,,0.0,6.0,0.0,13.0,-0.018611643,0.0,0.0,1.0,0.0,0.0,0.0,-0.48469722,-0.6169353,-0.33319753,0.103783034
TK339,0.0,0.0,1.0,,8-9,11.0,13.0,0.37142858,0.36666667,0.5068986,0.6082329,0.18273409,0.2782311,1.0,4.0,3.0,3.0,2.0,0.0,1.0,0.0,,8-9,24.0,19.0,0.54285717,0.8,0.9608203,0.8134903,1.5024817,1.3371723,1.0,Tekhand,,1.0,8.0,0.0,17.0,1.9881065,0.0,0.0,0.0,0.0,1.0,0.0,0.6082329,0.8134903,0.2782311,1.3371723
TK340,1.0,0.0,1.0,2.0,8-9,15.0,12.0,0.34285715,0.5,0.56866616,0.53564715,0.37986556,0.4154626,1.0,4.0,3.0,2.0,2.0,,,,,,,,,,,,,,,Tekhand,,0.0,8.0,0.0,12.0,0.92924875,0.0,0.0,0.0,0.0,1.0,0.0,0.53564715,,0.4154626,
TK341,0.0,0.0,0.0,,6-7,24.0,9.0,0.25714287,0.8,-1.4904443,-1.1814892,1.6483369,1.4532477,0.0,1.0,5.0,1.0,3.0,0.0,0.0,0.0,,4-7,25.0,14.0,0.4117647,0.8333333,-0.049969032,0.08624969,2.0019927,1.7572974,0.0,Tekhand,12.0,1.0,7.0,1.0,14.0,1.2895874,0.0,0.0,0.0,1.0,0.0,0.0,-1.1814892,0.08624969,1.4532477,1.7572974
TK342,0.0,0.0,1.0,,6-7,8.0,15.0,0.42857143,0.26666668,0.287179,0.28335834,-0.99774104,-0.73150694,1.0,4.0,2.0,2.0,1.0,1.0,0.0,0.0,1.0,4-7,12.0,18.0,0.5294118,0.4,1.0605726,0.87642205,-0.70688313,-0.48897,1.0,Tekhand,,0.0,7.0,1.0,12.0,-2.174028,0.0,0.0,0.0,1.0,0.0,0.0,0.28335834,0.87642205,-0.73150694,-0.48897
TK343,0.0,0.0,1.0,,8-9,8.0,8.0,0.22857143,0.26666668,-0.36239752,-0.1761871,-0.45522743,-0.3292231,1.0,2.0,2.0,1.0,1.0,0.0,0.0,1.0,,8-9,19.0,15.0,0.42857143,0.6333333,0.40191403,0.38932773,0.76287895,0.6394497,1.0,Tekhand,,1.0,8.0,1.0,17.0,-1.3373805,0.0,0.0,0.0,0.0,1.0,0.0,-0.1761871,0.38932773,-0.3292231,0.6394497
TK344,0.0,0.0,0.0,,8-9,6.0,9.0,0.25714287,0.2,-1.4900459,-2.166265,-0.65889895,-0.46820018,0.0,1.0,1.0,1.0,1.0,0.0,1.0,0.0,,8-9,18.0,8.0,0.22857143,0.6,-1.1604795,-0.7714032,0.5906631,0.5538595,1.0,Tekhand,,1.0,8.0,0.0,17.0,-0.9738676,0.0,0.0,0.0,0.0,1.0,0.0,-2.166265,-0.7714032,-0.46820018,0.5538595
TK345,0.0,0.0,0.0,,8-9,4.0,12.0,0.34285715,0.13333334,0.0015717609,0.010444371,-1.0656779,-0.95630825,0.0,2.0,1.0,2.0,1.0,1.0,0.0,0.0,,8-9,7.0,8.0,0.22857143,0.23333333,-1.1349033,-0.76365346,-1.5063969,-1.1759642,1.0,Tekhand,,1.0,8.0,0.0,17.0,-1.3507718,0.0,0.0,0.0,0.0,1.0,0.0,0.010444369,-0.76365346,-0.95630825,-1.1759642
TK346,0.0,0.0,1.0,,6-7,14.0,8.0,0.22857143,0.46666667,-0.0008576619,0.07798147,0.19433613,0.23021334,1.0,3.0,4.0,2.0,3.0,,,,,,,,,,,,,,,Tekhand,,1.0,6.0,1.0,17.0,0.9176349,0.0,0.0,1.0,0.0,0.0,0.0,0.07798147,,0.23021334,
TK347,1.0,0.0,0.0,1.0,8-9,7.0,7.0,0.2,0.23333333,-1.7895681,-1.6053678,-0.48925915,-0.26519448,1.0,1.0,1.0,1.0,1.0,0.0,1.0,0.0,,8-9,8.0,8.0,0.22857143,0.26666668,-1.3622144,-1.4104202,-1.1498473,-0.8438875,1.0,Tekhand,14.0,1.0,9.0,0.0,17.0,-0.17367122,0.0,0.0,0.0,0.0,0.0,1.0,-1.6053678,-1.4104202,-0.26519448,-0.8438875
TK348,1.0,1.0,0.0,2.0,6-7,12.0,9.0,0.25714287,0.4,0.034140076,0.08381154,-0.32904014,-0.3137998,1.0,3.0,2.0,2.0,1.0,0.0,0.0,1.0,,4-7,23.0,23.0,0.6764706,0.76666665,1.6112385,1.2417912,1.3684845,1.1912907,1.0,Tekhand,,1.0,7.0,1.0,14.0,0.92924875,0.0,0.0,0.0,1.0,0.0,0.0,0.08381154,1.2417912,-0.3137998,1.1912907
TK349,0.0,1.0,0.0,,8-9,11.0,3.0,0.08571429,0.36666667,-1.4619309,-1.6439867,0.12693058,0.2915097,1.0,1.0,3.0,1.0,2.0,0.0,0.0,1.0,,8-9,14.0,8.0,0.22857143,0.46666667,-0.8604622,-0.45172226,-0.05621098,0.027198762,1.0,Tekhand,14.0,1.0,8.0,1.0,17.0,-0.64522284,0.0,0.0,0.0,0.0,1.0,0.0,-1.6439867,-0.45172226,0.2915097,0.027198762
TK351,1.0,0.0,0.0,1.0,6-7,16.0,6.0,0.17142858,0.53333336,-1.3093569,-0.8057752,0.24970974,0.29509702,1.0,1.0,3.0,1.0,2.0,0.0,0.0,1.0,,4-7,15.0,12.0,0.3529412,0.5,-0.46802425,-0.2101166,0.035336457,0.09127466,1.0,Tekhand,12.0,1.0,7.0,0.0,17.0,-0.55818516,0.0,0.0,0.0,1.0,0.0,0.0,-0.8057752,-0.2101166,0.29509702,0.09127466
TK352,0.0,0.0,0.0,,8-9,6.0,5.0,0.14285715,0.2,-1.3372731,-0.96198225,-0.54961556,-0.36095288,0.0,1.0,2.0,1.0,1.0,0.0,0.0,1.0,,8-9,8.0,15.0,0.42857143,0.26666668,-0.73267055,-0.5638605,-1.0615406,-0.903973,1.0,Tekhand,16.0,1.0,8.0,0.0,17.0,0.46350765,0.0,0.0,0.0,0.0,1.0,0.0,-0.96198225,-0.5638605,-0.36095288,-0.903973
TK353,0.0,1.0,0.0,,6-7,15.0,12.0,0.34285715,0.5,0.4283192,0.44308212,0.29878333,0.36697832,1.0,4.0,4.0,3.0,3.0,0.0,0.0,1.0,,4-7,17.0,13.0,0.38235295,0.56666666,-0.016996197,0.09620779,0.42175126,0.39443073,1.0,Tekhand,12.0,1.0,7.0,1.0,18.0,-0.109896645,0.0,0.0,0.0,1.0,0.0,0.0,0.44308212,0.09620779,0.36697832,0.39443073
TK354,0.0,1.0,0.0,,6-7,10.0,4.0,0.114285715,0.33333334,-1.3313862,-1.2378807,-0.57379365,-0.39404437,1.0,1.0,2.0,1.0,1.0,0.0,0.0,1.0,,4-7,10.0,12.0,0.3529412,0.33333334,-0.22176172,-0.0631679,-0.8917064,-0.6250651,1.0,Tekhand,12.0,1.0,7.0,0.0,18.0,-5.630599,0.0,0.0,0.0,1.0,0.0,0.0,-1.2378807,-0.0631679,-0.39404437,-0.6250651
TK355,0.0,0.0,0.0,,6-7,9.0,10.0,0.2857143,0.3,-0.79666215,-0.47845948,-0.8692059,-0.6195991,0.0,2.0,2.0,1.0,1.0,0.0,0.0,1.0,,4-7,16.0,11.0,0.32352942,0.53333336,-0.92769223,-0.5733898,0.45098332,0.42406228,1.0,Tekhand,12.0,1.0,7.0,1.0,14.0,-0.109896645,0.0,0.0,0.0,1.0,0.0,0.0,-0.47845948,-0.5733898,-0.6195991,0.42406228
TK357,0.0,0.0,0.0,,6-7,10.0,8.0,0.22857143,0.33333334,-0.81750655,-0.5023807,-0.73874456,-0.5013822,0.0,2.0,2.0,1.0,1.0,0.0,0.0,1.0,,4-7,16.0,8.0,0.23529412,0.53333336,-0.96366066,-0.6693791,0.5304287,0.47422644,1.0,Tekhand,12.0,1.0,7.0,1.0,14.0,-0.07407202,0.0,0.0,0.0,1.0,0.0,0.0,-0.5023807,-0.6693791,-0.5013822,0.47422644
TK358,1.0,0.0,0.0,5.0,6-7,7.0,10.0,0.2857143,0.23333333,-0.90008724,-0.679855,-1.3926111,-1.2317297,1.0,1.0,1.0,1.0,1.0,1.0,0.0,0.0,5.0,4-7,11.0,7.0,0.20588236,0.36666667,-1.2584659,-0.898108,-0.8542179,-0.64628774,1.0,Tekhand,15.0,1.0,7.0,0.0,19.0,-0.9969273,0.0,0.0,0.0,1.0,0.0,0.0,-0.679855,-0.898108,-1.2317297,-0.64628774
TK360,1.0,1.0,1.0,2.0,6-7,9.0,11.0,0.31428573,0.3,0.32131937,0.3180771,-1.3147608,-1.069354,1.0,4.0,1.0,3.0,1.0,,,,,,,,,,,,,,,Tekhand,12.0,1.0,6.0,0.0,15.0,0.12410065,0.0,0.0,1.0,0.0,0.0,0.0,0.3180771,,-1.069354,
TK361,1.0,1.0,1.0,1.0,6-7,11.0,10.0,0.2857143,0.36666667,-0.15812604,-0.008401604,-0.30904567,-0.17569551,1.0,3.0,3.0,2.0,2.0,1.0,1.0,0.0,3.0,4-7,16.0,13.0,0.38235295,0.53333336,0.0664147,0.18985923,0.22575054,0.23700236,1.0,Tekhand,,1.0,6.0,1.0,14.0,-0.16027994,0.0,0.0,1.0,0.0,0.0,0.0,-0.008401606,0.18985923,-0.17569551,0.23700236
TK362,1.0,1.0,1.0,2.0,6-7,15.0,13.0,0.37142858,0.5,0.757033,0.648439,0.28375697,0.33178946,1.0,4.0,3.0,3.0,2.0,1.0,0.0,0.0,2.0,4-7,21.0,19.0,0.5588235,0.7,0.9732687,0.7921244,1.1989939,0.9575971,1.0,Tekhand,10.0,1.0,8.0,1.0,14.0,2.8247538,0.0,0.0,0.0,0.0,1.0,0.0,0.648439,0.7921244,0.33178946,0.9575971
TK363,0.0,0.0,0.0,,6-7,8.0,9.0,0.25714287,0.26666668,-0.6384106,-0.40932715,-0.7769847,-0.57960385,0.0,2.0,2.0,1.0,1.0,,,,,,,,,,,,,,,Tekhand,13.0,1.0,7.0,1.0,17.0,-0.109896645,0.0,0.0,0.0,1.0,0.0,0.0,-0.40932715,,-0.57960385,
TK364,0.0,0.0,0.0,,8-9,11.0,9.0,0.25714287,0.36666667,-0.45762074,-0.29902604,-0.3325082,-0.26290953,0.0,2.0,2.0,1.0,1.0,1.0,1.0,0.0,3.0,8-9,14.0,13.0,0.37142858,0.46666667,-0.4893801,-0.2709047,-0.07775521,-0.014234291,1.0,Tekhand,,1.0,8.0,1.0,17.0,-0.109896645,0.0,0.0,0.0,0.0,1.0,0.0,-0.29902604,-0.2709047,-0.26290953,-0.014234291
TK365,0.0,0.0,0.0,,8-9,6.0,11.0,0.31428573,0.2,0.37923843,0.3357199,-0.59928745,-0.43130583,0.0,3.0,1.0,2.0,1.0,0.0,0.0,1.0,,8-9,20.0,20.0,0.5714286,0.6666667,1.4310212,1.1128805,0.9301121,0.7657373,1.0,Tekhand,,1.0,8.0,0.0,17.0,0.69525146,0.0,0.0,0.0,0.0,1.0,0.0,0.3357199,1.1128805,-0.43130583,0.7657373
TK366,1.0,0.0,0.0,4.0,6-7,9.0,10.0,0.2857143,0.3,0.15257616,0.17403953,-1.5337752,-1.32413,1.0,4.0,1.0,2.0,1.0,,,,,,,,,,,,,,,Tekhand,10.0,1.0,6.0,1.0,16.0,-3.2567968,0.0,0.0,1.0,0.0,0.0,0.0,0.17403953,,-1.32413,
TK367,1.0,1.0,0.0,4.0,6-7,16.0,7.0,0.2,0.53333336,-0.35916528,-0.16361852,0.51282847,0.4893011,1.0,2.0,5.0,2.0,3.0,0.0,0.0,1.0,,4-7,11.0,12.0,0.3529412,0.36666667,-0.13609937,0.035098545,-0.5620194,-0.35909188,1.0,Tekhand,11.0,1.0,6.0,0.0,16.0,-1.3373805,0.0,0.0,1.0,0.0,0.0,0.0,-0.16361852,0.035098545,0.4893011,-0.35909188
TK368,1.0,1.0,1.0,3.0,6-7,9.0,14.0,0.4,0.3,0.30944166,0.33201143,-0.6310697,-0.42660522,1.0,4.0,2.0,2.0,1.0,0.0,0.0,1.0,,4-7,12.0,9.0,0.2647059,0.4,-0.59811336,-0.3218585,-1.0724603,-0.77530664,1.0,Tekhand,12.0,1.0,7.0,0.0,15.0,0.0032806848,0.0,0.0,0.0,1.0,0.0,0.0,0.33201143,-0.3218585,-0.42660522,-0.77530664
TK369,1.0,1.0,1.0,5.0,6-7,6.0,13.0,0.37142858,0.2,-0.30918893,-0.113357216,-1.2128669,-1.0195113,1.0,3.0,1.0,2.0,1.0,1.0,0.0,0.0,1.0,4-7,20.0,17.0,0.5,0.6666667,0.5488175,0.47776803,0.8814158,0.835667,1.0,Tekhand,,1.0,7.0,1.0,15.0,0.92924875,0.0,0.0,0.0,1.0,0.0,0.0,-0.113357216,0.47776803,-1.0195113,0.835667
TK370,1.0,1.0,1.0,5.0,8-9,17.0,12.0,0.34285715,0.56666666,0.57653445,0.61595994,1.258359,1.0913407,1.0,4.0,5.0,3.0,3.0,1.0,0.0,0.0,2.0,8-9,20.0,17.0,0.4857143,0.6666667,1.0126698,0.8266542,1.0705243,0.90096194,1.0,Tekhand,,1.0,8.0,0.0,15.0,0.12410065,0.0,0.0,0.0,0.0,1.0,0.0,0.61595994,0.8266542,1.0913407,0.90096194
TK371,0.0,0.0,1.0,,8-9,11.0,14.0,0.4,0.36666667,0.0268991,-0.054931242,0.23045231,0.31597266,1.0,2.0,3.0,1.0,2.0,,,,,,,,,,,,,,,Tekhand,13.0,1.0,8.0,1.0,14.0,4.388462,0.0,0.0,0.0,0.0,1.0,0.0,-0.054931242,,0.31597266,
TK372,0.0,0.0,1.0,,8-9,12.0,10.0,0.2857143,0.4,-0.28473654,-0.16089967,0.7612614,0.7137779,1.0,2.0,4.0,1.0,3.0,,,,,,,,,,,,,,,Tekhand,14.0,1.0,8.0,0.0,14.0,1.4008003,0.0,0.0,0.0,0.0,1.0,0.0,-0.16089967,,0.7137779,
TK373,1.0,1.0,1.0,1.0,6-7,8.0,7.0,0.2,0.26666668,-1.5413479,-1.0752425,-1.1534193,-0.894676,1.0,1.0,2.0,1.0,1.0,0.0,0.0,1.0,,4-7,14.0,11.0,0.32352942,0.46666667,-0.94822794,-0.5776126,-0.15024982,-0.025894715,1.0,Tekhand,10.0,1.0,6.0,1.0,14.0,-1.0471894,0.0,0.0,1.0,0.0,0.0,0.0,-1.0752425,-0.5776126,-0.894676,-0.025894715
TK375,1.0,1.0,1.0,1.0,6-7,19.0,13.0,0.37142858,0.6333333,0.6207011,0.5821671,0.8573632,0.73700416,1.0,5.0,5.0,3.0,3.0,0.0,0.0,1.0,,4-7,23.0,23.0,0.6764706,0.76666665,1.271372,0.9944907,1.355858,1.1541991,1.0,Tekhand,,1.0,6.0,0.0,14.0,1.4008003,0.0,0.0,1.0,0.0,0.0,0.0,0.5821671,0.9944907,0.73700416,1.1541991
TK376,0.0,0.0,1.0,,8-9,7.0,11.0,0.31428573,0.23333333,0.82812625,0.8206575,-0.97923636,-0.87096083,1.0,4.0,1.0,2.0,1.0,1.0,0.0,0.0,2.0,4-7,8.0,16.0,0.47058824,0.26666668,-0.029366158,0.06143211,-0.8190456,-0.62465626,1.0,Tekhand,,1.0,9.0,0.0,15.0,-1.3507718,0.0,0.0,0.0,0.0,0.0,1.0,0.8206575,0.06143211,-0.87096083,-0.62465626
TK377,0.0,0.0,1.0,,6-7,5.0,9.0,0.25714287,0.16666667,-0.6008813,-0.4071689,-1.7126831,-1.4724321,1.0,2.0,1.0,1.0,1.0,0.0,0.0,1.0,,4-7,10.0,16.0,0.47058824,0.33333334,-0.3341304,-0.12797806,-1.0929543,-0.83303577,1.0,Tekhand,,1.0,7.0,1.0,15.0,-2.0239556,0.0,0.0,0.0,1.0,0.0,0.0,-0.4071689,-0.12797806,-1.4724321,-0.83303577
TK379,1.0,0.0,1.0,2.0,6-7,13.0,9.0,0.25714287,0.43333334,-1.3904667,-1.012339,-0.09304383,-0.050290357,1.0,1.0,4.0,1.0,2.0,,,,,,,,,,,,,,,Tekhand,11.0,1.0,6.0,0.0,15.0,-1.5091938,0.0,0.0,1.0,0.0,0.0,0.0,-1.012339,,-0.050290357,
TK380,1.0,0.0,0.0,2.0,6-7,6.0,15.0,0.42857143,0.2,0.59196234,0.5614897,-1.5320569,-1.254892,1.0,5.0,1.0,3.0,1.0,1.0,0.0,0.0,4.0,4-7,5.0,12.0,0.3529412,0.16666667,-0.9168394,-0.5599533,-1.9742794,-3.241013,1.0,Tekhand,12.0,0.0,6.0,0.0,12.0,-4.957415,0.0,0.0,1.0,0.0,0.0,0.0,0.5614897,-0.5599533,-1.254892,-3.241013
TK381,1.0,0.0,0.0,2.0,8-9,2.0,6.0,0.17142858,0.06666667,-1.4487381,-1.1458714,-2.0671415,-3.2599194,1.0,1.0,1.0,1.0,1.0,,,,,,,,,,,,,,,Tekhand,13.0,0.0,8.0,0.0,13.0,-2.106704,0.0,0.0,0.0,0.0,1.0,0.0,-1.1458714,,-3.2599194,
TK382,1.0,0.0,0.0,2.0,8-9,18.0,13.0,0.37142858,0.6,0.5799197,0.54743266,1.3565701,1.1769365,1.0,4.0,5.0,2.0,3.0,1.0,0.0,0.0,2.0,8-9,19.0,22.0,0.62857145,0.6333333,1.45025,1.1349387,1.1616049,1.0247715,1.0,Tekhand,12.0,0.0,8.0,1.0,13.0,-4.1207676,0.0,0.0,0.0,0.0,1.0,0.0,0.54743266,1.1349387,1.1769365,1.0247715
TK383,0.0,0.0,0.0,,6-7,15.0,17.0,0.4857143,0.5,0.85852903,0.7144505,-0.37130004,-0.36486164,0.0,5.0,3.0,3.0,2.0,0.0,1.0,0.0,,4-7,14.0,6.0,0.1764706,0.46666667,-1.0385724,-0.64791787,-0.08772644,-0.026474986,1.0,Tekhand,11.0,1.0,6.0,0.0,17.0,-2.074339,0.0,0.0,1.0,0.0,0.0,0.0,0.7144505,-0.64791787,-0.36486164,-0.026474986
TK384,0.0,0.0,1.0,,8-9,12.0,18.0,0.51428574,0.4,1.7561954,1.4855746,0.19702987,0.30412146,1.0,5.0,3.0,3.0,2.0,0.0,0.0,0.0,,8-9,22.0,17.0,0.4857143,0.73333335,0.7335178,0.64622414,0.9270069,0.76823384,0.0,Tekhand,14.0,1.0,8.0,1.0,14.0,0.8858434,0.0,0.0,0.0,0.0,1.0,0.0,1.4855746,0.64622414,0.30412146,0.76823384
TK385,0.0,0.0,0.0,,8-9,8.0,8.0,0.22857143,0.26666668,-0.18513481,-0.11514418,-0.5689838,-0.28442073,0.0,2.0,1.0,1.0,1.0,,,,,,,,,,,,,,,Tekhand,15.0,1.0,9.0,1.0,17.0,-1.3373805,0.0,0.0,0.0,0.0,0.0,1.0,-0.11514418,,-0.28442073,
TK386,0.0,0.0,0.0,,6-7,18.0,14.0,0.4,0.6,0.34010565,0.35091382,0.81632644,0.72595364,0.0,4.0,5.0,2.0,3.0,0.0,0.0,0.0,,4-7,25.0,20.0,0.5882353,0.8333333,1.3869952,1.080682,1.9099898,1.7108688,0.0,Tekhand,12.0,1.0,7.0,1.0,17.0,0.12410065,0.0,0.0,0.0,1.0,0.0,0.0,0.35091382,1.080682,0.72595364,1.7108688
TK387,0.0,0.0,0.0,,6-7,16.0,10.0,0.2857143,0.53333336,0.017488785,0.11037483,0.3165984,0.3040782,0.0,3.0,4.0,2.0,3.0,0.0,0.0,0.0,,4-7,23.0,21.0,0.61764705,0.76666665,1.4841526,1.1468698,1.5547061,1.367764,0.0,Tekhand,11.0,1.0,6.0,1.0,16.0,-1.3373805,0.0,0.0,1.0,0.0,0.0,0.0,0.11037483,1.1468698,0.3040782,1.367764
TK389,0.0,1.0,0.0,,6-7,12.0,6.0,0.17142858,0.4,-0.4852058,-0.2618688,-0.21549177,-0.09948153,1.0,2.0,3.0,2.0,2.0,0.0,0.0,1.0,,4-7,18.0,18.0,0.5294118,0.6,0.5370798,0.46990266,0.73813576,0.66835517,1.0,Tekhand,11.0,1.0,7.0,1.0,15.0,0.92924875,0.0,0.0,0.0,1.0,0.0,0.0,-0.2618688,0.46990266,-0.09948153,0.66835517
TK390,1.0,1.0,0.0,4.0,8-9,12.0,9.0,0.25714287,0.4,0.32649547,0.32694972,0.38964123,0.42244813,1.0,3.0,3.0,2.0,2.0,1.0,0.0,0.0,2.0,8-9,15.0,10.0,0.2857143,0.5,-0.5996057,-0.31526074,0.3165328,0.31339514,1.0,Tekhand,13.0,1.0,8.0,1.0,14.0,0.12410065,0.0,0.0,0.0,0.0,1.0,0.0,0.32694972,-0.31526074,0.42244813,0.31339514
TK391,1.0,1.0,1.0,2.0,8-9,16.0,8.0,0.22857143,0.53333336,0.32010266,0.39254716,1.0989934,0.97447264,1.0,3.0,4.0,2.0,3.0,0.0,0.0,1.0,,8-9,22.0,24.0,0.6857143,0.73333335,2.1248667,1.6561567,1.3567849,1.1706772,1.0,Tekhand,,1.0,8.0,1.0,14.0,0.92924875,0.0,0.0,0.0,0.0,1.0,0.0,0.39254716,1.6561567,0.97447264,1.1706772
TK392,1.0,1.0,1.0,5.0,6-7,15.0,12.0,0.34285715,0.5,0.4723882,0.4654025,0.14208943,0.18917118,1.0,4.0,3.0,3.0,2.0,0.0,0.0,1.0,,4-7,18.0,20.0,0.5882353,0.6,0.9940495,0.8603508,0.47375062,0.43880993,1.0,Tekhand,13.0,1.0,7.0,0.0,15.0,0.12410065,0.0,0.0,0.0,1.0,0.0,0.0,0.4654025,0.8603508,0.18917118,0.43880993
TK393,1.0,1.0,1.0,3.0,6-7,21.0,13.0,0.37142858,0.7,0.22559975,0.25458333,1.2032928,1.022888,1.0,3.0,5.0,2.0,3.0,0.0,0.0,1.0,,4-7,19.0,22.0,0.64705884,0.6333333,1.1943843,0.94034076,0.7232699,0.6368626,1.0,Tekhand,12.0,1.0,7.0,1.0,15.0,-0.6318316,0.0,0.0,0.0,1.0,0.0,0.0,0.25458333,0.94034076,1.022888,0.6368626
TK394,0.0,0.0,0.0,,6-7,13.0,7.0,0.2,0.43333334,-1.2917958,-0.77873224,-0.14731869,-0.07419226,0.0,2.0,3.0,1.0,2.0,1.0,0.0,0.0,4.0,4-7,6.0,9.0,0.2647059,0.2,-1.399241,-0.998862,-1.5227989,-1.140668,1.0,Tekhand,10.0,1.0,6.0,0.0,15.0,-0.6318316,0.0,0.0,1.0,0.0,0.0,0.0,-0.77873224,-0.998862,-0.07419226,-1.140668
TK395,0.0,0.0,0.0,,8-9,9.0,10.0,0.2857143,0.3,0.112846464,0.1055333,0.025273666,0.13065805,0.0,2.0,2.0,1.0,1.0,0.0,0.0,1.0,,8-9,18.0,12.0,0.34285715,0.6,-1.0436006,-0.86003107,0.76215667,0.68978536,1.0,Tekhand,14.0,1.0,9.0,0.0,19.0,-1.0242509,0.0,0.0,0.0,0.0,0.0,1.0,0.1055333,-0.86003107,0.13065805,0.68978536
TK396,0.0,0.0,0.0,,8-9,6.0,9.0,0.25714287,0.2,0.15007329,0.18672132,-0.6343241,-0.3888541,0.0,3.0,2.0,2.0,1.0,,,,,8-9,10.0,10.0,0.2857143,0.33333334,-1.0152239,-0.73508155,-0.69545484,-0.46792287,,Tekhand,16.0,1.0,8.0,1.0,15.0,-3.6438587,0.0,0.0,0.0,0.0,1.0,0.0,0.18672132,-0.73508155,-0.3888541,-0.46792287
TK397,0.0,0.0,0.0,,6-7,2.0,4.0,0.114285715,0.06666667,-2.0969684,-3.5608034,-2.3824317,-3.2654574,0.0,1.0,1.0,1.0,1.0,0.0,0.0,1.0,,4-7,12.0,14.0,0.4117647,0.4,-0.122590624,0.027553529,-0.58162045,-0.41660863,1.0,Tekhand,12.0,1.0,7.0,0.0,14.0,-2.874535,0.0,0.0,0.0,1.0,0.0,0.0,-3.5608034,0.027553527,-3.2654574,-0.41660863
TK398,0.0,1.0,0.0,,6-7,12.0,3.0,0.08571429,0.4,-2.335792,-3.1749291,-0.59939826,-0.41522214,1.0,1.0,2.0,1.0,1.0,1.0,0.0,0.0,1.0,4-7,6.0,9.0,0.2647059,0.2,-1.3725446,-0.96372956,-1.7164698,-1.4658282,1.0,Tekhand,11.0,1.0,7.0,0.0,15.0,0.15992528,0.0,0.0,0.0,1.0,0.0,0.0,-3.1749291,-0.96372956,-0.41522214,-1.4658282
TK399,0.0,0.0,0.0,,6-7,11.0,10.0,0.2857143,0.36666667,-0.58507013,-0.31338236,-0.3602312,-0.22607124,0.0,2.0,2.0,1.0,2.0,0.0,1.0,0.0,,4-7,19.0,14.0,0.4117647,0.6333333,-0.40328836,-0.2470093,0.612014,0.5390316,1.0,Tekhand,14.0,1.0,7.0,1.0,14.0,0.92924875,0.0,0.0,0.0,1.0,0.0,0.0,-0.31338236,-0.2470093,-0.22607124,0.5390316
TK400,0.0,0.0,0.0,,6-7,11.0,9.0,0.25714287,0.36666667,0.117553495,0.16418254,-0.37421304,-0.22045703,0.0,4.0,3.0,2.0,2.0,1.0,0.0,0.0,2.0,4-7,10.0,14.0,0.4117647,0.33333334,0.017651804,0.112970725,-0.8933794,-0.57216954,1.0,Tekhand,11.0,1.0,6.0,0.0,14.0,-0.109896645,0.0,0.0,1.0,0.0,0.0,0.0,0.16418254,0.112970725,-0.22045703,-0.57216954
TK401,1.0,0.0,0.0,3.0,8-9,18.0,13.0,0.37142858,0.6,0.53138953,0.4741027,1.0849494,0.94712603,1.0,3.0,4.0,2.0,3.0,0.0,0.0,0.0,,8-9,21.0,23.0,0.6571429,0.7,1.9079354,1.4875242,1.3026164,1.1539828,0.0,Tekhand,13.0,1.0,8.0,1.0,15.0,-1.4011551,0.0,0.0,0.0,0.0,1.0,0.0,0.4741027,1.4875242,0.94712603,1.1539828
TK402,0.0,1.0,0.0,,8-9,8.0,5.0,0.14285715,0.26666668,-2.1386745,-3.712901,-1.6645395,-2.0905015,1.0,1.0,1.0,1.0,1.0,0.0,0.0,0.0,,8-9,7.0,10.0,0.2857143,0.23333333,-1.92361,-2.6765225,-1.5268344,-1.2362181,0.0,Tekhand,12.0,1.0,8.0,1.0,15.0,-1.6351523,0.0,0.0,0.0,0.0,1.0,0.0,-3.712901,-2.6765225,-2.0905015,-1.2362181
TK403,0.0,0.0,0.0,,8-9,14.0,14.0,0.4,0.46666667,-0.867107,-0.70284516,1.0503525,0.9612285,0.0,1.0,4.0,1.0,3.0,,,,,,,,,,,,,,,Tekhand,13.0,1.0,9.0,0.0,15.0,0.9525119,0.0,0.0,0.0,0.0,0.0,1.0,-0.70284516,,0.9612285,
TK404,1.0,1.0,1.0,1.0,6-7,10.0,5.0,0.14285715,0.33333334,-1.451053,-1.145305,-1.0217054,-0.7825919,1.0,1.0,2.0,1.0,1.0,1.0,0.0,0.0,2.0,4-7,12.0,12.0,0.3529412,0.4,-0.7775055,-0.548895,-0.55722994,-0.38110158,1.0,Tekhand,12.0,1.0,6.0,0.0,15.0,1.6909915,0.0,0.0,1.0,0.0,0.0,0.0,-1.145305,-0.548895,-0.7825919,-0.38110158
TK405,1.0,1.0,1.0,2.0,6-7,12.0,14.0,0.4,0.4,-0.72087187,-0.49597389,-0.95336163,-0.78066844,1.0,2.0,2.0,1.0,1.0,1.0,0.0,0.0,2.0,4-7,17.0,5.0,0.14705883,0.56666666,-1.7712104,-1.976406,0.027661065,0.060456134,1.0,Tekhand,,1.0,6.0,0.0,19.0,0.69525146,0.0,0.0,1.0,0.0,0.0,0.0,-0.49597389,-1.976406,-0.78066844,0.060456134
TK406,0.0,0.0,0.0,,6-7,7.0,0.0,0.0,0.23333333,,,-1.3370409,-1.0654831,0.0,,1.0,,1.0,1.0,1.0,0.0,1.0,4-7,8.0,9.0,0.2647059,0.26666668,-1.2812542,-0.8643589,-1.5201877,-1.7006317,1.0,Tekhand,10.0,1.0,6.0,1.0,17.0,-2.106704,0.0,0.0,1.0,0.0,0.0,0.0,,-0.8643589,-1.0654831,-1.7006317
TK407,1.0,0.0,0.0,2.0,6-7,23.0,15.0,0.42857143,0.76666665,0.67477834,0.5624208,1.7815541,1.5317186,1.0,4.0,5.0,3.0,3.0,0.0,0.0,1.0,,4-7,24.0,17.0,0.5,0.8,0.6713109,0.6023373,1.7122834,1.4644841,1.0,Tekhand,,1.0,7.0,0.0,15.0,-0.258892,0.0,0.0,0.0,1.0,0.0,0.0,0.5624208,0.6023373,1.5317186,1.4644841
TK408,0.0,1.0,0.0,,6-7,13.0,11.0,0.31428573,0.43333334,-0.42896047,-0.2639769,-0.6946093,-0.5983404,1.0,2.0,2.0,1.0,1.0,0.0,0.0,0.0,,4-7,16.0,15.0,0.44117647,0.53333336,-0.03638937,0.059273854,0.21822119,0.21897978,0.0,Tekhand,11.0,0.0,6.0,1.0,12.0,-0.70404565,0.0,0.0,1.0,0.0,0.0,0.0,-0.2639769,0.059273854,-0.5983404,0.21897978
TK409,1.0,0.0,0.0,2.0,8-9,7.0,8.0,0.22857143,0.23333333,0.5204372,0.5391159,-0.46655402,-0.3362086,1.0,4.0,2.0,2.0,1.0,1.0,0.0,0.0,2.0,8-9,22.0,26.0,0.74285716,0.73333335,2.3985014,1.8299259,1.4581362,1.3123431,1.0,Tekhand,13.0,1.0,8.0,1.0,15.0,-0.16027994,0.0,0.0,0.0,0.0,1.0,0.0,0.5391159,1.8299259,-0.3362086,1.3123431
TK410,0.0,1.0,0.0,,6-7,3.0,3.0,0.08571429,0.1,-2.1752903,-3.712901,-1.9598668,-2.6331139,1.0,1.0,1.0,1.0,1.0,0.0,1.0,0.0,,4-7,10.0,15.0,0.44117647,0.33333334,-0.4066064,-0.18466318,-1.4229963,-1.1004426,1.0,Tekhand,10.0,1.0,6.0,1.0,15.0,-2.0105643,0.0,0.0,1.0,0.0,0.0,0.0,-3.712901,-0.18466318,-2.6331139,-1.1004426
TK413,1.0,1.0,0.0,2.0,8-9,6.0,8.0,0.22857143,0.2,-1.3279012,-0.9626132,-1.2617677,-2.262487,1.0,1.0,1.0,1.0,1.0,0.0,0.0,0.0,,8-9,14.0,16.0,0.45714286,0.46666667,0.17703228,0.24375674,-0.31604058,-0.18813257,0.0,Tekhand,13.0,1.0,8.0,1.0,19.0,-2.106704,0.0,0.0,0.0,0.0,1.0,0.0,-0.9626132,0.24375674,-2.262487,-0.18813257
TK414,0.0,0.0,0.0,,6-7,12.0,11.0,0.31428573,0.4,0.062315024,0.12778978,-0.20115158,-0.075195715,0.0,3.0,3.0,2.0,2.0,0.0,0.0,0.0,,4-7,19.0,16.0,0.47058824,0.6333333,0.49757418,0.45602444,0.31013364,0.30193987,0.0,Tekhand,12.0,1.0,7.0,0.0,15.0,-0.64344543,0.0,0.0,0.0,1.0,0.0,0.0,0.12778978,0.45602444,-0.075195715,0.30193987
TK415,0.0,0.0,0.0,,6-7,9.0,4.0,0.114285715,0.3,-1.6990867,-2.5156722,-0.6908044,-0.47258338,0.0,1.0,2.0,1.0,2.0,1.0,1.0,0.0,1.0,4-7,2.0,3.0,0.0882353,0.06666667,-2.197257,-3.5964293,-2.1481457,-2.769931,1.0,Tekhand,11.0,1.0,6.0,1.0,15.0,-4.957415,0.0,0.0,1.0,0.0,0.0,0.0,-2.5156722,-3.5964293,-0.47258338,-2.769931
TK416,0.0,0.0,0.0,,6-7,7.0,12.0,0.34285715,0.23333333,0.30413797,0.3440555,-1.2688328,-1.0311967,0.0,4.0,1.0,3.0,1.0,1.0,0.0,0.0,1.0,4-7,14.0,21.0,0.61764705,0.46666667,1.3669561,1.1204255,-0.054057583,0.018932518,1.0,Tekhand,12.0,1.0,6.0,0.0,17.0,-1.3373805,0.0,0.0,1.0,0.0,0.0,0.0,0.3440555,1.1204255,-1.0311967,0.018932518
TK417,0.0,0.0,0.0,,6-7,10.0,11.0,0.31428573,0.33333334,-0.50967807,-0.29559046,-1.285653,-1.0042996,0.0,2.0,1.0,1.0,1.0,0.0,1.0,0.0,,4-7,9.0,13.0,0.38235295,0.3,0.0779794,0.16712064,-0.4851705,-0.29264688,1.0,Tekhand,11.0,1.0,6.0,0.0,17.0,1.6231838,0.0,0.0,1.0,0.0,0.0,0.0,-0.29559046,0.16712064,-1.0042996,-0.29264688
TK418,0.0,0.0,0.0,,6-7,22.0,12.0,0.34285715,0.73333335,0.41377133,0.42382604,1.70003,1.4492725,0.0,4.0,5.0,3.0,3.0,0.0,0.0,0.0,,4-7,23.0,20.0,0.5882353,0.76666665,0.75187045,0.63668424,1.3574631,1.1732337,0.0,Tekhand,,1.0,7.0,0.0,17.0,-0.109896645,0.0,0.0,0.0,1.0,0.0,0.0,0.42382604,0.63668424,1.4492725,1.1732337
TK419,0.0,0.0,0.0,,6-7,8.0,5.0,0.14285715,0.26666668,-1.2391996,-0.8322923,-1.1302234,-0.88448143,0.0,1.0,1.0,1.0,1.0,0.0,0.0,0.0,,4-7,4.0,6.0,0.1764706,0.13333334,-2.2054589,-3.4251437,-1.9996116,-3.2748587,0.0,Tekhand,10.0,1.0,7.0,0.0,15.0,-0.64344543,0.0,0.0,0.0,1.0,0.0,0.0,-0.8322923,-3.4251437,-0.88448143,-3.2748587
TK420,0.0,0.0,1.0,,6-7,17.0,9.0,0.25714287,0.56666666,-0.07811537,0.004324717,0.7444219,0.682008,1.0,3.0,4.0,2.0,3.0,0.0,0.0,1.0,,4-7,26.0,21.0,0.61764705,0.8666667,0.9819982,0.73353505,2.2339952,2.105267,1.0,Tekhand,12.0,1.0,7.0,1.0,18.0,-2.174028,0.0,0.0,0.0,1.0,0.0,0.0,0.0043247156,0.73353505,0.682008,2.105267
TK421,1.0,1.0,0.0,3.0,6-7,4.0,11.0,0.31428573,0.13333334,0.29421416,0.24904221,-1.9415771,-2.2897284,1.0,3.0,1.0,2.0,1.0,,,,,,,,,,,,,,,Tekhand,11.0,1.0,7.0,1.0,16.0,1.4215517,0.0,0.0,0.0,1.0,0.0,0.0,0.24904221,,-2.2897284,
TK422,1.0,1.0,0.0,3.0,6-7,9.0,9.0,0.25714287,0.3,-0.10473457,0.0057096244,-0.9329625,-0.77049786,1.0,3.0,2.0,2.0,1.0,1.0,0.0,0.0,2.0,4-7,21.0,25.0,0.7352941,0.7,1.9060934,1.5002893,0.8553013,0.70606625,1.0,Tekhand,9.0,1.0,6.0,1.0,16.0,1.2895874,0.0,0.0,1.0,0.0,0.0,0.0,0.005709623,1.5002893,-0.77049786,0.70606625
TK423,1.0,1.0,0.0,5.0,6-7,11.0,12.0,0.34285715,0.36666667,-0.19550472,-0.10085985,-0.49151433,-0.3946895,1.0,3.0,3.0,2.0,2.0,0.0,0.0,0.0,,4-7,12.0,4.0,0.11764706,0.4,-2.2612164,-3.6722517,-0.42803803,-0.2851717,0.0,Tekhand,10.0,1.0,6.0,0.0,16.0,1.9133749,0.0,0.0,1.0,0.0,0.0,0.0,-0.10085985,-3.6722517,-0.3946895,-0.2851717
TK424,1.0,0.0,0.0,2.0,8-9,7.0,11.0,0.31428573,0.23333333,0.027532585,0.031351518,-0.5534115,-0.46079153,1.0,2.0,1.0,2.0,1.0,0.0,0.0,1.0,,8-9,16.0,19.0,0.54285717,0.53333336,1.2685479,1.0655013,0.3521776,0.35366207,1.0,Tekhand,15.0,1.0,8.0,0.0,15.0,0.062103506,0.0,0.0,0.0,0.0,1.0,0.0,0.031351518,1.0655013,-0.46079153,0.35366207
TK427,1.0,0.0,0.0,,6-7,15.0,9.0,0.25714287,0.5,-0.07673883,0.016252592,0.40655532,0.40828076,1.0,3.0,4.0,2.0,3.0,0.0,0.0,1.0,,4-7,21.0,17.0,0.5,0.7,0.5779533,0.5080314,0.76138914,0.69877857,1.0,Tekhand,13.0,1.0,7.0,1.0,15.0,0.17331654,0.0,0.0,0.0,1.0,0.0,0.0,0.01625259,0.5080314,0.40828076,0.69877857
TK429,0.0,0.0,0.0,,8-9,21.0,11.0,0.31428573,0.7,0.9227136,0.9454719,1.5276104,1.3054667,0.0,4.0,5.0,3.0,3.0,0.0,0.0,1.0,,8-9,26.0,26.0,0.74285716,0.8666667,2.0709138,1.6457616,2.3135526,2.1846435,1.0,Tekhand,13.0,1.0,8.0,0.0,17.0,0.14857006,0.0,0.0,0.0,0.0,1.0,0.0,0.9454719,1.6457616,1.3054667,2.1846435
TK430,0.0,0.0,0.0,,6-7,8.0,7.0,0.2,0.26666668,-0.18304266,-0.043267883,-0.7521555,-0.5266002,0.0,3.0,2.0,2.0,2.0,0.0,1.0,0.0,,4-7,7.0,13.0,0.38235295,0.23333333,0.17832041,0.24277629,-1.2887843,-1.0510007,1.0,Tekhand,14.0,1.0,6.0,1.0,15.0,0.8180357,0.0,0.0,1.0,0.0,0.0,0.0,-0.043267883,0.24277629,-0.5266002,-1.0510007
TK431,0.0,0.0,1.0,,6-7,11.0,9.0,0.25714287,0.36666667,-1.3437822,-0.8388124,-0.8262711,-0.61701035,1.0,2.0,1.0,1.0,1.0,0.0,0.0,0.0,,4-7,18.0,19.0,0.5588235,0.6,0.64839935,0.5628236,0.38081732,0.37231526,0.0,Tekhand,13.0,1.0,,1.0,14.0,1.6909915,,,,,,,-0.8388124,0.5628236,-0.61701035,0.37231526
TK432,0.0,0.0,0.0,,6-7,8.0,12.0,0.34285715,0.26666668,-0.15471466,-0.09789669,-1.5094377,-1.4912745,0.0,3.0,1.0,2.0,1.0,0.0,0.0,1.0,,4-7,18.0,22.0,0.64705884,0.6,1.0070505,0.8572703,0.29840237,0.29718003,1.0,Tekhand,13.0,1.0,7.0,1.0,15.0,0.5956523,0.0,0.0,0.0,1.0,0.0,0.0,-0.09789669,0.8572703,-1.4912745,0.29718003
TK433,1.0,0.0,0.0,2.0,8-9,11.0,13.0,0.37142858,0.36666667,0.76407737,0.78714055,0.30406794,0.41354555,1.0,4.0,3.0,2.0,2.0,0.0,0.0,1.0,,8-9,19.0,26.0,0.74285716,0.6333333,2.3036265,1.7723856,0.7929543,0.7111098,1.0,Tekhand,,1.0,9.0,1.0,14.0,-1.3373805,0.0,0.0,0.0,0.0,0.0,1.0,0.78714055,1.7723856,0.41354555,0.7111098
TK434,1.0,0.0,0.0,1.0,8-9,17.0,11.0,0.31428573,0.56666666,0.4021209,0.41550684,0.9945131,0.8617329,1.0,3.0,4.0,2.0,3.0,,,,,,,,,,,,,,,Tekhand,16.0,1.0,9.0,1.0,17.0,0.71851456,0.0,0.0,0.0,0.0,0.0,1.0,0.41550684,,0.8617329,
TK435,1.0,1.0,0.0,4.0,6-7,10.0,14.0,0.4,0.33333334,0.56858027,0.5301908,-0.7188405,-0.5091844,1.0,4.0,2.0,3.0,1.0,1.0,0.0,0.0,3.0,4-7,11.0,17.0,0.5,0.36666667,0.5125229,0.47621405,-0.41270196,-0.2643778,1.0,Tekhand,14.0,1.0,7.0,1.0,16.0,-2.7852452,0.0,0.0,0.0,1.0,0.0,0.0,0.5301908,0.47621405,-0.5091844,-0.2643778
TK436,1.0,0.0,0.0,1.0,6-7,19.0,9.0,0.25714287,0.6333333,-0.14660244,-0.01312097,1.1650957,0.9795162,1.0,3.0,5.0,2.0,3.0,0.0,0.0,1.0,,4-7,18.0,12.0,0.3529412,0.6,-0.31619346,-0.14497076,0.05905026,0.086069174,1.0,Tekhand,13.0,1.0,7.0,0.0,17.0,0.19778596,0.0,0.0,0.0,1.0,0.0,0.0,-0.013120972,-0.14497076,0.9795162,0.086069174
TK437,0.0,0.0,1.0,,8-9,16.0,12.0,0.34285715,0.53333336,1.0222256,0.92821467,1.1568426,1.0500655,1.0,4.0,5.0,3.0,3.0,0.0,1.0,0.0,,8-9,25.0,23.0,0.6571429,0.8333333,1.8544058,1.4409451,2.0242841,1.8473092,1.0,Tekhand,15.0,1.0,9.0,1.0,17.0,0.19778596,0.0,0.0,0.0,0.0,0.0,1.0,0.92821467,1.4409451,1.0500655,1.8473092
TK438,1.0,1.0,0.0,4.0,8-9,13.0,11.0,0.31428573,0.43333334,0.41761214,0.36564136,0.3137656,0.3975981,1.0,3.0,3.0,2.0,2.0,0.0,0.0,1.0,,8-9,13.0,22.0,0.62857145,0.43333334,1.6691366,1.2976408,0.0989614,0.13600546,1.0,Tekhand,15.0,1.0,9.0,1.0,16.0,-2.0159218,0.0,0.0,0.0,0.0,0.0,1.0,0.36564136,1.2976408,0.3975981,0.13600546
TK439,1.0,0.0,0.0,,8-9,8.0,14.0,0.4,0.26666668,-0.5208719,-0.4431394,-0.49098644,-0.31881854,1.0,1.0,2.0,1.0,1.0,0.0,0.0,1.0,,8-9,19.0,15.0,0.42857143,0.6333333,-0.10508304,0.0045228885,0.5184409,0.46824434,1.0,Tekhand,13.0,1.0,8.0,1.0,17.0,-0.54562366,0.0,0.0,0.0,0.0,1.0,0.0,-0.4431394,0.004522887,-0.31881854,0.46824434
TK440,1.0,0.0,0.0,3.0,8-9,3.0,10.0,0.2857143,0.1,-1.2772342,-0.96983707,-2.0443528,-3.5092695,1.0,1.0,1.0,1.0,1.0,1.0,0.0,0.0,2.0,8-9,6.0,7.0,0.2,0.2,-1.4543016,-1.5349572,-1.6899055,-1.9330388,1.0,Tekhand,14.0,1.0,8.0,0.0,17.0,1.0234901,0.0,0.0,0.0,0.0,1.0,0.0,-0.96983707,-1.5349572,-3.5092695,-1.9330388
TK441,1.0,0.0,1.0,5.0,8-9,7.0,14.0,0.4,0.23333333,0.8422548,0.78599584,-0.7830719,-0.7858138,1.0,4.0,1.0,3.0,1.0,0.0,1.0,0.0,,8-9,13.0,9.0,0.25714287,0.43333334,-1.6376414,-1.4397688,-0.09520401,-0.026010942,1.0,Tekhand,12.0,1.0,8.0,0.0,14.0,0.12410065,0.0,0.0,0.0,0.0,1.0,0.0,0.78599584,-1.4397688,-0.7858138,-0.026010942
TK442,0.0,1.0,0.0,,6-7,10.0,10.0,0.2857143,0.33333334,-1.1645743,-0.8053869,-0.9576119,-0.78701603,1.0,1.0,1.0,1.0,1.0,1.0,0.0,0.0,5.0,4-7,7.0,9.0,0.2647059,0.23333333,-1.1884205,-0.7209574,-1.5919793,-1.3463947,1.0,Tekhand,12.0,1.0,7.0,0.0,17.0,-0.58144826,0.0,0.0,0.0,1.0,0.0,0.0,-0.8053869,-0.7209574,-0.78701603,-1.3463947
TK443,1.0,0.0,1.0,2.0,8-9,16.0,18.0,0.51428574,0.53333336,1.9099143,1.5888525,0.98068494,0.8860428,1.0,5.0,5.0,3.0,3.0,,,,,,,,,,,,,,,Tekhand,14.0,0.0,,0.0,19.0,1.7218354,,,,,,,1.5888525,,0.8860428,
TK444,0.0,0.0,0.0,,6-7,14.0,12.0,0.34285715,0.46666667,-0.49418417,-0.31847304,0.2640677,0.30528438,0.0,2.0,4.0,1.0,2.0,0.0,0.0,1.0,,4-7,19.0,16.0,0.47058824,0.6333333,0.24976201,0.31962726,0.74738014,0.62628657,1.0,Tekhand,12.0,1.0,7.0,0.0,17.0,1.4008003,0.0,0.0,0.0,1.0,0.0,0.0,-0.31847304,0.31962726,0.30528438,0.62628657
TK448,0.0,0.0,1.0,,6-7,9.0,11.0,0.31428573,0.3,-0.15991701,-0.07311064,-0.83147657,-0.63598895,1.0,3.0,2.0,2.0,1.0,0.0,0.0,1.0,,4-7,9.0,12.0,0.3529412,0.3,0.26979414,0.31287354,-0.57681745,-0.3591568,1.0,Tekhand,10.0,1.0,7.0,0.0,14.0,-1.6351523,0.0,0.0,0.0,1.0,0.0,0.0,-0.07311064,0.31287354,-0.63598895,-0.3591568
TK450,1.0,0.0,0.0,2.0,6-7,13.0,10.0,0.2857143,0.43333334,-0.016209634,0.039002515,-0.118512794,-0.014340079,1.0,3.0,4.0,2.0,2.0,1.0,1.0,0.0,2.0,4-7,18.0,21.0,0.61764705,0.6,1.2114277,0.98982793,0.76418126,0.7111098,1.0,Tekhand,10.0,1.0,6.0,0.0,19.0,-0.5490831,0.0,0.0,1.0,0.0,0.0,0.0,0.039002515,0.98982793,-0.014340079,0.7111098
