survey,imposed,voluntary,want_share_fb,want_share_facts,see_facts,age,age_sqrd,male_raw,male,educ,income,religion_q8,q13,q14,q15,neg_image_ue,vote_2nd,second_mlp,share_interest,share_reciprocity,share_image,share_influence,gave_charity,gave_homeless,donated_blood,worked_charity,altruism,reciprocity,image
1,0,0,0,0,0,29,841,2,0,2,3,1,1,250.0,3,3,7,0,5.0,5.0,5.0,5.0,1,1,1,1,1.0,5,1
1,0,0,0,0,0,29,841,1,1,4,1,1,1,269.0,2,1,7,0,4.0,1.0,4.0,3.0,0,1,0,0,0.25,5,5
1,0,0,0,0,0,34,1156,2,0,4,1,1,1,100.0,3,3,7,0,2.0,1.0,1.0,1.0,1,1,1,0,0.75,4,4
1,0,0,0,0,0,61,3721,1,1,4,1,1,1,30.0,3,1,1,0,4.0,2.0,3.0,4.0,0,0,1,1,0.5,4,4
1,0,0,0,0,0,55,3025,1,1,7,1,1,1,101.0,3,3,7,0,4.0,1.0,1.0,3.0,1,1,0,0,0.5,5,4
1,0,0,0,0,0,51,2601,1,1,6,1,1,1,160.0,3,1,2,1,5.0,5.0,5.0,5.0,0,0,0,0,0.0,5,5
1,0,0,0,0,0,36,1296,1,1,4,1,2,1,150.0,2,3,7,0,4.0,3.0,5.0,4.0,1,1,0,1,0.75,4,4
1,0,0,0,0,0,23,529,2,0,6,1,1,2,200.0,2,3,4,0,3.0,1.0,3.0,2.0,1,0,1,1,0.75,4,4
1,0,0,1,0,0,24,576,2,0,6,2,2,1,3000.0,2,1,1,0,3.0,3.0,4.0,4.0,1,0,1,1,0.75,3,2
1,0,0,0,0,0,25,625,2,0,3,1,1,1,60.0,3,1,1,0,3.0,3.0,1.0,1.0,1,1,1,0,0.75,3,2
1,0,0,0,0,0,36,1296,2,0,5,1,1,1,223.0,3,8,7,0,5.0,3.0,4.0,4.0,1,1,0,1,0.75,4,4
1,0,0,0,0,0,20,400,2,0,1,1,1,1,200.0,3,3,7,0,3.0,1.0,1.0,1.0,0,0,0,0,0.0,5,5
1,0,0,0,0,0,53,2809,2,0,1,1,1,3,0.0,1,8,1,0,,,,,0,0,0,0,0.0,5,5
1,0,0,0,0,0,35,1225,2,0,4,1,1,2,233.0,3,3,7,0,4.0,4.0,4.0,4.0,0,0,1,0,0.25,5,3
1,0,0,0,0,0,42,1764,2,0,7,1,1,2,5.0,2,1,1,0,4.0,3.0,3.0,4.0,0,1,0,0,0.25,4,4
1,0,0,0,0,0,39,1521,1,1,6,1,1,1,2500.0,3,3,7,0,3.0,2.0,2.0,2.0,0,0,0,0,0.0,3,2
1,0,0,0,0,0,53,2809,1,1,5,1,1,1,96.0,3,1,1,0,3.0,3.0,3.0,3.0,0,0,0,0,0.0,4,4
1,0,0,0,0,0,31,961,2,0,7,1,1,1,50.0,3,3,7,0,5.0,2.0,5.0,5.0,0,0,1,1,0.5,5,5
1,0,0,0,0,0,44,1936,1,1,4,1,1,2,5.0,2,1,7,0,2.0,2.0,2.0,2.0,0,0,0,0,0.0,2,3
1,0,0,1,0,0,23,529,2,0,9,1,1,1,20.0,3,1,1,0,5.0,5.0,5.0,5.0,0,0,0,0,0.0,5,5
1,0,0,0,0,0,28,784,1,1,4,2,1,1,88.0,3,3,7,0,2.0,3.0,2.0,2.0,1,1,1,1,1.0,5,4
1,0,0,0,0,0,38,1444,2,0,8,1,1,1,120.0,3,1,7,0,5.0,5.0,5.0,5.0,0,0,1,1,0.5,5,5
1,0,0,0,0,0,37,1369,1,1,7,1,1,4,56.0,2,3,7,0,1.0,1.0,1.0,3.0,1,1,1,1,1.0,1,1
1,0,0,0,0,0,46,2116,2,0,8,1,1,1,150.0,3,1,7,0,4.0,2.0,4.0,4.0,1,1,0,0,0.5,5,5
1,0,0,0,0,0,53,2809,2,0,5,1,1,2,80.0,2,3,7,0,5.0,2.0,2.0,1.0,0,1,0,0,0.25,5,3
1,0,0,1,0,0,44,1936,1,1,4,1,1,1,300.0,3,3,7,0,5.0,3.0,3.0,5.0,1,0,1,0,0.5,5,5
1,0,0,1,0,0,45,2025,2,0,3,2,1,1,250.0,3,5,6,0,3.0,3.0,3.0,3.0,0,1,0,1,0.5,2,2
1,0,0,0,0,0,48,2304,2,0,1,2,2,3,2.0,2,3,4,0,3.0,3.0,3.0,3.0,0,0,1,1,0.5,5,5
1,0,0,1,0,0,54,2916,1,1,4,1,1,1,3000.0,3,1,1,0,5.0,5.0,5.0,5.0,0,0,0,0,0.0,5,5
1,0,0,0,0,0,64,4096,2,0,4,1,1,1,145.0,3,1,7,0,5.0,1.0,1.0,5.0,1,0,0,1,0.5,5,5
1,0,0,0,0,0,38,1444,2,0,3,1,1,1,110.0,3,1,7,0,5.0,4.0,4.0,4.0,0,1,1,1,0.75,5,5
1,0,0,1,0,0,36,1296,2,0,5,1,1,1,60.0,2,1,8,0,5.0,2.0,1.0,3.0,1,1,1,0,0.75,5,3
1,0,0,0,0,0,52,2704,2,0,1,1,1,1,40.0,3,3,7,0,5.0,4.0,4.0,5.0,0,0,0,1,0.25,4,4
1,0,0,0,0,0,42,1764,1,1,6,2,2,1,99.0,3,3,4,0,3.0,4.0,4.0,4.0,0,0,0,0,0.0,4,4
1,0,0,0,0,0,64,4096,1,1,4,1,1,2,10.0,1,1,1,0,,,,,0,0,0,0,0.0,3,3
1,0,0,0,0,0,60,3600,1,1,4,1,1,1,6007.0,3,1,1,0,3.0,4.0,5.0,3.0,0,0,0,1,0.25,5,3
1,0,0,0,0,0,65,4225,2,0,3,1,1,2,10.0,2,1,1,0,2.0,2.0,4.0,3.0,0,0,0,1,0.25,5,5
1,0,0,0,0,0,54,2916,2,0,5,1,2,1,38.0,2,1,7,0,3.0,1.0,1.0,1.0,1,0,1,1,0.75,5,5
1,0,0,0,0,0,45,2025,2,0,5,1,1,1,187.0,3,1,1,0,4.0,1.0,3.0,4.0,0,1,0,1,0.5,5,4
1,0,0,0,0,0,70,4900,1,1,4,1,1,3,30.0,3,1,1,0,3.0,2.0,2.0,4.0,0,1,1,0,0.5,5,4
1,0,0,1,0,0,55,3025,1,1,6,1,1,1,100.0,3,3,7,0,5.0,2.0,2.0,2.0,0,0,1,0,0.25,5,5
1,0,0,0,0,0,24,576,2,0,1,1,1,1,97.0,3,3,7,0,4.0,2.0,3.0,5.0,0,0,0,0,0.0,5,5
1,0,0,0,0,0,46,2116,2,0,5,1,1,1,1.0,1,1,1,0,,,,,1,1,0,1,0.75,4,1
1,0,0,0,0,0,46,2116,2,0,1,1,1,2,50.0,2,1,1,0,4.0,2.0,4.0,4.0,0,0,0,1,0.25,5,4
1,0,0,0,0,0,42,1764,1,1,4,1,1,1,5234.0,3,4,1,0,5.0,5.0,5.0,5.0,0,1,1,1,0.75,4,4
1,0,0,1,0,0,25,625,2,0,6,1,1,1,100.0,3,3,1,0,5.0,5.0,5.0,5.0,0,0,0,0,0.0,5,5
1,0,0,1,0,0,69,4761,2,0,4,1,1,1,25.0,3,3,1,0,4.0,4.0,3.0,4.0,0,0,0,0,0.0,4,4
1,0,0,0,0,0,37,1369,2,0,3,1,1,1,75.0,2,1,1,0,4.0,3.0,4.0,4.0,1,1,1,1,1.0,4,3
1,0,0,0,0,0,52,2704,1,1,7,1,1,1,345.0,3,1,7,0,3.0,3.0,3.0,4.0,0,0,0,0,0.0,3,3
1,0,0,0,0,0,32,1024,2,0,7,1,1,2,0.0,3,2,7,0,1.0,1.0,1.0,1.0,1,1,1,0,0.75,5,2
1,0,0,0,0,0,64,4096,2,0,3,1,1,2,6.0,1,1,1,0,,,,,0,1,0,0,0.25,4,3
1,0,0,0,0,0,33,1089,1,1,6,1,1,1,50.0,3,3,7,0,4.0,4.0,4.0,4.0,0,1,1,0,0.5,5,5
1,0,0,0,0,0,45,2025,2,0,9,1,2,1,160.0,3,3,4,0,2.0,4.0,3.0,3.0,0,0,0,0,0.0,3,3
1,0,0,0,0,0,59,3481,2,0,4,2,2,1,20.0,1,3,7,0,,,,,1,1,1,1,1.0,5,4
1,0,0,0,0,0,67,4489,1,1,3,1,1,3,4.0,1,2,1,0,,,,,0,1,0,0,0.25,5,4
1,0,0,0,0,0,47,2209,2,0,3,2,1,1,527.0,2,1,7,0,4.0,2.0,2.0,3.0,1,1,0,1,0.75,5,4
1,0,0,0,0,0,31,961,2,0,4,1,1,5,2.0,1,1,1,0,,,,,0,0,0,0,0.0,3,3
1,0,0,0,0,0,40,1600,1,1,4,1,1,1,50.0,2,3,7,0,3.0,1.0,1.0,1.0,0,0,0,0,0.0,5,5
1,0,0,0,0,0,50,2500,2,0,4,1,1,1,150.0,2,3,7,0,3.0,5.0,2.0,3.0,0,1,0,1,0.5,5,3
1,0,0,0,0,0,26,676,2,0,6,1,1,1,80.0,2,4,7,0,3.0,1.0,2.0,1.0,1,1,1,0,0.75,4,3
1,0,0,0,0,0,38,1444,2,0,6,1,1,1,32.0,3,3,1,0,3.0,3.0,3.0,4.0,0,0,0,0,0.0,3,3
1,0,0,0,0,0,44,1936,1,1,5,1,1,1,50.0,4,9,8,0,4.0,4.0,3.0,3.0,0,0,0,0,0.0,3,3
1,0,0,0,0,0,69,4761,1,1,7,2,2,1,18.0,2,4,4,0,2.0,3.0,3.0,2.0,0,0,0,0,0.0,3,3
1,0,0,0,0,0,38,1444,1,1,1,2,2,1,,3,2,5,0,5.0,5.0,5.0,5.0,0,0,0,0,0.0,4,1
1,0,0,0,0,0,60,3600,1,1,4,2,1,1,100.0,3,1,1,0,4.0,1.0,1.0,4.0,0,0,0,0,0.0,5,5
1,0,0,0,0,0,36,1296,2,0,4,1,2,1,90.0,3,1,7,0,5.0,2.0,2.0,2.0,0,1,0,1,0.5,5,5
1,0,0,1,0,0,44,1936,1,1,4,1,1,1,1230.0,3,1,1,0,4.0,4.0,4.0,4.0,1,1,1,0,0.75,4,4
1,0,0,0,0,0,29,841,2,0,1,1,1,1,350.0,3,4,7,0,4.0,2.0,5.0,5.0,0,0,0,0,0.0,5,5
1,0,0,0,0,0,38,1444,1,1,9,2,1,2,50.0,3,3,4,0,3.0,3.0,4.0,2.0,0,0,1,1,0.5,2,4
1,0,0,0,0,0,53,2809,1,1,4,1,1,2,13.0,2,1,7,0,2.0,1.0,1.0,3.0,0,0,1,0,0.25,5,5
1,0,0,0,0,0,23,529,2,0,2,1,1,2,148.0,2,1,7,0,3.0,1.0,1.0,2.0,1,1,1,1,1.0,5,4
1,0,0,0,0,0,21,441,1,1,6,1,1,1,23.0,2,3,7,0,3.0,3.0,4.0,4.0,0,0,0,0,0.0,4,4
1,0,0,0,0,0,35,1225,2,0,5,1,1,1,64.0,2,3,1,0,3.0,3.0,3.0,3.0,0,0,0,0,0.0,3,3
1,0,0,0,0,0,43,1849,1,1,1,1,1,1,15.0,1,8,7,0,,,,,1,0,1,1,0.75,5,5
1,0,0,0,0,0,52,2704,2,0,7,1,1,3,25.0,2,1,1,0,2.0,2.0,3.0,3.0,0,0,0,0,0.0,4,3
1,0,0,0,0,0,48,2304,2,0,5,1,1,1,69.0,2,3,1,0,3.0,2.0,4.0,2.0,1,1,1,1,1.0,3,3
1,0,0,0,0,0,56,3136,1,1,7,1,1,3,15.0,2,1,7,0,5.0,1.0,1.0,1.0,0,0,0,0,0.0,5,5
1,0,0,0,0,0,53,2809,2,0,1,1,1,1,100.0,3,1,1,0,4.0,3.0,4.0,4.0,1,0,1,1,0.75,5,5
1,0,0,0,0,0,29,841,2,0,1,1,1,1,20.0,3,3,7,0,3.0,2.0,2.0,5.0,1,1,1,1,1.0,5,5
1,0,0,0,0,0,36,1296,1,1,5,1,1,1,100.0,3,3,4,0,3.0,2.0,3.0,4.0,0,0,0,0,0.0,2,3
1,0,0,0,0,0,54,2916,1,1,1,2,2,1,20.0,2,1,7,0,3.0,3.0,3.0,3.0,0,0,0,0,0.0,3,3
1,0,0,0,0,0,32,1024,1,1,5,1,1,1,60.0,2,1,7,0,3.0,2.0,3.0,3.0,0,0,0,1,0.25,4,3
1,0,0,0,0,0,41,1681,2,0,3,2,1,1,150.0,3,8,7,0,4.0,3.0,4.0,4.0,0,1,0,1,0.5,4,4
1,0,0,1,0,0,46,2116,1,1,6,1,1,1,89.0,3,5,7,0,4.0,4.0,4.0,4.0,0,0,0,1,0.25,3,4
1,0,0,0,0,0,83,6889,1,1,2,1,1,1,3.0,2,1,1,0,5.0,1.0,5.0,5.0,0,0,1,0,0.25,5,5
1,0,0,0,0,0,26,676,1,1,4,1,1,1,100.0,2,3,7,0,3.0,2.0,5.0,1.0,0,1,0,1,0.5,5,5
1,0,0,0,0,0,49,2401,1,1,4,1,1,1,30.0,2,8,1,0,3.0,1.0,2.0,3.0,1,1,0,0,0.5,3,3
1,0,0,0,0,0,34,1156,1,1,1,2,1,1,20.0,3,1,1,0,2.0,3.0,3.0,3.0,0,0,0,0,0.0,4,3
1,0,0,0,0,0,46,2116,2,0,1,2,1,4,,2,8,7,0,4.0,1.0,2.0,3.0,1,0,0,1,0.5,5,4
1,0,0,0,0,0,56,3136,1,1,4,1,1,1,80.0,3,3,7,0,4.0,3.0,3.0,3.0,0,0,1,0,0.25,5,2
1,0,0,0,0,0,41,1681,1,1,8,1,1,1,150.0,3,3,7,0,3.0,4.0,4.0,4.0,0,0,0,0,0.0,4,3
1,0,0,0,0,0,24,576,2,0,6,2,2,1,101.0,3,3,4,0,4.0,3.0,2.0,5.0,1,0,1,1,0.75,5,5
1,0,0,0,0,0,45,2025,2,0,5,1,1,3,150.0,3,3,1,0,5.0,5.0,5.0,5.0,0,0,0,0,0.0,5,5
1,0,0,0,0,0,37,1369,1,1,1,1,1,1,500.0,3,3,7,0,5.0,4.0,2.0,4.0,0,1,0,1,0.5,5,5
1,0,0,0,0,0,40,1600,2,0,1,1,1,1,300.0,3,3,7,0,4.0,4.0,4.0,4.0,1,1,1,1,1.0,5,5
1,0,0,0,0,0,38,1444,1,1,6,1,1,2,76.0,2,3,7,0,2.0,2.0,3.0,2.0,0,0,0,0,0.0,2,2
1,0,0,0,0,0,52,2704,2,0,7,1,1,3,42.0,2,3,7,0,2.0,1.0,1.0,1.0,1,1,1,0,0.75,5,5
1,0,0,1,0,0,32,1024,1,1,1,3,1,2,322.0,1,1,1,0,,,,,0,0,0,0,0.0,2,2
1,0,0,0,0,0,34,1156,1,1,4,1,1,1,10.0,2,1,8,0,3.0,1.0,1.0,1.0,1,1,1,1,1.0,4,4
1,0,0,0,0,0,50,2500,1,1,6,2,2,1,250.0,3,3,6,0,4.0,3.0,4.0,4.0,0,0,0,0,0.0,4,2
1,0,0,0,0,0,58,3364,2,0,5,3,2,1,60.0,1,5,7,0,,,,,0,0,0,0,0.0,5,5
1,0,0,0,0,0,36,1296,1,1,4,1,1,1,240.0,2,6,7,0,4.0,2.0,3.0,3.0,1,0,1,1,0.75,5,1
1,0,0,0,0,0,38,1444,1,1,4,1,1,1,123.0,3,1,1,0,5.0,2.0,5.0,5.0,0,0,0,0,0.0,5,3
1,0,0,0,0,0,39,1521,2,0,7,1,1,2,125.0,3,1,8,0,4.0,2.0,3.0,4.0,0,0,0,1,0.25,5,5
1,0,0,0,0,0,21,441,2,0,6,1,1,3,258.0,1,1,1,0,,,,,1,0,1,1,0.75,5,3
1,0,0,0,0,0,71,5041,2,0,6,1,1,1,39.0,3,8,1,0,4.0,2.0,3.0,4.0,0,1,1,1,0.75,4,4
1,0,0,0,0,0,67,4489,2,0,3,1,1,3,4.0,2,2,8,0,2.0,2.0,2.0,4.0,0,0,0,0,0.0,4,3
1,0,0,0,0,0,45,2025,2,0,5,1,2,2,40.0,2,1,7,0,4.0,2.0,3.0,4.0,1,0,0,0,0.25,5,5
1,0,0,1,0,0,31,961,2,0,5,1,1,1,446.0,3,3,7,0,5.0,5.0,5.0,5.0,0,0,0,0,0.0,5,5
1,0,0,1,0,0,59,3481,1,1,2,1,1,1,10.0,2,1,1,0,3.0,3.0,3.0,3.0,0,0,0,0,0.0,4,3
1,0,0,0,0,0,33,1089,1,1,5,1,1,1,150.0,3,5,1,0,5.0,5.0,4.0,5.0,0,1,0,0,0.25,5,5
1,0,0,0,0,0,38,1444,2,0,7,2,2,1,294.0,2,8,4,0,5.0,1.0,1.0,1.0,0,0,1,1,0.5,5,5
1,0,0,1,0,0,37,1369,1,1,3,2,2,1,15.0,3,1,4,0,3.0,4.0,3.0,4.0,0,0,0,0,0.0,4,4
1,0,0,1,0,0,30,900,2,0,2,1,1,1,12.0,2,3,7,0,5.0,5.0,5.0,5.0,1,1,1,1,1.0,5,5
1,0,0,0,0,0,40,1600,2,0,5,1,1,1,71.0,2,3,7,0,4.0,2.0,1.0,1.0,0,0,0,1,0.25,5,5
1,0,0,1,0,0,55,3025,1,1,7,2,2,1,28900.0,3,1,1,0,4.0,2.0,4.0,4.0,0,0,0,0,0.0,4,3
1,0,0,0,0,0,53,2809,1,1,1,1,1,1,10.0,3,7,7,0,4.0,1.0,1.0,3.0,0,0,0,0,0.0,5,5
1,0,0,0,0,0,23,529,2,0,6,1,1,1,300.0,3,3,1,0,5.0,2.0,5.0,5.0,0,0,0,0,0.0,5,4
1,0,0,0,0,0,64,4096,1,1,1,1,1,1,3000.0,3,1,2,1,3.0,3.0,2.0,3.0,0,1,1,1,0.75,3,4
1,0,0,0,0,0,47,2209,2,0,1,2,1,3,9.0,2,8,6,0,2.0,2.0,2.0,2.0,1,0,1,1,0.75,1,1
1,0,0,0,0,0,58,3364,1,1,3,1,1,2,70.0,3,1,6,0,4.0,1.0,4.0,4.0,1,1,1,1,1.0,4,4
1,0,0,0,0,0,34,1156,2,0,3,1,1,1,200.0,3,3,7,0,4.0,4.0,5.0,5.0,0,1,1,1,0.75,5,5
1,0,0,0,0,0,60,3600,1,1,4,1,1,1,214.0,2,1,2,1,3.0,3.0,3.0,4.0,0,1,0,1,0.5,5,4
1,0,0,0,0,0,23,529,2,0,6,1,1,1,400.0,2,3,7,0,3.0,1.0,5.0,2.0,1,0,1,1,0.75,5,4
1,0,0,1,0,0,29,841,2,0,7,1,1,1,210.0,3,3,3,0,5.0,4.0,4.0,5.0,0,0,0,0,0.0,4,5
1,0,0,0,0,0,59,3481,2,0,6,1,1,1,10.0,2,3,7,0,2.0,2.0,1.0,4.0,0,0,1,0,0.25,5,5
1,0,0,1,0,0,65,4225,1,1,4,1,1,2,15.0,2,1,1,0,3.0,1.0,1.0,2.0,1,1,1,0,0.75,5,5
1,0,0,0,0,0,62,3844,1,1,7,1,1,1,280.0,3,5,1,0,4.0,1.0,2.0,4.0,1,1,1,0,0.75,5,5
1,0,0,1,0,0,46,2116,2,0,5,1,1,1,100.0,3,3,7,0,3.0,3.0,3.0,3.0,0,0,0,0,0.0,3,3
1,0,0,0,0,0,22,484,2,0,1,1,1,1,,3,3,7,0,3.0,3.0,3.0,3.0,0,0,0,0,0.0,3,3
1,0,0,0,0,0,53,2809,2,0,4,1,1,1,95.0,3,3,7,0,5.0,3.0,3.0,4.0,0,0,1,0,0.25,5,5
1,0,0,0,0,0,42,1764,2,0,3,2,2,1,50.0,3,1,1,0,3.0,2.0,1.0,3.0,0,1,1,0,0.5,5,3
1,0,0,0,0,0,44,1936,1,1,7,1,1,1,200.0,3,1,7,0,5.0,5.0,4.0,4.0,0,0,0,0,0.0,3,4
1,0,0,0,0,0,58,3364,2,0,4,1,1,1,187.0,3,5,7,0,4.0,2.0,2.0,4.0,1,0,0,1,0.5,4,3
1,0,0,0,0,0,71,5041,1,1,4,1,2,3,15.0,2,5,1,0,3.0,2.0,3.0,4.0,0,0,1,0,0.25,5,4
1,0,0,1,0,0,66,4356,1,1,4,1,1,2,10.0,2,1,1,0,2.0,2.0,3.0,4.0,0,1,1,1,0.75,4,1
1,0,0,0,0,0,36,1296,2,0,6,1,1,1,280.0,3,6,1,0,2.0,4.0,4.0,4.0,0,0,0,0,0.0,5,4
1,0,0,0,0,0,39,1521,1,1,6,2,2,3,250.0,2,3,4,0,2.0,2.0,3.0,3.0,0,1,1,1,0.75,4,2
1,0,0,0,0,0,33,1089,2,0,5,1,1,1,150.0,3,1,7,0,4.0,1.0,4.0,3.0,0,0,0,0,0.0,5,5
1,0,0,0,0,0,27,729,2,0,6,1,1,1,235.0,3,3,1,0,4.0,3.0,4.0,4.0,1,1,1,0,0.75,4,5
1,0,0,0,0,0,41,1681,1,1,6,1,1,1,60.0,3,3,7,0,3.0,4.0,2.0,4.0,0,0,0,1,0.25,5,5
1,0,0,1,0,0,22,484,2,0,3,1,1,1,62.0,3,3,6,0,4.0,2.0,5.0,2.0,1,1,1,1,1.0,4,4
1,0,0,0,0,0,29,841,2,0,1,1,1,1,180.0,3,3,7,0,4.0,3.0,1.0,4.0,0,0,1,1,0.5,5,5
1,0,0,0,0,0,32,1024,1,1,6,1,1,1,964.0,2,3,7,0,5.0,2.0,2.0,5.0,0,0,1,0,0.25,5,3
1,0,0,1,0,0,55,3025,2,0,6,2,2,1,15.0,2,3,7,0,2.0,2.0,3.0,4.0,0,0,0,1,0.25,3,2
1,0,0,0,0,0,47,2209,1,1,1,1,1,1,505.0,3,1,7,0,4.0,4.0,4.0,4.0,1,1,1,0,0.75,4,4
1,0,0,0,0,0,18,324,1,1,7,2,1,2,150.0,1,2,1,0,,,,,0,0,0,0,0.0,4,4
1,0,0,0,0,0,24,576,2,0,7,1,2,1,450.0,2,3,7,0,1.0,1.0,1.0,1.0,0,0,0,1,0.25,4,4
1,0,0,1,0,0,33,1089,1,1,4,1,1,1,124.0,3,5,1,0,3.0,3.0,2.0,4.0,0,0,0,0,0.0,4,3
1,0,0,0,0,0,59,3481,1,1,5,1,2,3,80.0,2,3,7,0,1.0,1.0,1.0,1.0,1,1,1,1,1.0,4,3
1,0,0,0,0,0,63,3969,1,1,4,1,1,3,3.0,1,2,1,0,,,,,0,0,1,0,0.25,2,2
1,0,0,0,0,0,25,625,1,1,5,1,1,1,50.0,2,8,8,0,3.0,3.0,3.0,3.0,0,0,0,0,0.0,3,2
1,0,0,0,0,0,43,1849,2,0,4,2,2,1,3000.0,3,1,1,0,4.0,4.0,3.0,3.0,0,0,0,0,0.0,4,4
1,0,0,0,0,0,52,2704,1,1,5,1,1,3,10.0,2,1,7,0,2.0,1.0,2.0,3.0,1,1,1,1,1.0,2,2
1,0,0,0,0,0,35,1225,2,0,5,1,1,2,20.0,2,1,7,0,1.0,1.0,1.0,1.0,1,1,1,0,0.75,5,5
1,0,0,0,0,0,38,1444,2,0,4,1,1,1,500.0,3,4,7,0,3.0,3.0,2.0,2.0,1,1,0,1,0.75,4,3
1,0,0,0,0,0,48,2304,2,0,7,2,2,1,200.0,3,8,1,0,4.0,1.0,5.0,3.0,1,1,1,1,1.0,5,5
1,0,0,1,0,0,40,1600,1,1,1,1,1,1,25.0,2,3,1,0,4.0,4.0,4.0,4.0,0,0,0,0,0.0,4,4
1,0,0,0,0,0,58,3364,1,1,6,1,1,1,200.0,3,3,1,0,5.0,4.0,5.0,5.0,0,1,1,0,0.5,5,5
1,0,0,0,0,0,42,1764,2,0,5,3,1,1,250.0,3,3,1,0,4.0,4.0,5.0,5.0,0,0,0,0,0.0,3,4
1,0,0,0,0,0,41,1681,2,0,5,1,1,1,161.0,3,8,4,0,3.0,3.0,3.0,3.0,0,0,0,0,0.0,3,3
1,0,0,1,0,0,68,4624,1,1,5,3,1,2,50.0,3,3,6,0,4.0,1.0,1.0,4.0,0,0,1,0,0.25,5,5
1,0,0,0,0,0,56,3136,2,0,3,1,1,1,100.0,3,3,1,0,5.0,4.0,4.0,4.0,0,0,0,0,0.0,5,5
1,0,0,1,0,0,64,4096,1,1,3,1,1,1,150.0,3,1,7,0,5.0,3.0,3.0,4.0,0,1,0,1,0.5,5,5
1,0,0,0,0,0,39,1521,2,0,5,2,2,1,300.0,3,1,1,0,4.0,4.0,3.0,4.0,0,0,0,1,0.25,5,4
1,0,0,0,0,0,35,1225,1,1,8,3,3,1,25.0,2,3,7,0,3.0,1.0,2.0,2.0,1,1,1,0,0.75,3,3
1,0,0,1,0,0,54,2916,2,0,4,1,1,1,150.0,3,1,1,0,5.0,2.0,5.0,5.0,1,1,1,0,0.75,5,5
1,0,0,0,0,0,51,2601,1,1,4,1,1,1,100.0,2,1,7,0,3.0,2.0,3.0,3.0,1,1,1,0,0.75,5,4
1,0,0,0,0,0,52,2704,2,0,8,3,1,2,17.0,2,1,1,0,3.0,2.0,2.0,3.0,0,0,0,0,0.0,5,3
1,0,0,0,0,0,67,4489,1,1,4,1,1,2,52.0,3,6,1,0,4.0,1.0,1.0,3.0,1,1,0,0,0.5,5,5
1,0,0,0,0,0,39,1521,2,0,4,1,1,1,89.0,3,1,7,0,4.0,5.0,5.0,5.0,1,1,0,0,0.5,5,5
1,0,0,0,0,0,36,1296,2,0,5,1,1,1,27.0,3,1,1,0,4.0,3.0,3.0,3.0,1,1,1,1,1.0,4,3
1,0,0,0,0,0,31,961,1,1,8,1,2,1,105.0,3,1,7,0,4.0,2.0,5.0,3.0,0,1,0,1,0.5,5,5
1,0,0,0,0,0,27,729,2,0,3,1,1,1,140.0,2,1,6,0,3.0,3.0,2.0,2.0,1,1,0,0,0.5,5,3
1,0,0,0,0,0,62,3844,2,0,4,1,1,3,10.0,2,1,1,0,4.0,3.0,5.0,5.0,0,0,1,0,0.25,5,5
1,0,0,0,0,0,49,2401,2,0,6,1,1,1,32.0,3,1,1,0,5.0,2.0,3.0,5.0,1,1,0,1,0.75,5,5
1,0,0,0,0,0,25,625,1,1,6,1,1,1,150.0,2,3,1,0,5.0,2.0,5.0,4.0,0,1,0,1,0.5,5,4
1,0,0,0,0,0,45,2025,1,1,3,1,1,1,150.0,1,6,1,0,,,,,0,0,0,1,0.25,2,2
1,0,0,1,0,0,19,361,1,1,7,1,1,1,500.0,1,3,1,0,,,,,0,1,0,0,0.25,4,3
1,0,0,0,0,0,45,2025,1,1,4,1,1,1,121.0,2,8,8,0,3.0,3.0,3.0,3.0,0,0,0,0,0.0,5,3
1,0,0,1,0,0,36,1296,2,0,4,1,1,1,30.0,2,3,4,0,4.0,4.0,4.0,4.0,0,0,0,0,0.0,4,4
1,0,0,1,0,0,33,1089,1,1,4,1,1,2,97.0,3,1,1,0,3.0,3.0,4.0,4.0,1,1,1,1,1.0,3,3
1,0,0,1,0,0,43,1849,2,0,3,1,1,1,800.0,3,1,1,0,5.0,4.0,5.0,4.0,0,0,0,0,0.0,5,5
1,0,0,1,0,0,60,3600,1,1,4,1,1,1,18.0,3,3,1,0,5.0,3.0,2.0,4.0,0,0,1,1,0.5,5,4
1,0,0,0,0,0,20,400,1,1,1,1,1,1,41.0,2,8,1,0,1.0,1.0,4.0,1.0,1,1,1,1,1.0,5,1
1,0,0,0,0,0,54,2916,1,1,3,1,1,2,50.0,3,1,7,0,3.0,2.0,3.0,3.0,0,0,1,0,0.25,5,5
1,0,0,0,0,0,54,2916,2,0,1,1,1,2,24.0,2,6,7,0,4.0,1.0,1.0,1.0,1,0,1,1,0.75,4,5
1,0,0,0,0,0,70,4900,1,1,2,1,1,1,30.0,3,1,1,0,5.0,3.0,5.0,5.0,0,1,0,1,0.5,5,5
1,0,0,1,0,0,23,529,1,1,4,1,1,1,4755.0,3,3,1,0,5.0,5.0,5.0,5.0,0,0,0,0,0.0,5,5
1,0,0,0,0,0,68,4624,2,0,4,1,1,1,0.0,1,1,1,0,,,,,1,1,1,1,1.0,2,2
1,0,0,0,0,0,56,3136,2,0,3,1,1,3,4.0,1,1,1,0,,,,,0,1,1,1,0.75,5,5
1,0,0,0,0,0,47,2209,2,0,7,2,2,1,250.0,3,1,1,0,4.0,3.0,4.0,4.0,0,0,0,0,0.0,4,4
1,0,0,0,0,0,39,1521,2,0,6,2,2,1,200.0,3,8,1,0,2.0,1.0,1.0,2.0,0,0,1,0,0.25,5,4
1,0,0,0,0,0,53,2809,1,1,1,1,1,3,50.0,2,2,1,0,3.0,1.0,5.0,1.0,1,0,1,0,0.5,4,3
1,0,0,0,0,0,43,1849,1,1,5,1,1,1,60.0,2,1,8,0,5.0,3.0,3.0,4.0,0,1,0,0,0.25,5,3
1,0,0,0,0,0,37,1369,2,0,4,2,2,1,153.0,3,3,1,0,4.0,1.0,1.0,2.0,0,1,0,0,0.25,5,5
1,0,0,0,0,0,66,4356,1,1,5,1,1,2,20.0,2,1,2,1,2.0,1.0,1.0,2.0,1,1,1,0,0.75,5,5
1,0,0,0,0,0,70,4900,2,0,2,2,1,1,50.0,2,1,1,0,3.0,2.0,3.0,3.0,1,1,1,0,0.75,4,3
1,0,0,0,0,0,41,1681,2,0,5,2,1,1,180.0,2,1,8,0,4.0,2.0,3.0,3.0,1,1,1,0,0.75,2,1
1,0,0,1,0,0,61,3721,1,1,4,1,1,2,12.0,1,4,1,0,,,,,0,1,0,0,0.25,5,5
1,0,0,0,0,0,40,1600,2,0,5,1,1,1,1018.0,3,1,7,0,5.0,5.0,5.0,5.0,0,0,0,0,0.0,5,1
1,0,0,0,0,0,33,1089,2,0,7,1,1,1,120.0,3,3,7,0,5.0,1.0,1.0,1.0,0,0,1,0,0.25,5,5
1,0,0,0,0,0,24,576,1,1,5,1,1,2,300.0,2,8,7,0,1.0,1.0,1.0,3.0,1,0,1,1,0.75,3,5
1,0,0,0,0,0,34,1156,1,1,5,2,2,1,115.0,3,1,7,0,2.0,4.0,2.0,5.0,0,0,0,0,0.0,5,5
1,0,0,0,0,0,32,1024,2,0,1,1,1,1,50.0,3,3,2,1,5.0,5.0,5.0,5.0,1,1,1,1,1.0,5,1
1,0,0,0,0,0,41,1681,2,0,3,1,1,1,146.0,3,3,7,0,3.0,2.0,3.0,3.0,1,1,1,1,1.0,5,2
1,0,0,0,0,0,67,4489,2,0,4,1,1,1,23.0,3,2,1,0,5.0,1.0,1.0,5.0,1,1,1,0,0.75,5,5
1,0,0,1,0,0,48,2304,1,1,5,1,1,1,50.0,3,2,2,1,4.0,2.0,4.0,3.0,0,0,0,0,0.0,3,2
1,0,0,0,0,0,55,3025,1,1,5,1,1,3,5.0,2,1,1,0,3.0,1.0,1.0,3.0,1,1,0,0,0.5,5,4
1,0,0,0,0,0,34,1156,2,0,4,1,1,1,100.0,3,1,1,0,4.0,3.0,3.0,4.0,1,1,1,1,1.0,4,4
1,0,0,0,0,0,47,2209,1,1,1,1,1,1,36.0,3,3,7,0,5.0,3.0,2.0,3.0,1,1,1,1,1.0,3,2
1,0,0,1,0,0,52,2704,2,0,4,1,1,2,15.0,2,6,1,0,3.0,2.0,5.0,3.0,0,0,0,0,0.0,5,4
1,0,0,0,0,0,33,1089,2,0,4,1,1,2,450.0,2,9,7,0,3.0,2.0,4.0,1.0,1,1,1,1,1.0,5,5
1,0,0,0,0,0,52,2704,1,1,4,1,1,1,96.0,2,1,7,0,4.0,1.0,1.0,3.0,0,1,0,0,0.25,5,1
1,0,0,0,0,0,37,1369,1,1,4,1,1,1,600.0,3,1,1,0,4.0,3.0,4.0,4.0,0,0,0,0,0.0,4,4
1,0,0,0,0,0,42,1764,1,1,1,1,1,1,20.0,2,3,1,0,3.0,3.0,3.0,3.0,0,0,0,0,0.0,2,2
1,0,0,0,0,0,45,2025,2,0,5,1,1,1,566.0,3,1,7,0,4.0,4.0,2.0,3.0,1,1,1,0,0.75,5,5
1,0,0,0,0,0,23,529,2,0,6,1,1,1,125.0,3,1,7,0,2.0,1.0,2.0,1.0,1,1,0,0,0.5,5,5
1,0,0,0,0,0,34,1156,2,0,6,1,1,1,280.0,2,2,1,0,2.0,2.0,2.0,2.0,0,0,1,0,0.25,4,1
1,0,0,0,0,0,62,3844,1,1,3,1,1,3,15.0,2,1,7,0,2.0,2.0,4.0,3.0,0,0,0,0,0.0,2,2
1,0,0,0,0,0,23,529,2,0,4,1,1,1,200.0,3,3,1,0,4.0,4.0,4.0,4.0,1,1,1,0,0.75,3,3
1,0,0,0,0,0,65,4225,1,1,7,1,1,1,40.0,3,5,1,0,5.0,1.0,1.0,1.0,0,1,0,0,0.25,4,4
1,0,0,0,0,0,53,2809,2,0,5,1,1,1,50.0,3,8,1,0,3.0,1.0,1.0,1.0,1,0,1,1,0.75,5,5
1,0,0,0,0,0,34,1156,2,0,5,1,1,1,40.0,2,1,1,0,2.0,2.0,5.0,3.0,0,1,0,0,0.25,5,5
1,0,0,0,0,0,48,2304,2,0,1,1,2,1,180.0,3,1,1,0,4.0,2.0,4.0,5.0,0,0,1,1,0.5,5,5
1,0,0,0,0,0,43,1849,2,0,5,1,1,1,210.0,3,1,1,0,3.0,4.0,5.0,4.0,1,1,1,1,1.0,5,5
1,0,0,0,0,0,27,729,2,0,4,1,1,1,138.0,3,6,1,0,3.0,3.0,3.0,3.0,1,0,0,0,0.25,3,2
1,0,0,0,0,0,36,1296,2,0,5,2,1,1,100.0,2,1,7,0,2.0,2.0,1.0,1.0,1,1,1,1,1.0,4,4
1,0,0,0,0,0,66,4356,1,1,2,1,1,1,50.0,2,1,1,0,4.0,1.0,1.0,4.0,0,0,1,0,0.25,5,5
1,0,0,0,0,0,47,2209,1,1,1,1,1,1,40.0,2,2,6,0,3.0,3.0,4.0,2.0,0,0,0,0,0.0,4,2
1,0,0,0,0,0,61,3721,1,1,4,1,1,1,60.0,3,3,1,0,4.0,1.0,1.0,4.0,1,1,1,1,1.0,4,4
1,0,0,0,0,0,70,4900,2,0,4,1,1,1,34.0,4,9,8,0,2.0,2.0,1.0,1.0,0,0,0,0,0.0,4,4
1,0,0,1,0,0,39,1521,2,0,1,1,1,1,450.0,3,3,7,0,4.0,3.0,3.0,3.0,1,1,0,0,0.5,4,3
1,0,0,0,0,0,38,1444,1,1,6,2,1,1,122.0,2,3,7,0,2.0,2.0,2.0,2.0,0,0,1,1,0.5,5,5
1,0,0,0,0,0,46,2116,1,1,4,1,1,1,70.0,3,4,1,0,3.0,3.0,5.0,4.0,0,0,0,0,0.0,5,3
1,0,0,1,0,0,34,1156,1,1,7,2,1,1,40.0,2,3,7,0,3.0,4.0,1.0,1.0,0,1,0,0,0.25,5,5
1,0,0,0,0,0,40,1600,1,1,5,1,1,1,30.0,3,1,8,0,3.0,3.0,2.0,3.0,1,1,1,1,1.0,3,3
1,0,0,0,0,0,46,2116,1,1,1,1,1,1,10.0,3,1,1,0,1.0,1.0,1.0,1.0,1,1,1,1,1.0,1,1
1,0,0,0,0,0,27,729,1,1,4,3,1,1,500.0,2,8,7,0,3.0,2.0,3.0,3.0,1,1,1,1,1.0,5,3
1,0,0,0,0,0,32,1024,2,0,5,1,1,3,150.0,3,3,7,0,3.0,1.0,4.0,3.0,1,0,0,0,0.25,5,5
1,0,0,0,0,0,54,2916,2,0,3,2,2,1,50.0,2,1,7,0,3.0,2.0,2.0,3.0,0,1,1,1,0.75,5,5
1,0,0,0,0,0,41,1681,2,0,3,2,2,2,100.0,2,3,4,0,3.0,1.0,1.0,3.0,0,0,0,1,0.25,5,4
1,0,0,1,0,0,55,3025,2,0,1,1,1,1,50.0,3,1,7,0,5.0,2.0,5.0,5.0,0,1,0,0,0.25,5,5
1,0,0,0,0,0,29,841,2,0,6,1,1,3,50.0,2,3,7,0,1.0,1.0,1.0,1.0,1,0,1,1,0.75,5,3
1,0,0,0,0,0,40,1600,2,0,3,1,1,1,50.0,2,1,4,0,3.0,3.0,4.0,3.0,0,0,1,1,0.5,5,5
1,0,0,0,0,0,48,2304,2,0,1,1,1,1,40.0,2,1,7,0,5.0,1.0,1.0,1.0,1,0,1,1,0.75,5,5
1,0,0,1,0,0,23,529,2,0,6,1,1,1,50.0,2,1,7,0,2.0,2.0,2.0,4.0,1,0,0,0,0.25,5,5
1,0,0,0,0,0,30,900,2,0,4,1,1,1,50.0,3,3,7,0,3.0,4.0,5.0,3.0,0,0,0,0,0.0,3,4
1,0,0,0,0,0,61,3721,2,0,4,1,1,2,10.0,2,1,1,0,4.0,3.0,4.0,4.0,0,0,0,0,0.0,4,4
1,0,0,1,0,0,42,1764,2,0,8,1,1,1,450.0,3,3,7,0,5.0,5.0,5.0,5.0,1,1,1,1,1.0,5,1
1,0,0,0,0,0,29,841,2,0,6,1,1,1,100.0,2,3,7,0,3.0,2.0,4.0,4.0,0,1,1,0,0.5,5,4
1,0,0,1,0,0,57,3249,1,1,4,1,1,1,1052.0,3,3,1,0,3.0,2.0,2.0,3.0,0,1,0,0,0.25,5,5
1,0,0,0,0,0,21,441,1,1,1,1,1,1,100.0,1,8,8,0,,,,,0,0,0,0,0.0,3,4
1,0,0,0,0,0,41,1681,1,1,4,2,1,1,39.0,2,1,7,0,3.0,4.0,4.0,2.0,0,1,1,1,0.75,5,4
1,0,0,0,0,0,23,529,1,1,6,2,2,2,468.0,3,3,4,0,3.0,3.0,1.0,4.0,0,0,1,0,0.25,5,5
1,0,0,0,0,0,37,1369,2,0,5,1,1,4,60.0,2,2,7,0,4.0,1.0,1.0,4.0,0,0,1,1,0.5,5,5
1,0,0,0,0,0,56,3136,2,0,3,3,1,3,31.0,2,8,7,0,3.0,1.0,1.0,3.0,1,1,0,1,0.75,5,5
1,0,0,0,0,0,40,1600,2,0,6,1,1,1,300.0,3,3,7,0,4.0,4.0,4.0,4.0,0,0,0,0,0.0,5,5
1,0,0,0,0,0,54,2916,2,0,5,3,3,5,,4,8,8,0,4.0,2.0,2.0,3.0,0,0,0,0,0.0,2,2
1,0,0,0,0,0,18,324,1,1,2,1,1,2,104.0,2,3,1,0,3.0,3.0,4.0,2.0,0,1,0,1,0.5,5,4
1,0,0,0,0,0,47,2209,2,0,7,3,1,3,500.0,3,4,7,0,3.0,2.0,1.0,1.0,0,0,0,1,0.25,4,3
1,0,0,1,0,0,65,4225,2,0,3,1,1,3,812.0,2,8,1,0,4.0,1.0,1.0,3.0,0,1,0,1,0.5,5,4
1,0,0,0,0,0,49,2401,2,0,4,2,1,3,12.0,2,3,1,0,5.0,3.0,5.0,3.0,1,0,0,1,0.5,5,5
1,0,0,1,0,0,29,841,1,1,6,1,1,1,298.0,3,1,1,0,3.0,4.0,4.0,3.0,0,0,1,1,0.5,5,2
1,0,0,0,0,0,42,1764,2,0,4,1,1,1,150.0,3,3,7,0,5.0,3.0,2.0,1.0,0,0,0,1,0.25,5,5
1,0,0,0,0,0,49,2401,1,1,6,1,1,1,25.0,2,2,7,0,3.0,3.0,2.0,3.0,1,1,1,0,0.75,3,3
1,0,0,0,0,0,18,324,1,1,7,1,1,1,650.0,2,2,7,0,1.0,5.0,5.0,5.0,0,0,0,1,0.25,5,5
1,0,0,0,0,0,41,1681,1,1,6,1,1,1,200.0,3,1,7,0,4.0,3.0,5.0,3.0,0,0,1,1,0.5,5,4
1,0,0,0,0,0,49,2401,2,0,1,1,1,1,30.0,3,1,7,0,5.0,5.0,5.0,5.0,0,0,1,0,0.25,5,5
1,0,0,1,0,0,28,784,1,1,1,1,1,1,50.0,3,3,7,0,4.0,1.0,1.0,1.0,1,1,1,1,1.0,5,5
1,0,0,0,0,0,38,1444,1,1,2,1,1,5,0.0,2,1,1,0,2.0,1.0,3.0,1.0,1,0,0,1,0.5,1,4
1,0,0,0,0,0,30,900,1,1,5,1,1,4,70.0,1,3,7,0,,,,,1,1,1,1,1.0,5,5
1,0,0,0,0,0,22,484,2,0,1,1,1,1,125.0,3,1,7,0,5.0,3.0,1.0,3.0,0,0,0,0,0.0,3,3
1,0,0,0,0,0,33,1089,2,0,3,1,1,1,250.0,2,2,7,0,2.0,3.0,1.0,1.0,0,1,1,1,0.75,5,4
1,0,0,0,0,0,48,2304,1,1,7,1,1,1,46.0,3,3,1,0,4.0,1.0,1.0,4.0,0,1,1,0,0.5,3,2
1,0,0,0,0,0,73,5329,1,1,3,1,1,1,200.0,3,5,1,0,4.0,2.0,3.0,4.0,0,1,0,0,0.25,4,4
1,0,0,0,0,0,56,3136,1,1,4,2,2,1,65.0,3,5,1,0,4.0,2.0,4.0,4.0,1,1,1,1,1.0,5,5
1,0,0,0,0,0,31,961,1,1,6,2,1,1,350.0,3,2,1,0,4.0,3.0,3.0,3.0,1,0,0,0,0.25,3,3
1,0,0,0,0,0,28,784,2,0,7,1,1,1,1500.0,2,1,1,0,2.0,2.0,2.0,3.0,0,0,0,0,0.0,3,3
1,0,0,0,0,0,59,3481,2,0,7,1,1,1,4500.0,2,2,7,0,4.0,2.0,4.0,3.0,0,0,0,0,0.0,5,5
1,0,0,0,0,0,19,361,1,1,2,1,1,3,1500.0,2,3,1,0,3.0,2.0,3.0,2.0,0,0,0,0,0.0,2,3
1,0,0,0,0,0,18,324,1,1,3,2,1,2,100.0,2,3,4,0,4.0,3.0,3.0,4.0,0,0,0,0,0.0,5,4
1,0,0,0,0,0,35,1225,2,0,6,1,1,2,167.0,2,3,1,0,3.0,3.0,3.0,4.0,0,0,0,0,0.0,5,2
1,0,0,0,0,0,29,841,2,0,7,1,1,1,400.0,3,8,1,0,3.0,1.0,3.0,3.0,0,1,1,1,0.75,5,5
1,0,0,0,0,0,28,784,2,0,6,1,1,2,140.0,1,8,8,0,,,,,0,1,1,0,0.5,3,3
1,0,0,0,0,0,35,1225,2,0,4,1,1,1,106.0,3,1,7,0,5.0,5.0,3.0,5.0,1,1,1,1,1.0,5,5
1,0,0,1,0,0,48,2304,2,0,7,2,2,1,286.0,3,1,1,0,5.0,2.0,3.0,4.0,0,0,0,0,0.0,5,5
1,0,0,0,0,0,30,900,1,1,4,1,1,2,200.0,3,1,1,0,3.0,3.0,3.0,3.0,0,0,0,0,0.0,3,3
1,0,0,0,0,0,18,324,1,1,8,2,1,3,473.0,2,3,4,0,5.0,3.0,3.0,5.0,0,0,0,0,0.0,5,5
1,0,0,0,0,0,58,3364,2,0,7,1,1,1,250.0,2,1,7,0,3.0,4.0,2.0,3.0,0,0,0,0,0.0,2,3
1,0,0,0,0,0,34,1156,1,1,4,1,2,1,300.0,2,1,7,0,4.0,4.0,5.0,4.0,0,0,1,1,0.5,5,5
1,0,0,0,0,0,19,361,1,1,6,1,1,3,1e+16,1,3,7,0,,,,,0,0,1,1,0.5,5,4
1,0,0,1,0,0,48,2304,2,0,3,2,2,2,30.0,3,1,1,0,3.0,3.0,2.0,4.0,0,0,1,1,0.5,5,4
1,0,0,0,0,0,20,400,1,1,1,1,1,1,37.0,2,3,7,0,3.0,2.0,4.0,2.0,1,0,0,1,0.5,4,2
1,0,0,0,0,0,22,484,2,0,4,1,1,1,300.0,3,1,1,0,5.0,5.0,4.0,5.0,0,0,0,0,0.0,5,5
1,0,0,0,0,0,22,484,1,1,6,1,1,1,790.0,3,1,1,0,3.0,3.0,3.0,3.0,0,0,0,0,0.0,5,5
1,0,0,0,0,0,44,1936,2,0,4,1,1,3,50.0,2,1,7,0,4.0,1.0,1.0,5.0,1,0,1,0,0.5,5,5
1,0,0,1,0,0,66,4356,1,1,5,1,1,1,20.0,3,3,1,0,5.0,1.0,1.0,3.0,1,1,1,0,0.75,5,5
1,0,0,0,0,0,44,1936,1,1,5,1,1,2,100.0,4,3,1,0,3.0,4.0,3.0,3.0,0,0,0,0,0.0,4,4
1,0,0,0,0,0,49,2401,2,0,6,1,1,3,500.0,2,2,1,0,3.0,2.0,1.0,1.0,0,1,1,1,0.75,5,5
1,0,0,1,0,0,57,3249,2,0,1,1,1,1,15.0,2,3,7,0,4.0,4.0,4.0,4.0,1,1,1,1,1.0,5,3
1,0,0,0,0,0,73,5329,1,1,1,1,1,2,10.0,2,3,7,0,5.0,3.0,4.0,4.0,1,1,1,0,0.75,3,3
1,0,0,0,0,0,39,1521,2,0,6,1,2,2,,2,9,8,0,2.0,2.0,1.0,1.0,1,1,1,1,1.0,1,1
1,0,0,0,0,0,64,4096,2,0,2,1,1,1,4.0,3,1,8,0,5.0,4.0,4.0,4.0,0,0,0,0,0.0,5,4
1,0,0,0,0,0,34,1156,2,0,6,1,1,2,10.0,3,1,1,0,4.0,2.0,5.0,5.0,0,0,0,0,0.0,5,5
1,0,0,0,0,0,39,1521,2,0,5,1,1,2,10.0,3,1,1,0,3.0,1.0,2.0,5.0,1,1,1,1,1.0,5,5
1,0,0,1,0,0,40,1600,1,1,4,1,1,1,20.0,2,3,1,0,5.0,3.0,5.0,5.0,0,1,0,0,0.25,5,5
1,0,0,0,0,0,22,484,2,0,1,1,1,1,500.0,3,1,7,0,3.0,3.0,3.0,3.0,0,0,0,0,0.0,4,4
1,0,0,0,0,0,31,961,2,0,5,1,1,1,120.0,3,9,7,0,4.0,2.0,4.0,3.0,1,1,0,1,0.75,5,4
1,0,0,0,0,0,64,4096,1,1,2,1,1,1,350.0,3,1,1,0,5.0,5.0,5.0,5.0,1,1,0,0,0.5,5,5
1,0,0,0,0,0,26,676,2,0,5,1,1,1,158.0,3,1,7,0,2.0,2.0,4.0,3.0,0,1,0,0,0.25,5,2
1,0,0,0,0,0,51,2601,2,0,4,2,2,1,110.0,3,1,1,0,4.0,2.0,4.0,3.0,0,1,1,0,0.5,4,4
1,0,0,1,0,0,49,2401,1,1,4,1,1,2,5.0,2,1,7,0,1.0,1.0,1.0,1.0,1,1,1,1,1.0,5,5
1,0,0,1,0,0,22,484,1,1,4,1,1,1,175.0,3,3,1,0,4.0,4.0,4.0,5.0,0,0,0,0,0.0,3,2
1,0,0,0,0,0,52,2704,2,0,4,1,1,2,220.0,2,1,1,0,3.0,2.0,3.0,3.0,1,1,1,1,1.0,4,1
1,0,0,0,0,0,59,3481,1,1,5,1,1,1,20.0,2,4,1,0,2.0,2.0,2.0,3.0,0,1,0,0,0.25,4,4
1,0,0,0,0,0,25,625,1,1,5,1,1,1,100.0,3,3,1,0,5.0,5.0,5.0,5.0,0,0,0,0,0.0,5,5
1,0,0,0,0,0,24,576,1,1,6,1,1,1,200.0,1,1,1,0,,,,,0,0,1,1,0.5,5,5
1,0,0,0,0,0,27,729,1,1,6,1,1,1,120.0,3,3,1,0,2.0,3.0,3.0,3.0,1,1,1,1,1.0,5,5
1,0,0,0,0,0,56,3136,1,1,3,1,1,1,30.0,3,1,7,0,3.0,1.0,1.0,3.0,0,1,1,1,0.75,5,5
1,0,0,1,0,0,36,1296,2,0,5,2,1,1,158.0,3,4,1,0,3.0,2.0,3.0,4.0,0,0,0,0,0.0,3,3
1,0,0,0,0,0,48,2304,1,1,5,3,1,1,122.0,2,1,7,0,3.0,2.0,2.0,3.0,0,1,0,0,0.25,5,4
1,0,0,0,0,0,57,3249,1,1,4,1,1,1,5.0,1,1,1,0,,,,,0,1,1,1,0.75,3,1
1,0,0,0,0,0,49,2401,2,0,5,2,2,1,124.0,3,3,4,0,5.0,2.0,5.0,5.0,1,1,1,1,1.0,5,5
1,0,0,0,0,0,46,2116,1,1,4,1,1,2,257.0,3,1,7,0,3.0,2.0,2.0,4.0,1,0,1,0,0.5,3,4
1,0,0,0,0,0,35,1225,1,1,6,2,1,1,89.0,3,3,7,0,4.0,3.0,3.0,3.0,1,0,1,0,0.5,4,3
1,0,0,0,0,0,19,361,1,1,1,1,1,1,150.0,2,8,7,0,2.0,1.0,2.0,3.0,1,0,1,1,0.75,3,3
1,0,0,0,0,0,34,1156,1,1,5,1,1,1,50.0,2,3,7,0,2.0,2.0,2.0,3.0,0,0,0,0,0.0,5,2
1,0,0,0,0,0,45,2025,2,0,5,1,1,1,913.0,3,3,7,0,5.0,3.0,3.0,5.0,1,1,0,0,0.5,5,5
1,0,0,0,0,0,38,1444,2,0,5,1,1,1,300.0,3,1,1,0,5.0,2.0,1.0,3.0,0,0,0,0,0.0,5,5
1,0,0,0,0,0,36,1296,2,0,3,1,1,1,800.0,2,8,7,0,3.0,2.0,2.0,1.0,1,1,1,1,1.0,3,3
1,0,0,0,0,0,42,1764,1,1,1,2,2,1,78.0,3,1,4,0,3.0,1.0,3.0,3.0,1,0,1,1,0.75,5,5
1,0,0,0,0,0,40,1600,2,0,6,1,1,1,200.0,3,3,1,0,4.0,2.0,3.0,4.0,0,1,0,0,0.25,4,4
1,0,0,1,0,0,67,4489,1,1,4,1,1,1,10.0,2,1,1,0,3.0,2.0,5.0,4.0,1,1,1,0,0.75,5,4
1,0,0,1,0,0,48,2304,1,1,5,1,1,1,295.0,3,1,7,0,4.0,3.0,4.0,4.0,0,1,0,0,0.25,5,5
1,0,0,1,0,0,20,400,1,1,4,1,1,1,696.0,3,1,7,0,4.0,4.0,4.0,4.0,0,0,0,1,0.25,3,3
1,0,0,1,0,0,52,2704,1,1,4,1,1,1,30.0,3,1,7,0,5.0,5.0,5.0,5.0,1,1,1,0,0.75,5,5
1,0,0,1,0,0,29,841,2,0,7,1,1,1,30.0,2,3,7,0,3.0,3.0,4.0,4.0,0,0,0,0,0.0,4,3
1,0,0,0,0,0,48,2304,2,0,5,1,2,2,20.0,2,1,7,0,4.0,1.0,1.0,3.0,0,1,1,1,0.75,5,5
1,0,0,0,0,0,34,1156,2,0,3,1,2,1,100.0,3,1,7,0,4.0,2.0,4.0,1.0,1,0,0,1,0.5,4,5
1,0,0,0,0,0,59,3481,2,0,1,1,1,1,400.0,3,1,7,0,5.0,5.0,1.0,1.0,1,1,1,1,1.0,5,5
1,0,0,0,0,0,58,3364,1,1,4,1,1,2,52.0,3,1,1,0,3.0,4.0,2.0,2.0,0,0,1,1,0.5,3,3
1,0,0,0,0,0,47,2209,2,0,7,1,1,1,200.0,3,3,7,0,4.0,1.0,1.0,1.0,0,0,1,1,0.5,5,3
1,0,0,0,0,0,53,2809,2,0,5,1,1,1,100.0,2,3,1,0,2.0,3.0,3.0,4.0,1,1,1,1,1.0,4,4
1,0,0,0,0,0,55,3025,1,1,4,1,1,2,125.0,2,7,7,0,3.0,1.0,1.0,5.0,0,0,0,0,0.0,5,5
1,0,0,0,0,0,37,1369,1,1,6,2,2,1,100.0,3,2,7,0,3.0,2.0,3.0,2.0,0,0,0,1,0.25,5,5
1,0,0,0,0,0,51,2601,1,1,5,1,1,1,220.0,3,1,7,0,4.0,3.0,4.0,3.0,0,1,1,1,0.75,3,3
1,0,0,0,0,0,28,784,2,0,6,1,1,1,90.0,3,3,4,0,3.0,2.0,3.0,2.0,1,1,1,1,1.0,4,3
1,0,0,1,0,0,76,5776,2,0,2,1,1,1,15.0,2,4,1,0,4.0,2.0,4.0,5.0,0,0,0,0,0.0,5,4
1,0,0,0,0,0,64,4096,1,1,4,1,1,1,50.0,2,6,1,0,3.0,1.0,1.0,2.0,0,1,1,0,0.5,3,3
1,0,0,0,0,0,68,4624,2,0,2,2,2,1,35.0,2,8,1,0,4.0,1.0,1.0,3.0,0,1,1,1,0.75,5,4
1,0,0,0,0,0,37,1369,1,1,3,1,1,1,618.0,3,3,7,0,4.0,3.0,4.0,3.0,1,1,1,0,0.75,1,3
1,0,0,0,0,0,29,841,1,1,5,1,1,2,24.0,2,3,1,0,4.0,3.0,2.0,4.0,0,1,1,1,0.75,5,5
1,0,0,0,0,0,35,1225,2,0,4,1,1,1,228.0,3,1,1,0,5.0,3.0,5.0,4.0,0,0,1,1,0.5,4,3
1,0,0,0,0,0,30,900,2,0,6,1,1,1,80.0,2,1,7,0,4.0,1.0,2.0,2.0,1,1,1,1,1.0,5,4
1,0,0,0,0,0,34,1156,2,0,4,1,1,1,326.0,3,8,7,0,5.0,2.0,2.0,2.0,0,0,0,0,0.0,5,5
1,0,0,0,0,0,41,1681,2,0,4,1,1,1,60.0,2,2,1,0,3.0,3.0,3.0,3.0,0,0,0,0,0.0,3,3
1,0,0,0,0,0,55,3025,1,1,4,2,1,1,324.0,3,3,1,0,3.0,3.0,4.0,4.0,0,0,0,0,0.0,3,2
1,0,0,0,0,0,44,1936,1,1,5,1,1,1,109.0,2,1,7,0,3.0,1.0,4.0,4.0,1,0,1,0,0.5,5,1
1,0,0,0,0,0,18,324,2,0,4,1,1,2,500.0,3,3,7,0,3.0,2.0,2.0,4.0,0,0,0,0,0.0,3,2
1,0,0,0,0,0,38,1444,2,0,5,1,1,1,30.0,3,3,1,0,3.0,4.0,3.0,3.0,0,0,0,0,0.0,4,4
1,0,0,0,0,0,60,3600,1,1,5,1,1,2,55.0,3,1,1,0,4.0,2.0,4.0,4.0,0,1,1,0,0.5,5,4
1,0,0,0,0,0,18,324,1,1,3,1,1,1,500.0,2,1,1,0,2.0,1.0,1.0,1.0,1,0,0,1,0.5,4,3
1,0,0,0,0,0,46,2116,2,0,3,1,1,1,160.0,3,8,7,0,3.0,2.0,2.0,1.0,0,0,1,1,0.5,5,4
1,0,0,0,0,0,62,3844,1,1,3,1,1,2,50.0,2,1,7,0,4.0,2.0,2.0,3.0,0,0,1,0,0.25,4,3
1,0,0,0,0,0,51,2601,1,1,1,1,1,1,200.0,3,1,7,0,3.0,2.0,4.0,3.0,0,0,0,0,0.0,5,5
1,0,0,1,0,0,18,324,1,1,7,1,1,2,880.0,2,1,4,0,1.0,1.0,1.0,1.0,1,1,1,1,1.0,5,5
1,0,0,0,0,0,37,1369,2,0,3,1,1,1,118.0,3,3,1,0,4.0,3.0,2.0,5.0,1,1,1,0,0.75,5,1
1,0,0,0,0,0,35,1225,2,0,5,1,1,1,50.0,3,2,8,0,5.0,5.0,5.0,5.0,1,1,1,1,1.0,5,2
1,0,0,0,0,0,37,1369,2,0,3,1,1,2,54.0,2,3,1,0,4.0,4.0,4.0,4.0,0,0,0,0,0.0,4,4
1,0,0,0,0,0,29,841,2,0,3,1,1,1,158.0,2,3,1,0,1.0,1.0,1.0,1.0,1,1,0,1,0.75,3,3
1,0,0,1,0,0,41,1681,1,1,7,2,2,1,70.0,2,3,4,0,5.0,5.0,5.0,5.0,0,0,0,0,0.0,5,5
1,0,0,1,0,0,66,4356,1,1,3,2,2,1,60.0,3,3,7,0,5.0,5.0,5.0,3.0,0,0,0,1,0.25,5,5
1,0,0,0,0,0,28,784,2,0,7,1,1,1,78.0,2,1,1,0,4.0,2.0,1.0,3.0,1,1,1,0,0.75,3,3
1,0,0,0,0,0,41,1681,2,0,5,1,2,1,84.0,2,1,7,0,3.0,2.0,1.0,2.0,0,1,1,0,0.5,5,5
1,0,0,0,0,0,39,1521,1,1,4,1,1,1,50.0,3,8,7,0,5.0,1.0,1.0,5.0,1,1,1,0,0.75,5,5
1,0,0,1,0,0,35,1225,1,1,6,2,2,1,170.0,3,3,6,0,3.0,3.0,4.0,3.0,0,0,0,0,0.0,3,3
1,0,0,0,0,0,39,1521,2,0,7,1,1,1,10.0,2,1,7,0,5.0,2.0,2.0,5.0,0,1,1,1,0.75,5,2
1,0,0,0,0,0,36,1296,2,0,4,1,1,1,40.0,3,1,7,0,5.0,3.0,2.0,5.0,1,0,1,1,0.75,5,5
1,0,0,0,0,0,51,2601,2,0,1,1,1,1,50.0,2,1,7,0,3.0,1.0,4.0,4.0,0,0,1,0,0.25,5,5
1,0,0,0,0,0,37,1369,2,0,1,1,2,1,160.0,3,3,4,0,3.0,3.0,3.0,4.0,0,0,0,0,0.0,5,5
1,0,0,0,0,0,21,441,2,0,6,1,1,1,142.0,2,1,7,0,4.0,3.0,4.0,4.0,1,0,1,0,0.5,5,5
1,0,0,0,0,0,36,1296,2,0,6,1,1,1,356.0,3,3,5,0,3.0,1.0,1.0,1.0,0,0,0,1,0.25,5,5
1,0,0,0,0,0,53,2809,2,0,6,1,2,1,40.0,3,3,8,0,4.0,1.0,1.0,1.0,0,0,1,1,0.5,5,4
1,0,0,1,0,0,62,3844,1,1,2,1,1,1,21.0,2,1,6,0,3.0,2.0,2.0,2.0,1,1,1,1,1.0,3,3
1,0,0,0,0,0,34,1156,1,1,7,1,1,1,70.0,3,1,7,0,4.0,2.0,3.0,4.0,0,1,1,0,0.5,4,3
1,0,0,0,0,0,22,484,1,1,4,1,1,3,300.0,2,6,6,0,2.0,1.0,1.0,1.0,0,0,0,0,0.0,5,5
1,0,0,0,0,0,61,3721,1,1,4,1,1,1,15.0,3,1,1,0,4.0,1.0,1.0,4.0,1,1,1,0,0.75,5,4
1,0,0,0,0,0,34,1156,2,0,5,1,1,1,130.0,3,3,7,0,4.0,2.0,1.0,3.0,0,1,1,1,0.75,3,3
1,0,0,0,0,0,49,2401,2,0,7,1,1,1,112.0,3,1,7,0,3.0,3.0,3.0,3.0,1,1,1,0,0.75,4,4
1,0,0,0,0,0,38,1444,2,0,6,1,1,1,162.0,2,3,7,0,3.0,1.0,1.0,3.0,0,0,1,0,0.25,5,4
1,0,0,0,0,0,40,1600,1,1,4,1,1,1,25.0,3,3,1,0,4.0,2.0,5.0,3.0,0,1,0,0,0.25,5,4
1,0,0,0,0,0,30,900,1,1,5,1,1,1,70.0,2,1,7,0,2.0,1.0,1.0,1.0,0,1,0,0,0.25,4,2
1,0,0,0,0,0,36,1296,1,1,4,1,2,1,150.0,2,3,7,0,4.0,3.0,4.0,4.0,1,1,0,1,0.75,5,5
1,0,0,0,0,0,54,2916,2,0,4,1,2,1,120.0,3,2,1,0,5.0,3.0,5.0,3.0,1,0,1,1,0.75,2,2
1,0,0,0,0,0,44,1936,1,1,6,1,1,3,10.0,2,1,1,0,3.0,2.0,3.0,3.0,0,1,1,0,0.5,4,3
1,0,0,0,0,0,59,3481,1,1,3,1,1,1,89.0,3,1,1,0,4.0,2.0,3.0,4.0,0,1,0,0,0.25,5,5
1,0,0,0,0,0,38,1444,2,0,6,1,1,1,209.0,3,3,1,0,4.0,2.0,3.0,3.0,0,0,0,0,0.0,4,4
1,0,0,1,0,0,34,1156,2,0,4,1,1,1,100.0,3,6,1,0,5.0,5.0,5.0,5.0,0,0,0,0,0.0,5,5
1,0,0,0,0,0,36,1296,1,1,1,1,1,1,0.0,3,1,7,0,3.0,3.0,3.0,3.0,1,1,1,1,1.0,5,5
1,0,0,0,0,0,24,576,2,0,5,1,1,1,124.0,3,3,7,0,4.0,2.0,1.0,5.0,1,0,1,1,0.75,5,5
1,0,0,1,0,0,40,1600,1,1,8,1,1,1,231.0,3,1,2,1,3.0,1.0,1.0,3.0,0,0,1,1,0.5,5,5
1,0,0,0,0,0,26,676,2,0,5,1,1,1,254.0,3,1,7,0,4.0,1.0,1.0,1.0,1,0,1,1,0.75,5,4
1,0,0,0,0,0,25,625,2,0,4,1,1,1,50.0,3,1,7,0,4.0,3.0,4.0,4.0,0,1,1,1,0.75,5,4
1,0,0,1,0,0,61,3721,2,0,5,1,1,1,20.0,2,5,1,0,2.0,1.0,3.0,4.0,0,1,1,1,0.75,5,5
1,0,0,0,0,0,36,1296,1,1,7,1,1,1,48.0,3,1,8,0,4.0,4.0,2.0,4.0,0,0,0,0,0.0,4,3
1,0,0,0,0,0,68,4624,1,1,5,1,1,1,80.0,3,3,1,0,4.0,1.0,3.0,5.0,1,1,1,0,0.75,5,5
1,0,0,0,0,0,71,5041,1,1,2,1,1,1,42.0,2,3,7,0,3.0,2.0,3.0,3.0,0,1,0,0,0.25,3,3
1,0,0,0,0,0,61,3721,1,1,5,1,1,1,212.0,3,8,1,0,4.0,3.0,2.0,3.0,0,0,0,0,0.0,5,4
1,0,0,0,0,0,26,676,2,0,5,1,1,1,150.0,3,1,7,0,4.0,3.0,3.0,3.0,0,0,1,0,0.25,4,3
1,0,0,0,0,0,62,3844,1,1,5,1,1,1,5.0,1,2,1,0,,,,,1,1,1,0,0.75,4,1
1,0,0,1,0,0,61,3721,1,1,4,1,1,1,20.0,2,1,1,0,4.0,1.0,2.0,5.0,0,0,1,0,0.25,5,5
1,0,0,0,0,0,58,3364,2,0,3,1,1,2,100.0,2,3,1,0,3.0,3.0,3.0,1.0,1,1,1,0,0.75,4,3
1,0,0,0,0,0,62,3844,2,0,4,1,1,2,32.0,2,1,1,0,1.0,1.0,1.0,1.0,1,1,1,1,1.0,1,1
1,0,0,0,0,0,67,4489,1,1,3,1,1,3,1.0,2,1,1,0,2.0,1.0,3.0,2.0,0,1,1,1,0.75,5,4
1,0,0,0,0,0,48,2304,2,0,4,1,2,2,16.0,3,1,8,0,1.0,1.0,2.0,1.0,0,1,1,1,0.75,5,4
1,0,0,0,0,0,75,5625,1,1,2,1,1,3,5.0,2,1,1,0,2.0,2.0,2.0,2.0,0,1,1,1,0.75,4,4
1,0,0,0,0,0,47,2209,2,0,1,1,1,3,2.0,2,1,7,0,2.0,1.0,2.0,1.0,0,1,0,1,0.5,5,5
1,0,0,0,0,0,76,5776,2,0,4,1,1,2,12.0,2,1,1,0,2.0,1.0,4.0,4.0,0,1,0,0,0.25,5,4
1,0,0,0,0,0,70,4900,1,1,4,1,2,2,30.0,2,1,1,0,5.0,1.0,1.0,5.0,1,1,1,1,1.0,5,5
1,0,0,0,0,0,73,5329,2,0,3,1,1,3,6.0,2,1,7,0,4.0,1.0,1.0,1.0,0,1,1,1,0.75,2,2
1,0,0,0,0,0,61,3721,2,0,4,1,1,1,30.0,2,5,1,0,4.0,1.0,3.0,3.0,1,1,1,1,1.0,5,5
1,0,0,1,0,0,80,6400,1,1,2,1,1,1,50.0,2,3,1,0,4.0,1.0,3.0,3.0,0,0,0,0,0.0,5,5
1,0,0,0,0,0,58,3364,2,0,5,1,1,1,10.0,2,1,1,0,2.0,1.0,1.0,1.0,1,1,0,1,0.75,4,3
1,0,0,0,0,0,23,529,2,0,6,1,1,1,400.0,3,3,7,0,3.0,1.0,1.0,2.0,1,0,1,0,0.5,3,3
1,0,0,0,0,0,55,3025,1,1,4,1,1,3,6.0,1,1,6,0,,,,,1,1,1,1,1.0,5,1
1,0,0,0,0,0,59,3481,2,0,5,1,1,1,100.0,3,1,1,0,4.0,3.0,3.0,3.0,1,1,1,0,0.75,5,4
1,0,0,0,0,0,28,784,1,1,4,1,1,1,20.0,2,1,7,0,3.0,1.0,1.0,3.0,0,1,1,0,0.5,4,4
1,0,0,0,0,0,50,2500,2,0,5,1,1,1,76.0,2,1,7,0,5.0,1.0,1.0,5.0,0,0,0,1,0.25,5,5
1,0,0,0,0,0,18,324,2,0,3,1,1,1,300.0,1,3,7,0,,,,,1,0,0,1,0.5,5,5
1,0,0,0,0,0,55,3025,2,0,2,1,1,2,18.0,2,5,7,0,4.0,2.0,3.0,5.0,1,1,1,0,0.75,5,5
1,0,0,0,0,0,35,1225,1,1,4,1,1,1,35.0,2,1,1,0,2.0,1.0,2.0,4.0,0,0,0,1,0.25,3,2
1,0,0,0,0,0,37,1369,2,0,6,3,3,1,50.0,3,1,8,0,3.0,3.0,3.0,3.0,0,0,0,0,0.0,3,3
1,0,0,0,0,0,47,2209,1,1,4,1,1,2,30.0,3,1,7,0,3.0,1.0,1.0,3.0,1,1,1,0,0.75,5,5
1,0,0,0,0,0,45,2025,1,1,4,1,1,1,15.0,2,3,1,0,2.0,2.0,2.0,2.0,1,1,1,0,0.75,3,1
1,0,0,1,0,0,36,1296,2,0,2,2,1,2,50.0,2,1,2,1,2.0,2.0,2.0,2.0,0,1,0,0,0.25,2,2
1,0,0,0,0,0,46,2116,2,0,3,2,2,1,15.0,2,3,1,0,3.0,1.0,1.0,1.0,0,1,1,1,0.75,4,4
1,0,0,1,0,0,65,4225,1,1,2,1,2,1,15.0,2,1,7,0,3.0,3.0,2.0,2.0,1,1,1,1,1.0,4,1
1,0,0,0,0,0,46,2116,2,0,2,1,1,1,30.0,3,3,4,0,3.0,1.0,1.0,4.0,0,0,0,0,0.0,5,5
1,0,0,0,0,0,20,400,2,0,8,1,1,1,100.0,3,3,7,0,3.0,1.0,5.0,5.0,0,0,0,0,0.0,5,5
1,0,0,0,0,0,67,4489,1,1,2,2,2,2,0.0,1,2,1,0,,,,,1,1,1,1,1.0,5,5
1,0,0,1,0,0,68,4624,1,1,5,1,1,2,15.0,2,2,1,0,2.0,2.0,2.0,2.0,1,1,1,1,1.0,3,4
1,0,0,0,0,0,20,400,2,0,1,1,1,1,500.0,2,3,8,0,3.0,1.0,5.0,5.0,1,1,1,1,1.0,5,5
1,0,0,0,0,0,50,2500,2,0,1,1,1,1,300.0,3,3,1,0,3.0,3.0,3.0,3.0,0,0,0,0,0.0,3,3
1,0,0,0,0,0,42,1764,2,0,5,1,1,2,30.0,2,1,2,1,2.0,2.0,2.0,3.0,1,1,1,1,1.0,4,3
1,0,0,0,0,0,47,2209,2,0,3,1,1,1,320.0,3,1,7,0,5.0,3.0,3.0,3.0,1,1,1,0,0.75,5,5
1,0,0,0,0,0,67,4489,2,0,5,1,1,2,20.0,2,5,1,0,2.0,2.0,2.0,2.0,0,0,0,1,0.25,3,3
1,0,0,0,0,0,30,900,2,0,7,1,1,3,25.0,3,1,7,0,4.0,1.0,1.0,3.0,0,0,0,0,0.0,5,5
1,0,0,0,0,0,66,4356,2,0,2,1,1,2,15.0,2,1,1,0,2.0,1.0,2.0,1.0,1,1,1,0,0.75,2,2
1,0,0,1,0,0,36,1296,2,0,6,1,1,1,70.0,3,3,1,0,5.0,5.0,5.0,5.0,1,1,1,0,0.75,5,5
1,0,0,0,0,0,53,2809,2,0,5,1,1,2,40.0,3,6,1,0,4.0,3.0,3.0,4.0,0,0,0,1,0.25,4,4
1,0,0,0,0,0,70,4900,1,1,2,1,1,4,5.0,1,2,1,0,,,,,0,1,1,1,0.75,5,4
1,0,0,0,0,0,56,3136,1,1,6,1,1,1,56.0,2,2,7,0,1.0,1.0,1.0,2.0,0,1,0,0,0.25,3,3
1,0,0,0,0,0,63,3969,1,1,2,1,1,1,112.0,2,1,7,0,4.0,2.0,2.0,3.0,0,0,0,0,0.0,5,5
1,0,0,0,0,0,36,1296,1,1,4,1,1,3,2344.0,3,1,6,0,3.0,3.0,4.0,5.0,1,0,1,0,0.5,3,5
1,0,0,0,0,0,44,1936,2,0,4,1,1,1,113.0,3,6,7,0,4.0,3.0,3.0,4.0,0,0,1,0,0.25,4,4
1,0,0,0,0,0,52,2704,2,0,5,1,1,1,6.0,1,5,7,0,,,,,1,1,1,1,1.0,5,4
1,0,0,1,0,0,59,3481,2,0,2,1,1,2,20.0,2,1,1,0,4.0,1.0,1.0,3.0,1,0,1,0,0.5,5,5
1,0,0,0,0,0,82,6724,2,0,3,1,1,1,12.0,3,1,2,1,3.0,1.0,3.0,4.0,0,1,1,1,0.75,5,5
1,0,0,1,0,0,44,1936,1,1,3,1,1,1,50.0,3,3,1,0,4.0,4.0,4.0,4.0,0,0,0,0,0.0,4,4
1,0,0,0,0,0,71,5041,2,0,3,1,1,1,25.0,2,1,1,0,4.0,2.0,2.0,4.0,0,1,1,1,0.75,5,5
1,0,0,0,0,0,64,4096,1,1,5,1,1,1,152.0,3,7,7,0,4.0,2.0,2.0,4.0,0,0,0,0,0.0,5,5
1,0,0,0,0,0,51,2601,1,1,4,1,1,1,100.0,3,3,7,0,5.0,3.0,3.0,4.0,1,1,1,1,1.0,5,4
1,0,0,0,0,0,27,729,2,0,5,1,1,1,200.0,3,1,7,0,4.0,4.0,3.0,5.0,1,0,1,1,0.75,4,4
1,0,0,0,0,0,38,1444,2,0,5,1,1,2,0.0,2,2,1,0,2.0,2.0,1.0,1.0,1,1,1,1,1.0,3,3
1,0,0,0,0,0,69,4761,2,0,1,1,1,1,200.0,2,1,2,1,5.0,3.0,3.0,4.0,0,1,0,0,0.25,5,5
1,0,0,0,0,0,62,3844,1,1,4,1,1,3,60.0,1,1,1,0,,,,,0,1,1,0,0.5,5,5
1,0,0,0,0,0,62,3844,2,0,2,1,1,1,1000.0,3,1,1,0,4.0,3.0,4.0,4.0,1,1,1,1,1.0,3,2
1,0,0,0,0,0,51,2601,1,1,4,1,1,2,15.0,2,8,1,0,3.0,1.0,4.0,4.0,1,1,1,1,1.0,5,4
1,0,0,1,0,0,71,5041,2,0,2,1,1,2,10.0,2,1,1,0,2.0,1.0,1.0,1.0,0,1,0,1,0.5,5,5
1,0,0,0,0,0,84,7056,1,1,3,1,2,1,25.0,3,5,2,1,5.0,5.0,3.0,4.0,0,0,0,0,0.0,5,5
1,0,0,0,0,0,18,324,2,0,1,1,1,3,50.0,2,2,7,0,4.0,1.0,1.0,2.0,1,1,1,1,1.0,5,4
1,0,0,1,0,0,55,3025,1,1,4,1,1,1,125.0,3,1,7,0,5.0,3.0,1.0,5.0,0,0,0,0,0.0,5,5
1,0,0,0,0,0,72,5184,1,1,4,1,1,4,10.0,2,1,1,0,1.0,1.0,1.0,1.0,0,0,0,1,0.25,5,5
1,0,0,0,0,0,68,4624,2,0,7,1,1,2,30.0,1,5,1,0,,,,,0,1,0,1,0.5,5,4
1,0,0,0,0,0,18,324,1,1,3,2,2,1,40.0,2,3,2,1,4.0,2.0,3.0,3.0,0,0,1,1,0.5,5,4
1,0,0,0,0,0,68,4624,2,0,3,1,1,2,30.0,3,3,7,0,3.0,1.0,1.0,3.0,0,0,1,1,0.5,5,3
1,0,0,0,0,0,51,2601,2,0,1,1,1,1,150.0,3,8,7,0,3.0,3.0,3.0,3.0,0,0,0,0,0.0,3,3
1,0,0,1,0,0,61,3721,1,1,5,1,1,1,15.0,2,3,7,0,2.0,4.0,3.0,4.0,0,0,1,0,0.25,4,4
1,0,0,0,0,0,18,324,1,1,1,2,1,1,79.0,2,8,4,0,5.0,2.0,5.0,2.0,0,0,0,1,0.25,5,3
1,0,0,0,0,0,19,361,1,1,6,1,1,2,28.0,2,3,2,1,4.0,2.0,5.0,4.0,0,1,0,0,0.25,4,4
1,0,0,1,0,0,29,841,1,1,6,2,1,3,,1,3,7,0,,,,,1,0,0,1,0.5,5,5
1,0,0,0,0,0,64,4096,2,0,4,1,1,1,164.0,3,1,2,1,3.0,1.0,1.0,1.0,0,0,1,1,0.5,5,5
1,0,0,0,0,0,65,4225,2,0,7,1,1,2,20.0,1,1,7,0,,,,,1,1,1,1,1.0,5,5
1,0,0,0,0,0,50,2500,2,0,5,1,1,1,50.0,3,8,7,0,4.0,3.0,2.0,1.0,0,1,0,0,0.25,4,4
1,0,0,1,0,0,30,900,2,0,1,1,1,1,350.0,3,3,7,0,3.0,3.0,3.0,3.0,0,0,0,0,0.0,3,3
1,0,0,0,0,0,39,1521,1,1,3,1,1,1,150.0,2,3,1,0,3.0,3.0,3.0,3.0,1,1,1,1,1.0,5,5
1,0,0,0,0,0,34,1156,2,0,1,2,2,1,786.0,3,3,7,0,4.0,1.0,1.0,1.0,0,1,1,1,0.75,5,5
1,0,0,0,0,0,30,900,1,1,8,2,2,1,1000.0,3,3,4,0,4.0,4.0,5.0,5.0,1,0,0,0,0.25,4,3
1,0,0,0,0,0,61,3721,1,1,4,1,1,1,40.0,3,2,7,0,3.0,1.0,2.0,3.0,0,0,0,0,0.0,4,4
1,0,0,0,0,0,45,2025,2,0,4,1,1,1,100.0,3,1,7,0,2.0,5.0,3.0,2.0,0,0,0,1,0.25,5,2
1,0,0,0,0,0,58,3364,1,1,5,1,1,2,8.0,2,1,7,0,4.0,1.0,1.0,3.0,1,1,1,0,0.75,5,4
1,0,0,0,0,0,48,2304,2,0,5,1,1,2,30.0,3,3,1,0,5.0,3.0,4.0,5.0,0,0,0,0,0.0,5,5
1,0,0,0,0,0,75,5625,1,1,5,1,1,2,10.0,1,2,7,0,,,,,0,0,1,0,0.25,5,5
1,0,0,0,0,0,70,4900,1,1,4,1,1,2,20.0,2,1,7,0,2.0,1.0,1.0,2.0,1,1,1,1,1.0,4,4
1,0,0,0,0,0,60,3600,2,0,5,1,1,1,81.0,2,3,1,0,3.0,2.0,2.0,2.0,1,1,0,0,0.5,3,3
1,0,0,0,0,0,38,1444,1,1,3,2,2,1,700.0,3,1,7,0,5.0,5.0,5.0,5.0,0,0,1,1,0.5,5,5
1,0,0,1,0,0,47,2209,1,1,7,1,1,2,3.0,3,3,1,0,3.0,3.0,3.0,3.0,0,0,0,0,0.0,3,3
1,0,0,0,0,0,59,3481,1,1,1,1,1,1,8.0,3,1,1,0,3.0,1.0,1.0,3.0,1,1,1,0,0.75,3,3
1,0,0,0,0,0,64,4096,2,0,5,1,1,1,50.0,2,1,1,0,3.0,2.0,2.0,3.0,0,0,1,0,0.25,4,4
1,0,0,0,0,0,52,2704,2,0,5,1,1,1,100.0,3,1,7,0,5.0,2.0,4.0,5.0,0,0,0,0,0.0,5,5
1,0,0,0,0,0,18,324,2,0,3,1,1,1,600.0,2,1,1,0,3.0,3.0,4.0,3.0,0,1,0,1,0.5,5,5
1,0,0,1,0,0,34,1156,2,0,9,2,2,2,,2,3,4,0,3.0,3.0,2.0,3.0,0,0,0,0,0.0,5,5
1,0,0,0,0,0,20,400,1,1,3,1,1,4,20.0,1,3,8,0,,,,,1,1,1,1,1.0,5,4
1,0,0,0,0,0,18,324,1,1,6,1,1,2,300.0,2,3,1,0,4.0,1.0,5.0,1.0,1,1,1,1,1.0,5,5
1,0,0,0,0,0,20,400,2,0,3,2,2,1,2.0,2,6,4,0,3.0,4.0,4.0,2.0,0,0,1,1,0.5,4,4
1,0,0,1,0,0,27,729,2,0,7,1,1,1,500.0,3,3,6,0,4.0,3.0,5.0,4.0,0,0,0,1,0.25,5,4
1,0,0,1,0,0,32,1024,2,0,3,1,1,1,257.0,3,3,7,0,5.0,5.0,5.0,5.0,0,0,0,0,0.0,5,1
1,0,0,0,0,0,49,2401,1,1,4,2,2,1,250.0,3,2,1,0,3.0,3.0,3.0,2.0,0,0,0,0,0.0,5,4
1,0,0,0,0,0,19,361,1,1,7,1,1,1,109.0,2,3,7,0,4.0,2.0,4.0,4.0,0,0,0,0,0.0,5,4
1,0,0,0,0,0,59,3481,2,0,1,1,1,1,10.0,2,8,7,0,5.0,4.0,5.0,5.0,1,1,1,1,1.0,1,3
1,0,0,0,0,0,51,2601,2,0,5,1,1,3,20.0,2,1,1,0,3.0,1.0,1.0,3.0,0,1,1,0,0.5,3,2
1,0,0,0,0,0,46,2116,2,0,5,1,1,2,20.0,2,8,1,0,2.0,1.0,1.0,1.0,1,1,1,1,1.0,5,5
1,0,0,0,0,0,64,4096,1,1,4,1,1,2,50.0,2,2,1,0,3.0,3.0,3.0,4.0,0,1,0,1,0.5,4,4
1,0,0,0,0,0,34,1156,1,1,5,1,1,2,27.0,2,3,6,0,4.0,2.0,2.0,2.0,0,0,0,0,0.0,4,3
1,0,0,0,0,0,46,2116,2,0,6,1,1,1,19.0,3,3,7,0,4.0,3.0,5.0,4.0,0,0,1,1,0.5,4,4
1,0,0,0,0,0,54,2916,1,1,5,1,1,2,4.0,2,1,7,0,2.0,1.0,2.0,2.0,0,1,1,1,0.75,4,1
1,0,0,0,0,0,27,729,2,0,9,1,1,1,137.0,2,6,1,0,3.0,4.0,1.0,3.0,0,0,0,0,0.0,5,4
1,0,0,1,0,0,54,2916,2,0,4,1,1,2,1890.0,2,2,7,0,3.0,1.0,1.0,2.0,1,1,1,1,1.0,5,5
1,0,0,0,0,0,65,4225,1,1,4,1,1,2,25.0,2,3,7,0,4.0,4.0,4.0,4.0,1,1,1,1,1.0,4,4
1,0,0,0,0,0,50,2500,2,0,1,1,1,1,80.0,2,1,7,0,4.0,1.0,2.0,4.0,1,1,1,1,1.0,5,5
1,0,0,0,0,0,28,784,2,0,5,1,1,1,200.0,3,1,1,0,3.0,2.0,3.0,4.0,1,1,1,0,0.75,5,2
1,0,0,0,0,0,67,4489,2,0,1,1,1,3,5.0,2,8,8,0,1.0,1.0,1.0,1.0,1,1,1,0,0.75,2,1
1,0,0,0,0,0,42,1764,2,0,1,1,1,1,250.0,2,3,7,0,2.0,2.0,5.0,2.0,0,0,0,0,0.0,4,4
1,0,0,0,0,0,30,900,2,0,3,1,1,1,200.0,3,3,7,0,4.0,5.0,5.0,3.0,0,0,0,1,0.25,4,4
1,0,0,0,0,0,18,324,2,0,7,1,1,4,30.0,1,3,7,0,,,,,1,0,1,1,0.75,5,5
1,0,0,1,0,0,30,900,2,0,6,1,1,3,450.0,3,3,7,0,4.0,5.0,5.0,5.0,0,0,0,0,0.0,3,4
1,0,0,0,0,0,30,900,2,0,4,1,1,1,16.0,3,1,7,0,3.0,2.0,3.0,3.0,0,0,0,0,0.0,4,4
1,0,0,0,0,0,19,361,2,0,3,1,1,1,51.0,1,3,7,0,,,,,1,1,1,0,0.75,3,2
1,0,0,0,0,0,27,729,2,0,5,3,1,1,80.0,3,8,7,0,3.0,1.0,1.0,2.0,1,1,1,0,0.75,5,2
1,0,0,0,0,0,18,324,2,0,5,1,1,2,600.0,2,1,7,0,2.0,1.0,3.0,1.0,1,1,0,1,0.75,5,4
1,0,0,0,0,0,53,2809,2,0,4,2,2,1,50.0,2,1,1,0,3.0,1.0,1.0,3.0,1,1,1,1,1.0,3,3
1,0,0,0,0,0,41,1681,2,0,4,1,1,1,430.0,2,9,7,0,5.0,5.0,5.0,5.0,1,0,1,1,0.75,5,5
1,0,0,0,0,0,53,2809,2,0,4,1,2,1,30.0,2,8,8,0,3.0,2.0,1.0,3.0,1,1,1,0,0.75,4,4
1,0,0,0,0,0,61,3721,2,0,3,1,1,1,145.0,3,7,1,0,4.0,4.0,4.0,4.0,0,0,1,1,0.5,5,4
1,0,0,0,0,0,20,400,1,1,1,1,1,1,59.0,2,3,7,0,2.0,1.0,1.0,1.0,1,0,1,1,0.75,5,3
1,0,0,0,0,0,54,2916,2,0,5,1,1,1,26.0,3,1,1,0,4.0,2.0,4.0,4.0,0,1,0,0,0.25,5,5
1,0,0,0,0,0,56,3136,1,1,4,1,1,3,20.0,3,1,1,0,4.0,1.0,1.0,3.0,0,0,1,0,0.25,5,5
1,0,0,0,0,0,46,2116,2,0,4,1,1,1,50.0,3,1,1,0,4.0,1.0,1.0,4.0,1,1,1,1,1.0,5,5
1,0,0,0,0,0,19,361,1,1,1,1,1,4,20.0,1,1,8,0,,,,,1,0,0,1,0.5,4,3
1,0,0,0,0,0,18,324,1,1,7,1,1,3,458.0,3,3,7,0,4.0,4.0,4.0,4.0,0,0,1,1,0.5,5,5
1,0,0,0,0,0,30,900,2,0,4,1,1,1,400.0,3,3,7,0,4.0,3.0,2.0,3.0,1,1,0,0,0.5,5,5
1,0,0,0,0,0,25,625,2,0,1,1,1,2,50.0,1,1,7,0,,,,,1,1,1,0,0.75,5,5
1,0,0,0,0,0,18,324,2,0,3,2,2,2,200.0,1,1,1,0,,,,,1,0,1,1,0.75,5,5
1,0,0,0,0,0,62,3844,2,0,3,1,1,4,5.0,1,2,1,0,,,,,0,0,1,1,0.5,5,5
1,0,0,0,0,0,49,2401,2,0,4,1,1,2,50.0,2,8,7,0,4.0,2.0,3.0,2.0,1,1,1,1,1.0,4,3
1,0,0,0,0,0,32,1024,2,0,6,1,1,1,130.0,3,3,1,0,5.0,1.0,3.0,2.0,0,0,0,1,0.25,5,5
1,0,0,1,0,0,49,2401,2,0,1,1,1,2,10.0,3,9,1,0,5.0,2.0,5.0,5.0,0,0,1,1,0.5,5,4
1,0,0,0,0,0,50,2500,2,0,5,1,1,1,50.0,2,1,1,0,3.0,1.0,3.0,3.0,0,1,1,1,0.75,5,3
1,0,0,0,0,0,40,1600,2,0,7,1,1,1,3.0,2,5,1,0,4.0,3.0,3.0,3.0,0,1,1,0,0.5,4,4
1,0,0,0,0,0,63,3969,1,1,2,1,1,1,1.0,1,1,1,0,,,,,1,1,1,0,0.75,5,5
1,0,0,0,0,0,23,529,2,0,5,1,1,1,100.0,2,1,7,0,4.0,1.0,3.0,4.0,0,0,0,0,0.0,5,4
1,0,0,0,0,0,48,2304,1,1,4,1,1,1,198.0,2,3,1,0,4.0,4.0,4.0,4.0,0,0,0,0,0.0,5,5
1,0,0,0,0,0,18,324,2,0,2,2,1,1,150.0,3,3,8,0,3.0,2.0,1.0,1.0,0,0,1,1,0.5,4,4
1,0,0,0,0,0,18,324,1,1,6,1,1,1,56.0,1,3,7,0,,,,,0,0,0,1,0.25,5,5
1,0,0,0,0,0,68,4624,1,1,3,1,1,3,50.0,2,1,7,0,2.0,1.0,1.0,2.0,0,1,1,0,0.5,1,1
1,0,0,0,0,0,50,2500,1,1,1,2,2,1,140.0,2,3,1,0,3.0,2.0,3.0,4.0,1,1,1,0,0.75,5,4
1,0,0,0,0,0,56,3136,1,1,4,1,1,1,500.0,3,1,7,0,4.0,3.0,3.0,4.0,1,1,1,1,1.0,5,4
1,0,0,0,0,0,36,1296,2,0,5,1,1,1,60.0,3,8,7,0,3.0,1.0,1.0,3.0,0,1,1,1,0.75,5,5
1,0,0,1,0,0,46,2116,2,0,5,1,1,3,360.0,2,8,1,0,3.0,1.0,1.0,3.0,1,1,1,1,1.0,4,4
1,0,0,0,0,0,32,1024,2,0,5,1,1,1,50.0,3,1,1,0,3.0,2.0,1.0,3.0,0,1,1,1,0.75,5,4
1,0,0,0,0,0,38,1444,1,1,7,2,2,1,305.0,2,3,8,0,3.0,1.0,1.0,2.0,0,0,0,1,0.25,5,5
1,0,0,0,0,0,44,1936,2,0,6,1,1,1,100.0,3,4,1,0,5.0,1.0,1.0,5.0,0,0,0,1,0.25,5,5
1,0,0,0,0,0,18,324,2,0,3,1,1,1,94.0,2,3,1,0,4.0,2.0,1.0,3.0,0,0,0,1,0.25,5,4
1,0,0,0,0,0,30,900,1,1,5,1,2,1,15.0,3,3,1,0,3.0,4.0,1.0,1.0,0,0,0,1,0.25,5,1
1,0,0,0,0,0,41,1681,2,0,2,1,1,1,69.0,3,1,7,0,4.0,3.0,3.0,5.0,0,0,1,0,0.25,5,5
1,0,0,1,0,0,34,1156,1,1,4,2,2,1,30.0,3,1,1,0,4.0,4.0,1.0,1.0,0,0,1,0,0.25,5,5
1,0,0,0,0,0,27,729,2,0,5,2,2,1,61.0,2,3,8,0,3.0,1.0,5.0,5.0,1,1,1,1,1.0,5,5
1,0,0,0,0,0,52,2704,1,1,5,2,2,1,40.0,2,1,1,0,4.0,3.0,3.0,4.0,0,0,0,0,0.0,5,4
1,0,0,0,0,0,45,2025,2,0,1,1,1,1,80.0,2,1,1,0,3.0,3.0,3.0,3.0,0,0,0,0,0.0,3,3
1,0,0,0,0,0,62,3844,2,0,1,1,1,1,30.0,2,3,7,0,3.0,2.0,3.0,4.0,0,0,0,0,0.0,5,5
1,0,0,0,0,0,40,1600,2,0,5,1,1,1,25.0,3,2,1,0,4.0,1.0,4.0,3.0,1,1,1,1,1.0,4,3
1,0,0,0,0,0,32,1024,1,1,1,1,1,1,179.0,3,3,1,0,2.0,2.0,3.0,4.0,0,0,0,0,0.0,5,2
1,0,0,0,0,0,55,3025,2,0,4,1,1,1,34.0,2,8,7,0,4.0,3.0,3.0,3.0,1,1,1,1,1.0,4,4
1,0,0,0,0,0,39,1521,2,0,5,1,1,1,50.0,3,1,7,0,4.0,1.0,2.0,4.0,1,1,1,1,1.0,5,1
1,0,0,0,0,0,23,529,1,1,4,1,2,1,250.0,2,3,4,0,4.0,2.0,3.0,2.0,0,0,0,0,0.0,4,4
1,0,0,0,0,0,30,900,1,1,4,1,1,3,40.0,2,3,7,0,3.0,1.0,1.0,3.0,0,1,1,1,0.75,5,3
1,0,0,0,0,0,45,2025,1,1,4,1,1,1,4.0,1,1,1,0,,,,,1,1,0,1,0.75,5,4
1,0,0,0,0,0,48,2304,2,0,4,1,1,1,47.0,3,1,7,0,3.0,2.0,3.0,2.0,0,1,1,1,0.75,1,1
1,0,0,0,0,0,19,361,1,1,3,1,1,3,50.0,2,3,1,0,3.0,1.0,1.0,1.0,0,0,0,1,0.25,5,5
1,0,0,0,0,0,21,441,2,0,1,1,1,1,14.0,3,3,8,0,5.0,1.0,4.0,3.0,0,0,0,0,0.0,2,3
1,0,0,0,0,0,60,3600,2,0,6,1,1,3,45.0,2,1,7,0,3.0,1.0,3.0,3.0,1,1,1,1,1.0,5,5
1,0,0,0,0,0,35,1225,1,1,1,1,1,1,146.0,3,7,1,0,4.0,4.0,5.0,5.0,1,0,1,1,0.75,3,1
1,0,0,0,0,0,27,729,2,0,3,1,1,1,241.0,2,3,1,0,2.0,2.0,3.0,4.0,0,1,1,0,0.5,4,3
1,0,0,0,0,0,61,3721,1,1,4,1,1,2,20.0,3,1,7,0,3.0,2.0,2.0,3.0,1,1,1,0,0.75,3,3
1,0,0,0,0,0,24,576,2,0,4,1,1,1,100.0,3,3,2,1,4.0,1.0,1.0,1.0,0,0,1,1,0.5,5,4
1,0,0,0,0,0,18,324,1,1,5,1,1,3,600.0,1,3,8,0,,,,,0,0,1,1,0.5,5,5
1,0,0,1,0,0,37,1369,2,0,2,1,1,1,,3,1,7,0,5.0,5.0,5.0,5.0,0,0,0,0,0.0,3,3
1,0,0,0,0,0,18,324,1,1,1,1,1,2,200.0,1,2,1,0,,,,,0,1,1,1,0.75,5,4
1,0,0,0,0,0,35,1225,1,1,2,1,1,1,45.0,3,3,1,0,5.0,5.0,5.0,5.0,0,0,0,0,0.0,5,5
1,0,0,0,0,0,43,1849,2,0,7,1,1,1,844.0,3,3,1,0,3.0,1.0,2.0,2.0,1,1,0,1,0.75,5,5
1,0,0,1,0,0,28,784,2,0,5,1,1,1,86.0,2,8,7,0,1.0,1.0,1.0,1.0,1,1,1,1,1.0,5,4
1,0,0,1,0,0,54,2916,2,0,4,1,1,1,100.0,3,1,7,0,5.0,5.0,5.0,5.0,0,1,0,1,0.5,5,5
1,0,0,0,0,0,19,361,1,1,7,1,1,4,14.0,2,3,7,0,1.0,2.0,5.0,2.0,0,0,0,1,0.25,5,4
1,0,0,1,0,0,28,784,1,1,9,1,1,3,50.0,3,1,7,0,4.0,4.0,5.0,3.0,0,0,0,0,0.0,5,4
1,0,0,0,0,0,55,3025,2,0,1,1,1,1,30.0,3,3,7,0,5.0,4.0,5.0,5.0,1,0,0,1,0.5,5,5
1,0,0,1,0,0,27,729,1,1,8,1,1,3,169.0,3,3,1,0,5.0,1.0,2.0,4.0,0,0,0,0,0.0,5,5
1,0,0,0,0,0,30,900,1,1,1,2,1,1,300.0,2,3,7,0,1.0,1.0,1.0,2.0,1,1,0,1,0.75,2,1
1,0,0,0,0,0,61,3721,1,1,5,1,1,2,20.0,3,4,1,0,4.0,1.0,3.0,4.0,0,1,1,0,0.5,5,5
1,0,0,0,0,0,82,6724,2,0,4,1,1,1,1400.0,3,1,1,0,4.0,3.0,4.0,4.0,0,0,0,0,0.0,5,4
1,0,0,1,0,0,44,1936,2,0,5,1,1,1,130.0,3,1,1,0,4.0,3.0,4.0,4.0,0,0,0,0,0.0,5,5
1,0,0,0,0,0,59,3481,2,0,4,1,1,1,66.0,3,1,1,0,4.0,2.0,3.0,3.0,0,1,1,0,0.5,5,4
1,0,0,0,0,0,25,625,1,1,6,1,2,3,40.0,2,4,7,0,3.0,1.0,1.0,1.0,1,1,1,0,0.75,5,5
1,0,0,0,0,0,29,841,2,0,5,3,3,1,100.0,3,6,8,0,3.0,4.0,5.0,4.0,1,0,0,0,0.25,5,5
1,0,0,0,0,0,33,1089,2,0,5,1,1,1,256.0,3,3,1,0,5.0,4.0,4.0,4.0,1,0,0,1,0.5,5,5
1,0,0,0,0,0,46,2116,2,0,3,1,1,1,125.0,2,1,7,0,4.0,1.0,1.0,2.0,0,0,1,0,0.25,4,4
1,0,0,1,0,0,70,4900,2,0,4,1,1,1,60.0,2,3,7,0,4.0,3.0,3.0,4.0,1,1,1,0,0.75,4,4
1,0,0,0,0,0,41,1681,2,0,1,3,1,1,55.0,2,1,7,0,3.0,2.0,2.0,2.0,1,1,1,1,1.0,5,4
1,0,0,0,0,0,29,841,1,1,1,1,1,2,32.0,2,1,1,0,2.0,1.0,2.0,2.0,0,0,0,0,0.0,2,2
1,0,0,0,0,0,23,529,2,0,1,1,1,1,70.0,2,8,7,0,1.0,1.0,1.0,1.0,1,1,1,1,1.0,5,2
1,0,0,0,0,0,40,1600,2,0,5,1,2,3,80.0,2,1,1,0,4.0,1.0,2.0,3.0,0,1,1,1,0.75,4,4
1,0,0,0,0,0,37,1369,2,0,5,1,1,1,121.0,3,1,7,0,4.0,1.0,1.0,1.0,0,0,0,0,0.0,4,4
1,0,0,1,0,0,30,900,2,0,6,1,1,1,98.0,3,3,1,0,5.0,5.0,5.0,5.0,0,0,0,0,0.0,5,5
1,0,0,0,0,0,41,1681,2,0,4,1,1,1,250.0,3,1,7,0,3.0,3.0,3.0,4.0,1,1,1,1,1.0,5,4
1,0,0,1,0,0,53,2809,1,1,4,2,1,3,6.0,2,1,1,0,3.0,4.0,4.0,1.0,0,1,1,0,0.5,5,5
1,0,0,0,0,0,35,1225,2,0,7,1,1,1,83.0,3,8,7,0,5.0,2.0,3.0,4.0,0,1,0,0,0.25,5,5
1,0,0,0,0,0,28,784,2,0,4,1,1,1,600.0,3,1,1,0,5.0,3.0,2.0,5.0,0,0,0,1,0.25,5,5
1,0,0,0,0,0,47,2209,2,0,3,2,1,2,15.0,3,3,5,0,3.0,1.0,1.0,3.0,0,0,1,0,0.25,5,5
1,0,0,0,0,0,29,841,2,0,5,1,1,1,200.0,3,3,7,0,5.0,4.0,4.0,4.0,1,1,1,1,1.0,5,5
1,0,0,0,0,0,37,1369,1,1,1,1,1,1,55.0,2,2,4,0,3.0,2.0,3.0,3.0,0,0,0,0,0.0,3,3
1,0,0,0,0,0,46,2116,2,0,4,1,1,2,148.0,2,1,1,0,3.0,2.0,2.0,3.0,0,0,0,0,0.0,5,3
1,0,0,0,0,0,62,3844,1,1,5,1,1,1,50.0,3,1,7,0,4.0,2.0,2.0,4.0,0,0,0,0,0.0,4,4
1,0,0,1,0,0,57,3249,2,0,5,1,1,2,150.0,3,3,1,0,3.0,2.0,2.0,3.0,0,0,0,0,0.0,2,2
1,0,0,0,0,0,33,1089,2,0,3,1,1,1,130.0,3,3,7,0,3.0,1.0,1.0,2.0,1,0,1,0,0.5,5,5
1,0,0,0,0,0,53,2809,2,0,1,1,1,1,490.0,3,3,7,0,5.0,1.0,1.0,1.0,1,1,1,1,1.0,5,2
1,0,0,0,0,0,27,729,2,0,9,3,1,2,188.0,3,9,8,0,1.0,1.0,1.0,1.0,1,1,1,0,0.75,1,1
1,0,0,1,0,0,52,2704,1,1,8,1,1,3,346.0,3,6,7,0,3.0,4.0,4.0,3.0,0,0,0,0,0.0,4,3
1,0,0,0,0,0,53,2809,2,0,8,1,1,1,30.0,3,1,1,0,5.0,3.0,5.0,5.0,0,0,1,0,0.25,5,5
1,0,0,0,0,0,69,4761,1,1,9,1,2,1,20.0,3,2,1,0,4.0,2.0,2.0,3.0,0,1,1,0,0.5,5,4
1,0,0,0,0,0,53,2809,2,0,8,1,1,2,100.0,3,3,1,0,4.0,2.0,1.0,3.0,1,1,1,1,1.0,4,2
1,0,0,0,0,0,40,1600,2,0,8,2,1,1,393.0,2,1,7,0,5.0,2.0,1.0,3.0,0,0,1,1,0.5,3,4
1,0,0,0,0,0,50,2500,2,0,8,1,1,1,250.0,3,1,7,0,5.0,5.0,5.0,5.0,0,0,0,0,0.0,5,5
1,0,0,0,0,0,25,625,2,0,9,1,1,1,70.0,2,3,7,0,4.0,2.0,3.0,3.0,0,0,1,0,0.25,5,3
1,0,0,0,0,0,60,3600,2,0,9,1,1,2,40.0,3,1,7,0,4.0,2.0,3.0,4.0,0,0,1,0,0.25,5,4
1,0,0,0,0,0,50,2500,1,1,8,1,1,2,100.0,2,1,6,0,5.0,4.0,1.0,3.0,0,0,0,0,0.0,5,5
1,0,0,1,0,0,50,2500,1,1,8,1,1,1,25.0,2,1,7,0,4.0,2.0,4.0,4.0,1,1,1,0,0.75,4,5
1,0,0,0,0,0,28,784,2,0,9,1,1,2,300.0,2,4,7,0,2.0,1.0,2.0,1.0,1,1,1,1,1.0,4,4
1,0,0,0,0,0,48,2304,1,1,9,1,1,3,250.0,2,4,2,1,3.0,2.0,3.0,3.0,0,1,0,0,0.25,5,5
1,0,0,0,0,0,51,2601,1,1,8,1,1,1,750.0,3,4,7,0,4.0,2.0,2.0,3.0,0,1,0,0,0.25,4,4
1,0,0,0,0,0,41,1681,1,1,8,2,1,1,256.0,3,3,5,0,4.0,4.0,4.0,5.0,0,0,1,0,0.25,4,4
1,0,0,1,0,0,39,1521,1,1,8,1,1,1,35.0,3,1,1,0,3.0,1.0,1.0,3.0,1,1,1,0,0.75,4,5
1,0,0,1,0,0,76,5776,1,1,8,2,1,2,20.0,3,1,7,0,4.0,2.0,3.0,3.0,0,0,1,1,0.5,5,4
1,0,0,0,0,0,35,1225,2,0,9,1,1,2,56.0,3,1,7,0,3.0,1.0,1.0,1.0,0,1,1,1,0.75,5,1
1,0,0,0,0,0,42,1764,2,0,8,1,1,2,70.0,2,8,2,1,3.0,1.0,1.0,3.0,1,1,1,1,1.0,4,4
1,0,0,0,0,0,29,841,2,0,9,1,1,2,120.0,3,1,7,0,2.0,2.0,2.0,3.0,1,1,1,0,0.75,4,2
1,0,0,0,0,0,65,4225,1,1,8,1,1,1,57.0,3,4,7,0,4.0,2.0,3.0,4.0,1,1,1,0,0.75,4,2
1,0,0,0,0,0,60,3600,2,0,8,1,1,1,236.0,2,5,1,0,4.0,1.0,1.0,1.0,1,1,1,0,0.75,5,5
1,0,0,0,0,0,37,1369,2,0,9,1,2,1,400.0,3,1,3,0,4.0,2.0,3.0,2.0,0,1,1,0,0.5,5,4
1,0,0,0,0,0,48,2304,1,1,9,2,1,1,55.0,3,3,7,0,5.0,2.0,4.0,5.0,0,0,0,0,0.0,5,5
1,0,0,0,0,0,35,1225,1,1,9,1,1,2,50.0,2,4,7,0,4.0,3.0,4.0,4.0,1,1,1,1,1.0,5,5
1,0,0,0,0,0,41,1681,2,0,8,1,1,1,350.0,3,1,1,0,4.0,2.0,1.0,3.0,1,1,1,1,1.0,3,1
1,0,0,0,0,0,60,3600,2,0,9,1,1,1,150.0,2,1,1,0,4.0,1.0,2.0,4.0,0,1,0,0,0.25,3,4
1,0,0,0,0,0,38,1444,1,1,9,2,2,1,600.0,2,3,7,0,4.0,1.0,1.0,1.0,0,1,0,1,0.5,5,5
1,0,0,0,0,0,48,2304,1,1,8,2,2,1,200.0,3,4,7,0,5.0,3.0,4.0,4.0,0,0,1,0,0.25,5,4
1,0,0,0,0,0,67,4489,1,1,8,1,1,2,1.0,2,2,1,0,3.0,3.0,2.0,3.0,0,0,1,1,0.5,5,5
1,0,0,0,0,0,51,2601,1,1,8,1,1,1,320.0,3,1,1,0,4.0,3.0,5.0,4.0,0,1,0,0,0.25,5,4
1,0,0,0,0,0,39,1521,2,0,9,1,1,1,50.0,2,8,7,0,5.0,1.0,1.0,1.0,0,1,0,0,0.25,5,5
1,0,0,1,0,0,47,2209,1,1,8,2,1,1,40.0,3,1,1,0,4.0,2.0,4.0,4.0,0,1,1,0,0.5,4,2
1,0,0,0,0,0,30,900,1,1,9,2,2,3,100.0,2,4,7,0,3.0,1.0,1.0,2.0,0,0,1,1,0.5,3,3
1,0,0,0,0,0,43,1849,2,0,9,1,1,1,30.0,3,1,7,0,4.0,4.0,3.0,4.0,0,1,0,1,0.5,4,3
1,0,0,0,0,0,57,3249,1,1,8,1,1,1,30.0,3,1,3,0,5.0,2.0,2.0,3.0,0,0,0,0,0.0,5,4
1,0,0,0,0,0,37,1369,2,0,8,1,1,1,125.0,3,1,7,0,4.0,4.0,4.0,4.0,0,0,0,0,0.0,5,5
1,0,0,0,0,0,28,784,2,0,8,2,1,1,1991.0,2,1,4,0,3.0,1.0,1.0,2.0,0,0,1,1,0.5,5,5
1,0,0,0,0,0,52,2704,2,0,9,1,1,2,84.0,2,4,1,0,2.0,1.0,1.0,1.0,0,1,1,0,0.5,4,3
1,0,0,0,0,0,37,1369,2,0,8,2,2,1,150.0,3,1,1,0,4.0,2.0,4.0,3.0,0,1,1,0,0.5,5,4
1,0,0,0,0,0,62,3844,1,1,8,1,1,2,10.0,2,1,1,0,5.0,3.0,4.0,3.0,0,0,1,0,0.25,4,4
1,0,0,0,0,0,27,729,2,0,8,1,1,1,123.0,2,3,1,0,5.0,1.0,4.0,1.0,1,1,1,1,1.0,5,4
1,0,0,0,0,0,41,1681,2,0,8,1,1,1,100.0,3,1,7,0,3.0,3.0,3.0,3.0,0,0,0,0,0.0,3,3
1,0,0,0,0,0,22,484,2,0,9,1,1,1,179.0,2,3,1,0,3.0,2.0,3.0,3.0,1,1,0,1,0.75,4,3
1,0,0,0,0,0,62,3844,1,1,9,1,1,2,2000.0,2,4,7,0,4.0,1.0,1.0,1.0,0,1,0,1,0.5,5,5
1,0,0,0,0,0,22,484,2,0,9,1,1,1,200.0,3,2,2,1,3.0,2.0,4.0,3.0,0,1,1,0,0.5,5,4
1,0,0,1,0,0,43,1849,1,1,9,1,1,1,10.0,2,1,1,0,5.0,1.0,1.0,1.0,1,0,0,1,0.5,5,5
1,0,0,0,0,0,30,900,2,0,8,1,1,1,55.0,3,4,1,0,5.0,4.0,1.0,5.0,0,0,1,1,0.5,5,5
1,0,0,0,0,0,38,1444,2,0,9,1,1,1,250.0,3,3,7,0,5.0,4.0,4.0,5.0,0,0,0,0,0.0,5,4
1,0,0,0,0,0,30,900,1,1,8,1,1,1,100.0,2,1,1,0,5.0,3.0,3.0,1.0,0,0,1,0,0.25,5,1
1,0,0,0,0,0,23,529,2,0,8,1,1,1,159.0,3,4,2,1,4.0,3.0,4.0,2.0,0,0,0,0,0.0,5,4
1,0,0,1,0,0,56,3136,1,1,8,2,2,1,2000000.0,3,1,1,0,3.0,1.0,1.0,4.0,0,0,0,1,0.25,5,5
1,0,0,0,0,0,42,1764,2,0,8,1,1,1,40.0,3,1,1,0,5.0,2.0,3.0,4.0,1,1,1,1,1.0,5,3
1,0,0,1,0,0,41,1681,2,0,8,1,1,1,81.0,3,2,7,0,4.0,4.0,4.0,4.0,0,1,1,0,0.5,5,5
1,0,0,0,0,0,47,2209,1,1,9,1,1,2,35.0,2,4,7,0,3.0,1.0,1.0,3.0,0,0,0,0,0.0,4,4
1,0,0,0,0,0,63,3969,1,1,8,1,1,2,10.0,2,1,1,0,4.0,2.0,2.0,3.0,0,0,0,1,0.25,4,4
1,0,0,0,0,0,45,2025,2,0,8,1,1,2,83.0,2,1,7,0,1.0,1.0,1.0,1.0,0,0,1,1,0.5,5,3
1,0,0,0,0,0,48,2304,2,0,8,1,1,1,80.0,2,1,1,0,5.0,3.0,5.0,5.0,0,0,0,0,0.0,5,5
1,0,0,0,0,0,43,1849,1,1,9,1,1,1,120.0,3,3,8,0,3.0,1.0,1.0,1.0,1,1,1,1,1.0,3,1
1,0,0,0,0,0,33,1089,2,0,9,1,2,1,1500.0,2,5,6,0,3.0,1.0,3.0,3.0,0,0,0,1,0.25,5,5
1,0,0,0,0,0,43,1849,1,1,9,2,2,1,200.0,1,3,7,0,,,,,0,1,0,1,0.5,4,3
1,0,0,0,0,0,39,1521,1,1,8,1,1,2,16.0,2,1,7,0,4.0,3.0,2.0,2.0,1,1,1,1,1.0,4,3
1,0,0,0,0,0,34,1156,2,0,9,1,1,1,54.0,3,4,7,0,1.0,2.0,4.0,5.0,1,1,1,1,1.0,5,4
1,0,0,0,0,0,54,2916,1,1,8,1,1,1,500.0,3,3,5,0,4.0,4.0,4.0,4.0,1,0,0,1,0.5,4,4
1,0,0,0,0,0,38,1444,2,0,9,1,1,1,100.0,2,2,1,0,3.0,3.0,3.0,3.0,0,1,0,0,0.25,5,3
1,0,0,0,0,0,46,2116,2,0,9,2,2,2,25.0,2,3,6,0,3.0,1.0,3.0,2.0,0,0,0,0,0.0,5,1
1,0,0,0,0,0,64,4096,2,0,9,1,1,2,30.0,2,2,1,0,3.0,2.0,1.0,3.0,0,1,1,1,0.75,5,5
1,0,0,0,0,0,43,1849,1,1,9,1,2,1,75.0,3,3,7,0,4.0,3.0,3.0,4.0,0,0,0,0,0.0,4,4
1,0,0,0,0,0,42,1764,1,1,8,1,1,2,45.0,2,2,7,0,3.0,3.0,4.0,4.0,0,1,0,0,0.25,4,3
1,0,0,0,0,0,35,1225,2,0,8,2,1,1,35.0,2,1,1,0,3.0,1.0,4.0,2.0,0,1,0,0,0.25,4,4
1,0,0,0,0,0,71,5041,2,0,9,1,1,1,51.0,1,1,7,0,,,,,0,1,1,1,0.75,5,5
1,0,0,0,0,0,21,441,2,0,9,1,1,1,1500.0,2,3,1,0,4.0,1.0,3.0,1.0,0,0,0,1,0.25,5,4
1,0,0,0,0,0,59,3481,2,0,9,1,1,1,600.0,3,1,7,0,5.0,3.0,5.0,4.0,0,0,0,0,0.0,5,4
1,0,0,0,0,0,62,3844,1,1,9,1,1,2,2300.0,2,2,8,0,2.0,1.0,1.0,1.0,0,1,1,1,0.75,4,1
1,0,0,0,0,0,49,2401,1,1,9,1,1,1,173.0,2,3,1,0,4.0,3.0,4.0,3.0,0,0,0,1,0.25,5,5
1,0,0,0,0,0,42,1764,2,0,9,1,1,1,10.0,2,1,7,0,1.0,1.0,1.0,3.0,0,1,1,0,0.5,4,2
1,0,0,0,0,0,68,4624,1,1,8,1,1,3,100.0,2,5,1,0,3.0,2.0,2.0,3.0,0,1,1,0,0.5,3,4
1,0,0,0,0,0,65,4225,1,1,9,1,1,1,250.0,3,1,1,0,4.0,3.0,2.0,4.0,0,0,0,0,0.0,5,5
1,0,0,0,0,0,44,1936,1,1,8,1,1,1,150.0,2,3,7,0,4.0,2.0,3.0,3.0,0,1,0,0,0.25,4,3
1,0,0,0,0,0,28,784,2,0,9,2,2,1,240.0,3,3,7,0,4.0,1.0,1.0,1.0,1,1,1,1,1.0,4,4
1,0,0,0,0,0,53,2809,2,0,8,1,1,1,100.0,2,1,1,0,5.0,2.0,3.0,4.0,0,0,0,0,0.0,5,5
1,0,0,0,0,0,38,1444,1,1,9,1,1,1,367.0,3,1,2,1,5.0,2.0,3.0,3.0,0,1,1,1,0.75,4,3
1,0,0,0,0,0,55,3025,2,0,8,1,1,3,50.0,2,1,1,0,4.0,2.0,2.0,4.0,1,1,1,1,1.0,5,5
1,0,0,0,0,0,55,3025,1,1,9,1,1,1,105.0,3,3,1,0,4.0,2.0,3.0,4.0,0,1,1,1,0.75,5,5
1,0,0,0,0,0,58,3364,1,1,9,1,1,2,25.0,3,3,1,0,4.0,3.0,3.0,4.0,0,0,0,1,0.25,4,4
1,0,0,0,0,0,20,400,1,1,9,1,1,1,1630.0,3,3,7,0,5.0,5.0,5.0,5.0,0,0,0,0,0.0,4,5
1,0,0,1,0,0,31,961,1,1,8,2,1,2,200.0,3,1,4,0,4.0,3.0,3.0,3.0,0,0,0,0,0.0,4,3
1,0,0,1,0,0,23,529,2,0,9,1,1,1,95.0,3,1,1,0,5.0,5.0,5.0,5.0,0,1,0,0,0.25,5,5
1,0,0,0,0,0,22,484,1,1,8,1,1,1,400.0,2,3,1,0,3.0,3.0,2.0,3.0,0,0,1,1,0.5,4,4
1,0,0,0,0,0,30,900,2,0,8,1,1,2,,1,2,8,0,,,,,0,1,0,0,0.25,5,5
1,0,0,0,0,0,55,3025,1,1,9,1,1,3,1.0,1,2,7,0,,,,,1,1,1,1,1.0,1,1
1,0,0,0,0,0,45,2025,2,0,9,1,1,4,99.0,2,8,1,0,4.0,1.0,1.0,4.0,1,1,1,1,1.0,5,5
1,0,0,0,0,0,51,2601,1,1,9,1,1,3,6.0,2,3,7,0,2.0,1.0,1.0,3.0,1,1,1,1,1.0,3,1
1,0,0,0,0,0,37,1369,1,1,8,1,1,2,120.0,2,1,7,0,4.0,2.0,3.0,3.0,1,1,1,1,1.0,4,2
1,0,0,0,0,0,27,729,1,1,9,2,2,2,250.0,2,3,4,0,3.0,3.0,1.0,2.0,0,0,0,0,0.0,1,4
1,0,0,0,0,0,59,3481,1,1,8,1,1,4,3.0,2,2,7,0,1.0,1.0,1.0,1.0,1,1,1,0,0.75,4,4
1,0,0,0,0,0,69,4761,2,0,9,1,1,2,2.0,2,1,1,0,5.0,1.0,1.0,1.0,0,0,0,1,0.25,5,5
1,0,0,0,0,0,53,2809,1,1,9,1,1,1,1300.0,3,1,7,0,4.0,4.0,5.0,4.0,0,0,0,0,0.0,5,4
1,0,0,0,0,0,61,3721,2,0,8,1,1,2,35.0,2,1,7,0,5.0,1.0,1.0,1.0,0,0,1,0,0.25,5,3
1,0,0,0,0,0,50,2500,2,0,9,1,1,1,195.0,3,3,1,0,4.0,3.0,2.0,5.0,0,1,1,1,0.75,5,4
1,0,0,0,0,0,32,1024,2,0,9,2,2,1,250.0,3,1,1,0,3.0,1.0,1.0,3.0,0,0,0,0,0.0,5,5
1,0,0,0,0,0,31,961,1,1,9,1,1,2,450.0,2,4,1,0,4.0,1.0,1.0,2.0,0,0,0,0,0.0,3,3
1,0,0,0,0,0,54,2916,2,0,9,1,1,2,100.0,3,1,7,0,4.0,2.0,3.0,4.0,0,1,1,1,0.75,5,5
1,0,0,0,0,0,50,2500,2,0,8,1,1,2,25.0,3,4,1,0,3.0,1.0,3.0,3.0,0,0,1,1,0.5,4,4
1,0,0,0,0,0,28,784,1,1,8,1,1,1,57.0,2,3,1,0,4.0,2.0,4.0,2.0,0,0,1,1,0.5,5,5
1,0,0,0,0,0,44,1936,1,1,8,1,1,1,60.0,3,3,7,0,4.0,4.0,3.0,5.0,0,0,0,0,0.0,5,4
1,0,0,0,0,0,51,2601,1,1,9,1,1,1,15.0,2,2,1,0,4.0,4.0,4.0,4.0,0,0,0,0,0.0,4,4
1,0,0,0,0,0,51,2601,1,1,8,1,1,1,15.0,2,1,7,0,3.0,1.0,1.0,1.0,0,0,1,1,0.5,4,4
1,0,0,0,0,0,39,1521,1,1,9,2,1,3,120.0,2,3,7,0,3.0,1.0,1.0,1.0,1,1,1,1,1.0,3,3
1,0,0,0,0,0,38,1444,1,1,9,2,2,2,10.0,2,3,5,0,4.0,2.0,4.0,4.0,0,0,1,1,0.5,5,3
1,0,0,0,0,0,29,841,1,1,8,1,1,1,110.0,3,1,1,0,5.0,4.0,3.0,4.0,1,1,1,0,0.75,5,4
1,0,0,0,0,0,38,1444,2,0,8,1,1,1,246.0,3,3,1,0,5.0,3.0,2.0,4.0,0,0,0,0,0.0,5,5
1,0,0,0,0,0,56,3136,2,0,8,1,1,1,50.0,3,3,1,0,5.0,2.0,1.0,2.0,0,1,1,1,0.75,5,5
1,0,0,1,0,0,36,1296,2,0,8,1,1,3,1500.0,3,1,2,1,5.0,5.0,5.0,5.0,0,0,1,0,0.25,5,5
1,0,0,0,0,0,41,1681,2,0,8,1,1,1,250.0,2,2,7,0,3.0,2.0,2.0,3.0,0,1,1,1,0.75,3,3
1,0,0,0,0,0,61,3721,1,1,9,1,1,1,50.0,3,1,1,0,3.0,3.0,3.0,4.0,0,0,1,0,0.25,5,5
1,0,0,0,0,0,34,1156,1,1,9,1,1,1,80.0,3,1,7,0,3.0,3.0,4.0,4.0,0,0,0,1,0.25,4,3
1,0,0,0,0,0,35,1225,1,1,8,1,2,1,550.0,2,1,7,0,3.0,3.0,4.0,3.0,0,1,1,1,0.75,4,4
1,0,0,0,0,0,51,2601,1,1,9,2,2,2,0.0,2,3,7,0,5.0,1.0,1.0,1.0,1,0,1,1,0.75,5,5
1,0,0,0,0,0,27,729,2,0,9,3,3,2,527.0,4,9,8,0,5.0,4.0,3.0,5.0,0,0,0,0,0.0,5,5
1,0,0,0,0,0,36,1296,2,0,9,1,1,1,189.0,3,1,7,0,5.0,5.0,5.0,5.0,0,0,0,0,0.0,5,5
1,0,0,0,0,0,69,4761,2,0,9,1,1,2,30.0,2,1,1,0,2.0,1.0,1.0,4.0,0,1,1,1,0.75,5,5
1,0,0,0,0,0,65,4225,1,1,8,1,1,1,120.0,2,5,1,0,4.0,2.0,3.0,3.0,0,0,0,0,0.0,4,5
1,0,0,1,0,0,34,1156,2,0,8,2,1,1,640.0,3,1,1,0,3.0,4.0,3.0,3.0,1,1,1,1,1.0,5,3
1,0,0,0,0,0,39,1521,2,0,8,1,1,1,190.0,2,8,7,0,4.0,2.0,3.0,3.0,1,1,1,1,1.0,3,4
1,0,0,0,0,0,39,1521,2,0,9,1,1,4,0.0,3,1,2,1,2.0,2.0,2.0,2.0,0,0,0,1,0.25,4,4
1,0,0,0,0,0,38,1444,1,1,9,1,1,1,50.0,2,1,7,0,5.0,1.0,1.0,1.0,1,0,0,1,0.5,5,1
1,0,0,0,0,0,38,1444,1,1,8,2,2,1,345.0,3,3,4,0,4.0,3.0,3.0,3.0,1,1,1,1,1.0,4,4
1,0,0,0,0,0,61,3721,1,1,9,1,1,1,100.0,3,4,7,0,3.0,1.0,1.0,1.0,1,1,1,0,0.75,5,5
1,0,0,0,0,0,68,4624,1,1,8,1,1,3,60.0,2,3,7,0,3.0,2.0,2.0,3.0,1,1,1,0,0.75,5,4
1,0,0,0,0,0,55,3025,2,0,9,1,1,1,450.0,3,4,7,0,3.0,1.0,2.0,4.0,0,1,0,1,0.5,5,5
1,0,0,0,0,0,48,2304,2,0,8,1,1,2,114.0,2,3,1,0,4.0,1.0,1.0,1.0,0,0,0,0,0.0,4,4
1,0,0,0,0,0,22,484,2,0,9,1,1,1,300.0,2,3,7,0,5.0,1.0,1.0,5.0,0,1,0,0,0.25,5,5
1,0,0,0,0,0,44,1936,2,0,9,1,1,2,20.0,2,1,7,0,4.0,3.0,5.0,3.0,0,0,0,1,0.25,5,5
1,0,0,0,0,0,61,3721,1,1,8,1,1,1,1700.0,2,4,7,0,3.0,2.0,1.0,1.0,0,0,0,0,0.0,5,5
1,0,0,1,0,0,29,841,2,0,9,1,1,1,100.0,3,3,4,0,5.0,5.0,5.0,5.0,0,0,0,0,0.0,5,5
1,0,0,0,0,0,55,3025,2,0,8,1,1,3,41.0,2,4,7,0,4.0,2.0,2.0,4.0,0,1,0,0,0.25,5,4
1,0,0,1,0,0,52,2704,1,1,9,1,1,1,58.0,3,1,7,0,5.0,5.0,5.0,5.0,0,1,1,1,0.75,5,5
1,0,0,1,0,0,45,2025,1,1,8,1,1,2,400.0,3,1,8,0,4.0,4.0,5.0,3.0,0,0,0,0,0.0,5,4
1,0,0,0,0,0,48,2304,2,0,9,1,1,1,174.0,3,4,5,0,4.0,1.0,1.0,3.0,0,1,0,0,0.25,4,5
1,0,0,0,0,0,26,676,2,0,9,1,1,1,638.0,3,3,6,0,3.0,2.0,1.0,2.0,0,1,0,1,0.5,5,4
1,0,0,0,0,0,48,2304,1,1,8,1,1,1,350.0,2,4,1,0,4.0,4.0,1.0,2.0,0,0,0,0,0.0,4,3
1,0,0,0,0,0,36,1296,1,1,9,1,1,1,120.0,2,1,7,0,1.0,1.0,1.0,1.0,0,0,1,0,0.25,5,4
1,0,0,0,0,0,24,576,1,1,8,1,1,1,100.0,1,3,7,0,,,,,1,1,1,1,1.0,4,4
1,0,0,0,0,0,64,4096,1,1,8,1,1,2,10.0,2,3,7,0,1.0,1.0,1.0,1.0,1,0,1,0,0.5,5,5
1,0,0,0,0,0,69,4761,1,1,9,1,1,2,50.0,2,2,7,0,2.0,2.0,2.0,2.0,0,1,1,0,0.5,5,5
1,0,0,0,0,0,47,2209,1,1,9,1,1,1,500.0,1,4,8,0,,,,,0,0,0,0,0.0,5,5
1,0,0,0,0,0,38,1444,1,1,8,1,1,1,70.0,3,3,7,0,4.0,2.0,1.0,1.0,0,1,1,0,0.5,4,3
1,0,0,0,0,0,72,5184,1,1,9,1,1,1,50.0,3,1,2,1,4.0,1.0,1.0,5.0,0,1,0,0,0.25,4,4
1,0,0,0,0,0,50,2500,1,1,8,2,1,1,300.0,3,4,1,0,4.0,1.0,3.0,3.0,0,1,1,0,0.5,5,5
1,0,0,0,0,0,46,2116,1,1,8,1,1,1,100.0,3,3,1,0,5.0,1.0,1.0,4.0,0,1,1,1,0.75,5,5
1,0,0,0,0,0,65,4225,1,1,8,1,1,1,350.0,3,9,8,0,4.0,3.0,3.0,4.0,0,1,0,0,0.25,5,5
1,0,0,0,0,0,49,2401,1,1,9,2,1,3,4.0,2,1,7,0,4.0,1.0,1.0,4.0,0,1,1,1,0.75,4,3
1,0,0,0,0,0,67,4489,1,1,9,1,1,1,3.0,2,3,7,0,1.0,1.0,1.0,1.0,1,1,1,0,0.75,3,1
1,0,0,1,0,0,61,3721,1,1,9,1,1,2,500.0,2,4,1,0,1.0,3.0,5.0,1.0,0,0,0,1,0.25,5,5
1,0,0,0,0,0,65,4225,1,1,8,2,2,1,220.0,3,3,1,0,3.0,2.0,3.0,3.0,0,1,1,1,0.75,5,4
1,0,0,0,0,0,67,4489,1,1,8,1,1,1,60.0,2,3,1,0,1.0,1.0,1.0,1.0,0,1,0,0,0.25,4,3
1,0,0,0,0,0,34,1156,1,1,9,1,1,1,500.0,2,3,7,0,3.0,3.0,3.0,4.0,0,0,1,1,0.5,4,4
1,0,0,0,0,0,22,484,1,1,9,3,3,1,0.0,2,1,8,0,3.0,2.0,2.0,2.0,1,0,1,0,0.5,3,3
1,0,0,0,0,0,29,841,1,1,9,1,1,2,150.0,2,3,7,0,4.0,3.0,4.0,4.0,0,0,0,0,0.0,3,3
1,0,0,0,0,0,44,1936,1,1,8,1,1,1,25.0,3,1,7,0,4.0,3.0,4.0,5.0,0,1,1,1,0.75,4,3
1,0,0,0,0,0,66,4356,1,1,8,1,1,1,150.0,3,1,8,0,3.0,1.0,3.0,5.0,1,1,0,0,0.5,5,5
1,0,0,0,0,0,27,729,1,1,9,1,1,1,100.0,3,6,4,0,5.0,1.0,3.0,2.0,0,0,0,1,0.25,4,3
1,0,0,0,0,0,26,676,1,1,8,1,1,1,100.0,3,2,7,0,3.0,2.0,1.0,3.0,0,0,1,0,0.25,5,4
1,0,0,0,0,0,28,784,1,1,8,1,1,3,30000.0,3,1,4,0,3.0,2.0,3.0,4.0,0,0,0,0,0.0,3,3
1,0,0,1,0,0,28,784,1,1,8,1,1,1,150.0,3,3,1,0,4.0,4.0,4.0,4.0,0,0,0,0,0.0,3,3
1,0,0,0,0,0,19,361,1,1,8,2,2,1,90.0,2,3,4,0,4.0,4.0,4.0,3.0,0,0,0,1,0.25,3,3
1,0,0,1,0,0,36,1296,1,1,8,1,1,1,300.0,2,3,1,0,5.0,5.0,5.0,5.0,0,0,0,0,0.0,5,5
1,0,0,0,0,0,27,729,1,1,9,1,1,1,35.0,2,5,1,0,3.0,3.0,4.0,4.0,0,0,0,0,0.0,4,4
1,0,0,0,0,0,36,1296,1,1,9,1,1,1,200.0,3,3,7,0,3.0,3.0,4.0,4.0,0,0,1,0,0.25,5,5
1,0,0,0,0,0,22,484,1,1,9,1,1,1,300.0,2,3,7,0,3.0,2.0,3.0,3.0,1,1,1,1,1.0,4,4
1,0,0,0,0,0,63,3969,1,1,8,1,1,1,80.0,3,1,1,0,4.0,1.0,1.0,1.0,0,1,0,0,0.25,3,3
1,0,0,0,0,0,39,1521,1,1,9,1,1,1,100.0,2,2,7,0,4.0,1.0,3.0,3.0,0,1,0,0,0.25,5,5
1,0,0,0,0,0,25,625,1,1,9,1,1,2,155.0,2,3,7,0,3.0,1.0,1.0,1.0,0,0,1,1,0.5,5,1
1,0,0,0,0,0,47,2209,1,1,8,1,1,1,93.0,3,8,7,0,3.0,1.0,1.0,4.0,1,1,1,1,1.0,4,4
1,0,0,0,0,0,24,576,1,1,9,1,1,2,200.0,2,6,7,0,3.0,3.0,3.0,2.0,0,0,0,1,0.25,3,3
1,0,0,1,0,0,22,484,1,1,9,1,1,1,5.0,2,3,7,0,4.0,1.0,3.0,3.0,1,0,1,1,0.75,4,3
1,0,0,0,0,0,20,400,1,1,9,1,2,2,200.0,1,3,7,0,,,,,0,0,0,1,0.25,4,1
1,0,0,0,0,0,20,400,1,1,9,2,2,1,500.0,2,3,7,0,4.0,2.0,3.0,4.0,0,0,0,1,0.25,5,4
1,0,0,0,0,0,57,3249,1,1,8,1,1,2,0.0,3,2,7,0,1.0,1.0,1.0,1.0,1,1,1,1,1.0,5,3
1,0,0,0,0,0,23,529,1,1,8,1,1,1,143.0,2,1,1,0,4.0,4.0,4.0,3.0,1,1,0,0,0.5,5,5
1,0,0,0,0,0,34,1156,1,1,8,1,1,1,4.0,2,3,7,0,1.0,1.0,1.0,1.0,0,0,0,0,0.0,5,5
1,0,0,0,0,0,57,3249,1,1,9,1,1,4,30.0,1,2,7,0,,,,,0,0,0,0,0.0,5,5
1,0,0,1,0,0,24,576,1,1,8,1,1,1,777.0,3,3,1,0,3.0,3.0,3.0,3.0,0,0,0,0,0.0,3,3
1,0,0,0,0,0,59,3481,1,1,9,1,1,2,250.0,3,3,1,0,4.0,4.0,4.0,4.0,0,0,0,0,0.0,5,5
1,0,0,0,0,0,50,2500,1,1,9,2,1,4,40.0,2,3,7,0,4.0,1.0,1.0,1.0,0,0,1,0,0.25,5,5
1,0,0,0,0,0,59,3481,1,1,9,1,1,1,100.0,2,1,1,0,3.0,4.0,3.0,3.0,0,0,0,0,0.0,4,4
1,0,0,0,0,0,50,2500,1,1,9,1,1,2,10.0,2,1,7,0,1.0,1.0,1.0,1.0,1,1,1,1,1.0,5,4
1,0,0,0,0,0,46,2116,1,1,9,2,2,2,250.0,2,3,7,0,2.0,1.0,1.0,3.0,0,1,1,1,0.75,5,3
1,0,0,0,0,0,57,3249,1,1,9,2,2,4,100.0,2,2,7,0,5.0,2.0,2.0,3.0,0,0,1,1,0.5,4,4
1,0,0,0,0,0,42,1764,1,1,9,1,1,1,1000.0,3,3,7,0,4.0,2.0,1.0,2.0,0,0,1,0,0.25,4,4
1,0,0,0,0,0,26,676,1,1,9,1,1,1,200.0,2,3,1,0,4.0,1.0,4.0,3.0,0,0,0,0,0.0,3,2
1,0,0,0,0,0,54,2916,1,1,9,1,1,2,100.0,3,4,7,0,3.0,2.0,2.0,4.0,0,0,0,0,0.0,5,4
1,0,0,0,0,0,35,1225,1,1,9,2,2,2,100.0,3,3,8,0,3.0,3.0,2.0,4.0,0,0,0,1,0.25,5,5
1,0,0,1,0,0,48,2304,1,1,9,1,2,1,400.0,3,3,7,0,4.0,3.0,4.0,3.0,0,0,0,0,0.0,4,3
1,0,0,1,0,0,35,1225,1,1,9,1,1,2,200.0,3,3,1,0,4.0,2.0,2.0,4.0,1,1,1,0,0.75,5,3
1,0,0,0,0,0,64,4096,1,1,9,1,1,1,100.0,3,4,7,0,5.0,2.0,3.0,4.0,0,0,0,0,0.0,5,5
1,0,0,0,0,0,28,784,1,1,9,1,2,1,300.0,2,8,7,0,3.0,1.0,1.0,1.0,0,0,1,0,0.25,3,1
1,0,0,0,0,0,47,2209,1,1,9,1,1,1,190.0,3,1,7,0,4.0,1.0,1.0,2.0,0,1,1,1,0.75,5,5
1,0,0,0,0,0,60,3600,1,1,9,1,1,1,183.0,2,1,7,0,3.0,1.0,2.0,3.0,0,1,0,0,0.25,4,3
1,0,0,0,0,0,69,4761,1,1,9,1,1,1,50.0,3,3,1,0,4.0,3.0,3.0,4.0,0,0,1,1,0.5,5,5
1,0,0,0,0,0,35,1225,1,1,9,1,1,1,500.0,3,2,7,0,3.0,4.0,3.0,4.0,0,0,0,0,0.0,4,4
1,0,0,0,0,0,26,676,1,1,9,1,1,2,150.0,2,2,1,0,4.0,2.0,2.0,4.0,0,1,0,0,0.25,4,4
1,0,0,1,0,0,70,4900,1,1,9,1,1,3,67.0,2,1,1,0,2.0,2.0,2.0,2.0,0,1,0,0,0.25,5,5
1,0,0,0,0,0,59,3481,1,1,9,1,1,1,1010.0,3,3,7,0,4.0,3.0,3.0,3.0,0,0,0,0,0.0,5,3
1,0,0,1,0,0,40,1600,1,1,9,1,1,2,134.0,3,4,1,0,4.0,4.0,4.0,4.0,0,0,0,0,0.0,4,4
1,0,0,0,0,0,29,841,1,1,9,1,1,1,900.0,3,3,4,0,5.0,4.0,4.0,5.0,0,0,0,0,0.0,5,5
1,0,0,0,0,0,33,1089,1,1,9,1,1,1,150.0,3,4,1,0,4.0,4.0,4.0,4.0,0,1,0,1,0.5,4,3
1,0,0,0,0,0,69,4761,1,1,9,1,1,1,70.0,2,3,1,0,3.0,1.0,1.0,3.0,0,0,1,0,0.25,5,5
1,0,0,0,0,0,23,529,1,1,9,1,1,1,777.0,2,3,1,0,3.0,3.0,2.0,1.0,0,1,0,1,0.5,4,3
1,0,0,0,0,0,29,841,1,1,9,1,1,1,300.0,3,1,7,0,3.0,2.0,5.0,3.0,1,1,1,1,1.0,4,3
1,0,0,0,0,0,20,400,1,1,9,2,2,2,500.0,2,4,4,0,2.0,1.0,1.0,4.0,0,0,0,1,0.25,5,4
1,0,0,0,0,0,60,3600,1,1,9,1,1,1,597.0,3,1,1,0,4.0,2.0,2.0,3.0,0,1,0,0,0.25,3,3
1,0,0,0,0,0,68,4624,1,1,9,1,1,1,56.0,3,3,1,0,4.0,4.0,5.0,5.0,0,1,0,1,0.5,5,4
1,0,0,0,0,0,25,625,1,1,9,1,1,1,120.0,2,3,1,0,3.0,3.0,4.0,3.0,0,0,0,0,0.0,5,5
1,0,0,0,0,0,51,2601,1,1,9,1,1,1,40.0,2,1,7,0,4.0,1.0,1.0,1.0,0,1,0,0,0.25,5,4
1,0,0,0,0,0,47,2209,1,1,9,1,1,1,75.0,2,3,1,0,3.0,3.0,3.0,3.0,0,0,0,0,0.0,4,4
1,0,0,0,0,0,29,841,1,1,9,2,2,1,1000.0,3,3,6,0,5.0,5.0,4.0,4.0,0,0,0,0,0.0,4,5
1,0,0,0,0,0,44,1936,1,1,9,1,1,1,50.0,3,1,7,0,4.0,1.0,2.0,2.0,0,1,0,0,0.25,5,4
2,1,0,0,0,0,64,4096,2,0,4,1,1,1,14.0,2,1,1,0,1.0,1.0,1.0,1.0,1,1,1,0,0.75,3,4
2,1,0,1,0,0,28,784,2,0,5,1,1,1,120.0,3,1,7,0,3.0,2.0,2.0,3.0,1,1,1,1,1.0,4,3
2,1,0,0,1,0,37,1369,1,1,6,1,1,1,65.0,3,3,1,0,5.0,4.0,5.0,5.0,0,1,0,0,0.25,5,5
2,1,0,0,0,0,53,2809,2,0,5,1,1,2,80.0,2,3,7,0,5.0,2.0,2.0,1.0,0,1,0,0,0.25,5,3
2,1,0,0,0,0,64,4096,2,0,5,1,1,1,10.0,2,3,1,0,2.0,2.0,2.0,2.0,1,0,1,1,0.75,5,4
2,1,0,0,0,0,47,2209,1,1,4,1,1,4,45.0,2,1,1,0,2.0,1.0,1.0,1.0,0,1,1,0,0.5,4,3
2,1,0,0,1,0,50,2500,1,1,2,1,1,2,50.0,2,2,7,0,3.0,2.0,3.0,4.0,0,1,1,0,0.5,4,1
2,1,0,0,0,0,21,441,2,0,3,1,1,2,284.0,2,3,6,0,3.0,1.0,1.0,1.0,1,0,0,1,0.5,3,3
2,1,0,1,0,0,44,1936,1,1,1,1,1,1,40.0,3,1,1,0,4.0,5.0,1.0,3.0,1,1,1,0,0.75,5,5
2,1,0,0,0,0,20,400,2,0,3,1,1,1,300.0,1,3,1,0,,,,,1,0,1,0,0.5,5,4
2,1,0,0,0,0,52,2704,2,0,4,1,1,1,30.0,3,1,1,0,4.0,2.0,3.0,4.0,1,1,1,0,0.75,5,5
2,1,0,0,1,0,19,361,2,0,6,1,1,1,157.0,3,3,7,0,4.0,1.0,1.0,1.0,0,0,0,1,0.25,5,4
2,1,0,0,0,0,45,2025,2,0,3,2,1,1,250.0,3,4,7,0,2.0,2.0,2.0,2.0,0,0,0,0,0.0,2,2
2,1,0,0,0,0,72,5184,1,1,4,1,1,2,12.0,2,5,1,0,4.0,1.0,1.0,4.0,0,1,1,0,0.5,5,4
2,1,0,0,0,0,62,3844,2,0,2,1,1,1,30.0,3,1,7,0,4.0,3.0,3.0,4.0,0,1,0,1,0.5,4,4
2,1,0,0,0,0,49,2401,2,0,1,1,1,1,250.0,3,3,1,0,5.0,5.0,5.0,5.0,0,0,0,1,0.25,4,5
2,1,0,0,0,0,64,4096,2,0,5,1,1,2,20.0,2,3,1,0,2.0,2.0,3.0,4.0,0,0,1,1,0.5,4,4
2,1,0,0,1,0,44,1936,2,0,5,1,1,1,80.0,2,1,7,0,4.0,1.0,1.0,1.0,1,1,0,1,0.75,5,5
2,1,0,0,0,0,29,841,2,0,5,1,1,1,141.0,2,1,1,0,3.0,1.0,1.0,1.0,0,0,1,0,0.25,5,4
2,1,0,0,0,0,48,2304,2,0,4,1,1,3,150.0,2,8,7,0,3.0,3.0,3.0,3.0,1,1,1,1,1.0,4,4
2,1,0,1,0,0,36,1296,2,0,5,1,1,1,60.0,3,3,8,0,5.0,3.0,2.0,4.0,1,1,1,0,0.75,5,4
2,1,0,0,0,0,18,324,2,0,3,1,1,2,237.0,2,1,1,0,4.0,1.0,2.0,3.0,0,0,0,0,0.0,5,5
2,1,0,1,0,0,57,3249,1,1,5,1,1,1,10.0,3,3,1,0,4.0,2.0,3.0,3.0,1,1,1,1,1.0,5,4
2,1,0,0,0,0,30,900,2,0,1,1,1,1,380.0,3,3,1,0,4.0,4.0,3.0,3.0,1,0,1,0,0.5,4,3
2,1,0,1,1,0,32,1024,1,1,4,1,1,1,15.0,2,1,1,0,4.0,4.0,4.0,4.0,0,0,1,1,0.5,5,3
2,1,0,0,0,0,55,3025,1,1,5,1,1,1,80.0,2,3,7,0,1.0,1.0,1.0,2.0,1,1,0,0,0.5,3,3
2,1,0,0,0,0,21,441,1,1,6,1,1,2,30.0,1,8,4,0,,,,,0,0,0,0,0.0,3,2
2,1,0,0,0,0,75,5625,1,1,6,1,1,1,12.0,3,3,7,0,3.0,3.0,2.0,4.0,0,1,1,0,0.5,4,4
2,1,0,0,0,0,27,729,2,0,8,2,2,1,3500.0,2,8,7,0,3.0,2.0,3.0,3.0,0,0,0,1,0.25,3,3
2,1,0,0,0,0,36,1296,1,1,6,2,1,1,120.0,3,1,1,0,3.0,2.0,3.0,4.0,0,0,0,0,0.0,5,2
2,1,0,1,0,0,48,2304,1,1,9,1,1,1,150.0,3,3,7,0,5.0,3.0,5.0,4.0,0,1,1,1,0.75,5,5
2,1,0,0,0,0,67,4489,2,0,3,1,1,2,200.0,2,3,7,0,4.0,2.0,1.0,1.0,0,1,1,1,0.75,5,5
2,1,0,0,0,0,51,2601,2,0,5,1,1,1,84.0,3,1,1,0,4.0,2.0,2.0,2.0,1,1,1,1,1.0,3,3
2,1,0,0,0,0,54,2916,1,1,7,2,2,1,25.0,2,1,4,0,3.0,2.0,3.0,3.0,1,0,1,1,0.75,5,5
2,1,0,0,0,0,41,1681,1,1,3,1,1,2,5.0,2,1,4,0,1.0,1.0,1.0,1.0,1,1,1,1,1.0,5,5
2,1,0,1,1,0,35,1225,2,0,7,2,2,2,10.0,2,1,1,0,4.0,4.0,3.0,3.0,0,0,0,0,0.0,3,4
2,1,0,0,0,0,56,3136,1,1,1,1,1,1,57.0,3,1,7,0,4.0,3.0,5.0,5.0,0,1,0,0,0.25,5,5
2,1,0,0,0,0,30,900,1,1,5,1,1,1,80.0,2,3,7,0,4.0,3.0,3.0,3.0,1,1,1,1,1.0,4,5
2,1,0,0,1,0,44,1936,2,0,3,2,1,1,20.0,3,2,1,0,4.0,2.0,2.0,4.0,0,0,1,1,0.5,4,2
2,1,0,0,0,0,24,576,2,0,4,1,1,1,1500.0,3,3,6,0,3.0,2.0,5.0,4.0,0,0,0,0,0.0,5,5
2,1,0,0,0,0,61,3721,1,1,5,1,1,2,20.0,3,4,1,0,5.0,2.0,2.0,5.0,0,1,1,0,0.5,5,5
2,1,0,0,0,0,70,4900,2,0,5,1,1,2,25.0,3,1,1,0,4.0,2.0,2.0,4.0,1,1,1,1,1.0,4,4
2,1,0,0,0,0,50,2500,1,1,5,1,1,1,450.0,3,4,7,0,5.0,2.0,2.0,3.0,0,1,0,0,0.25,5,3
2,1,0,0,0,0,50,2500,2,0,5,1,1,1,200.0,3,3,1,0,5.0,4.0,4.0,4.0,0,1,1,1,0.75,5,5
2,1,0,0,0,0,55,3025,2,0,1,1,1,1,56.0,3,1,7,0,2.0,1.0,3.0,4.0,1,1,1,1,1.0,5,5
2,1,0,0,1,0,70,4900,2,0,2,1,1,1,3.0,2,1,1,0,5.0,1.0,5.0,5.0,0,0,1,1,0.5,5,5
2,1,0,0,0,0,20,400,2,0,7,2,1,4,200.0,1,1,8,0,,,,,0,1,1,0,0.5,5,5
2,1,0,0,0,0,48,2304,1,1,4,1,1,1,25.0,2,8,1,0,3.0,1.0,2.0,2.0,0,1,1,0,0.5,4,2
2,1,0,0,0,0,64,4096,2,0,3,1,1,2,20.0,2,3,1,0,2.0,2.0,1.0,1.0,1,0,1,0,0.5,4,4
2,1,0,0,0,0,35,1225,1,1,3,1,1,2,200.0,3,2,1,0,3.0,4.0,4.0,3.0,0,0,0,0,0.0,3,2
2,1,0,0,0,0,52,2704,2,0,7,1,1,3,25.0,2,1,1,0,2.0,2.0,2.0,3.0,1,0,0,0,0.25,3,3
2,1,0,0,0,0,49,2401,2,0,5,1,1,1,80.0,2,1,7,0,4.0,1.0,1.0,3.0,0,0,0,0,0.0,4,4
2,1,0,0,0,0,64,4096,1,1,2,1,1,1,350.0,3,1,1,0,5.0,5.0,4.0,5.0,1,1,0,0,0.5,5,5
2,1,0,1,1,0,29,841,2,0,5,1,1,1,180.0,3,3,1,0,5.0,4.0,5.0,5.0,0,1,0,1,0.5,5,5
2,1,0,0,0,0,33,1089,1,1,5,1,1,1,20.0,2,1,7,0,5.0,1.0,1.0,1.0,1,1,0,1,0.75,3,3
2,1,0,0,0,0,53,2809,1,1,4,1,1,1,3500.0,2,1,1,0,4.0,3.0,2.0,3.0,1,1,1,0,0.75,3,3
2,1,0,0,0,0,18,324,2,0,1,1,2,1,32.0,2,1,7,0,4.0,1.0,1.0,1.0,1,1,1,1,1.0,2,1
2,1,0,0,0,0,55,3025,2,0,5,1,1,1,302.0,2,3,1,0,4.0,1.0,1.0,3.0,0,0,1,1,0.5,5,5
2,1,0,0,0,0,25,625,2,0,1,1,1,1,90.0,2,8,7,0,3.0,1.0,3.0,3.0,1,0,1,0,0.5,5,5
2,1,0,0,0,0,24,576,2,0,5,1,1,1,150.0,3,3,1,0,4.0,2.0,2.0,2.0,0,0,1,1,0.5,3,1
2,1,0,0,0,0,35,1225,1,1,7,2,2,2,,3,1,1,0,3.0,2.0,2.0,3.0,0,0,0,1,0.25,5,5
2,1,0,1,1,0,45,2025,1,1,1,1,1,1,170.0,3,1,7,0,5.0,5.0,5.0,5.0,0,0,0,0,0.0,5,4
2,1,0,0,1,0,38,1444,1,1,1,2,2,1,250.0,3,1,1,0,2.0,4.0,4.0,3.0,0,0,0,0,0.0,3,3
2,1,0,0,0,0,45,2025,2,0,4,1,1,1,100.0,2,1,7,0,3.0,2.0,3.0,3.0,0,0,0,0,0.0,3,3
2,1,0,0,0,0,21,441,1,1,6,3,1,5,,4,2,7,0,4.0,3.0,3.0,3.0,0,0,0,0,0.0,3,3
2,1,0,0,0,0,51,2601,2,0,1,1,1,1,30.0,2,3,1,0,3.0,1.0,2.0,2.0,1,1,1,1,1.0,5,3
2,1,0,0,0,0,65,4225,1,1,4,1,2,2,20.0,3,2,7,0,4.0,2.0,2.0,4.0,1,1,1,0,0.75,5,5
2,1,0,1,1,0,47,2209,1,1,6,1,1,2,50.0,3,3,1,0,4.0,2.0,3.0,3.0,0,1,0,0,0.25,5,5
2,1,0,0,0,0,51,2601,1,1,4,1,1,2,3.0,2,9,7,0,3.0,2.0,2.0,2.0,1,1,1,0,0.75,4,4
2,1,0,0,0,0,46,2116,2,0,5,1,1,1,152.0,3,3,1,0,4.0,1.0,1.0,2.0,1,1,1,0,0.75,5,3
2,1,0,0,1,0,64,4096,2,0,7,1,2,1,20.0,3,3,1,0,3.0,2.0,2.0,4.0,0,0,1,0,0.25,5,5
2,1,0,0,0,0,75,5625,1,1,7,1,2,1,50.0,3,1,1,0,3.0,2.0,2.0,2.0,1,1,1,0,0.75,3,3
2,1,0,0,0,0,65,4225,1,1,4,1,1,1,35.0,3,5,1,0,3.0,2.0,3.0,3.0,1,1,1,0,0.75,5,5
2,1,0,0,0,0,66,4356,2,0,5,1,1,3,15.0,2,1,1,0,4.0,2.0,2.0,3.0,1,1,1,0,0.75,5,4
2,1,0,0,0,0,63,3969,1,1,4,1,1,1,50.0,2,8,1,0,3.0,1.0,1.0,3.0,1,1,1,1,1.0,5,5
2,1,0,0,0,0,26,676,2,0,1,1,1,1,250.0,3,6,1,0,2.0,1.0,2.0,2.0,0,0,0,1,0.25,5,5
2,1,0,0,0,0,40,1600,2,0,4,1,1,1,40.0,2,1,1,0,3.0,3.0,4.0,4.0,0,0,0,1,0.25,5,5
2,1,0,0,0,0,24,576,2,0,7,1,1,1,80.0,3,3,7,0,5.0,2.0,3.0,3.0,0,0,0,0,0.0,3,3
2,1,0,0,0,0,43,1849,1,1,4,1,1,1,177.0,3,7,8,0,5.0,5.0,3.0,3.0,0,0,0,0,0.0,3,5
2,1,0,0,1,0,48,2304,1,1,7,1,1,1,46.0,3,3,1,0,4.0,1.0,1.0,4.0,0,1,1,0,0.5,4,4
2,1,0,0,0,0,49,2401,2,0,6,1,1,1,150.0,3,3,1,0,4.0,4.0,3.0,3.0,0,0,0,0,0.0,4,4
2,1,0,1,1,0,35,1225,1,1,5,1,1,1,1200.0,3,3,7,0,4.0,4.0,4.0,4.0,0,0,0,0,0.0,4,4
2,1,0,0,0,0,65,4225,1,1,5,1,1,1,40.0,3,3,1,0,4.0,3.0,3.0,3.0,0,1,0,0,0.25,5,5
2,1,0,0,0,0,32,1024,2,0,4,1,1,1,,2,3,7,0,3.0,3.0,2.0,2.0,0,0,0,0,0.0,3,3
2,1,0,0,0,0,25,625,1,1,4,2,1,1,50.0,2,3,7,0,3.0,1.0,3.0,3.0,0,0,0,0,0.0,3,2
2,1,0,0,0,0,48,2304,2,0,6,1,1,1,27.0,3,3,7,0,5.0,1.0,1.0,3.0,0,1,1,0,0.5,5,5
2,1,0,0,1,0,52,2704,1,1,3,2,2,2,15.0,2,1,7,0,4.0,4.0,4.0,4.0,0,0,0,1,0.25,5,5
2,1,0,0,0,0,44,1936,1,1,4,2,2,1,25.0,3,1,4,0,5.0,3.0,3.0,4.0,0,0,1,0,0.25,5,5
2,1,0,0,0,0,36,1296,2,0,7,1,2,1,200.0,3,6,7,0,5.0,4.0,5.0,5.0,0,1,1,0,0.5,5,5
2,1,0,0,0,0,28,784,2,0,5,1,1,1,100.0,2,6,7,0,3.0,3.0,1.0,3.0,1,0,1,1,0.75,4,4
2,1,0,0,0,0,25,625,2,0,4,2,2,1,150.0,2,1,4,0,4.0,1.0,4.0,2.0,0,0,0,0,0.0,4,5
2,1,0,0,0,0,28,784,2,0,4,1,2,1,200.0,3,8,4,0,3.0,5.0,1.0,2.0,0,0,0,0,0.0,5,5
2,1,0,0,0,0,41,1681,2,0,6,1,1,1,296.0,3,1,7,0,3.0,2.0,3.0,2.0,0,0,1,1,0.5,3,3
2,1,0,0,0,0,65,4225,1,1,3,1,1,1,20.0,2,1,7,0,1.0,1.0,1.0,3.0,1,1,1,0,0.75,5,3
2,1,0,0,0,0,29,841,2,0,6,1,1,1,,2,1,7,0,1.0,1.0,1.0,1.0,1,1,1,1,1.0,3,4
2,1,0,0,0,0,27,729,1,1,4,1,1,1,50.0,3,3,7,0,4.0,3.0,4.0,4.0,0,0,1,1,0.5,5,4
2,1,0,0,0,0,42,1764,1,1,3,3,3,1,500.0,3,1,1,0,3.0,3.0,3.0,3.0,0,0,0,0,0.0,5,5
2,1,0,0,0,0,21,441,1,1,1,1,1,2,,2,8,1,0,1.0,1.0,1.0,1.0,1,1,1,1,1.0,5,3
2,1,0,0,0,0,32,1024,2,0,7,2,2,1,180.0,3,4,2,1,4.0,1.0,2.0,4.0,0,1,0,0,0.25,5,5
2,1,0,0,0,0,24,576,2,0,1,2,1,1,100.0,2,3,4,0,1.0,1.0,1.0,1.0,1,1,1,1,1.0,5,5
2,1,0,0,0,0,62,3844,1,1,3,1,3,5,10.0,4,2,8,0,3.0,1.0,3.0,2.0,0,1,1,0,0.5,4,5
2,1,0,0,0,0,25,625,2,0,5,3,3,1,300.0,1,1,8,0,,,,,1,1,1,1,1.0,5,5
2,1,0,0,0,0,21,441,1,1,4,1,1,1,92.0,2,4,7,0,4.0,5.0,1.0,1.0,1,0,1,1,0.75,5,3
2,1,0,0,0,0,57,3249,1,1,6,1,1,2,7.0,2,3,8,0,3.0,1.0,3.0,2.0,1,0,1,1,0.75,4,2
2,1,0,0,0,0,23,529,2,0,3,1,2,1,30.0,3,3,7,0,3.0,2.0,4.0,2.0,1,1,1,0,0.75,4,3
2,1,0,0,0,0,30,900,1,1,6,1,1,1,80.0,3,1,7,0,3.0,3.0,3.0,1.0,1,1,1,0,0.75,5,5
2,1,0,0,0,0,20,400,2,0,5,1,2,1,750.0,2,3,7,0,5.0,2.0,2.0,1.0,0,0,1,0,0.25,5,5
2,1,0,0,0,0,49,2401,1,1,4,1,1,4,20.0,1,2,7,0,,,,,1,0,0,1,0.5,5,5
2,1,0,0,0,0,31,961,2,0,6,1,1,1,200.0,2,3,7,0,3.0,1.0,1.0,1.0,0,0,1,1,0.5,5,5
2,1,0,0,1,0,33,1089,2,0,7,1,1,1,40.0,3,8,7,0,4.0,3.0,2.0,3.0,1,0,0,1,0.5,5,3
2,1,0,0,0,0,25,625,2,0,6,1,1,1,172.0,3,3,1,0,5.0,2.0,5.0,4.0,1,0,1,1,0.75,4,4
2,1,0,0,0,0,62,3844,2,0,2,1,1,4,15.0,2,3,7,0,1.0,1.0,1.0,1.0,1,1,1,0,0.75,5,5
2,1,0,0,1,0,46,2116,2,0,7,1,1,2,200.0,3,1,7,0,5.0,3.0,2.0,4.0,0,0,1,1,0.5,4,4
2,1,0,0,0,0,31,961,1,1,8,1,1,1,452.0,3,5,1,0,5.0,4.0,5.0,5.0,0,0,0,1,0.25,5,4
2,1,0,0,0,0,30,900,2,0,4,3,1,1,100.0,2,3,7,0,4.0,1.0,1.0,3.0,1,0,0,1,0.5,3,3
2,1,0,0,0,0,66,4356,1,1,2,1,1,1,80.0,2,5,1,0,3.0,2.0,2.0,3.0,0,0,0,1,0.25,5,5
2,1,0,0,0,0,29,841,1,1,5,2,1,3,100.0,2,1,1,0,5.0,2.0,2.0,5.0,0,0,1,1,0.5,5,5
2,1,0,0,0,0,44,1936,1,1,5,2,2,3,10.0,2,3,7,0,3.0,2.0,2.0,2.0,1,0,1,0,0.5,4,4
2,1,0,0,1,0,32,1024,2,0,7,2,2,1,700.0,3,1,2,1,3.0,3.0,1.0,1.0,0,0,0,1,0.25,4,4
2,1,0,0,0,0,46,2116,2,0,3,1,1,1,15.0,2,1,1,0,3.0,1.0,1.0,2.0,0,0,0,1,0.25,5,5
2,1,0,0,0,0,40,1600,1,1,6,1,1,1,40.0,3,1,1,0,3.0,3.0,4.0,3.0,1,1,1,1,1.0,4,4
2,1,0,0,0,0,47,2209,2,0,1,1,1,1,4954.0,3,3,7,0,5.0,5.0,5.0,5.0,0,0,0,0,0.0,5,5
2,1,0,0,0,0,23,529,1,1,4,1,1,1,450.0,2,1,7,0,3.0,3.0,3.0,3.0,0,0,0,0,0.0,2,2
2,1,0,0,1,0,66,4356,1,1,2,2,1,4,3.0,2,2,7,0,2.0,1.0,1.0,1.0,1,1,1,1,1.0,4,3
2,1,0,0,0,0,46,2116,1,1,3,1,1,1,51.0,2,1,7,0,1.0,1.0,1.0,1.0,1,1,1,0,0.75,5,4
2,1,0,0,0,0,30,900,2,0,1,2,2,1,750.0,3,8,7,0,3.0,2.0,2.0,4.0,1,0,1,1,0.75,4,4
2,1,0,0,0,0,39,1521,1,1,4,1,1,1,114.0,3,1,1,0,5.0,1.0,4.0,4.0,1,1,1,0,0.75,5,4
2,1,0,0,0,0,63,3969,1,1,3,1,1,1,100.0,3,1,1,0,3.0,2.0,3.0,4.0,0,0,0,0,0.0,3,4
2,1,0,1,0,0,54,2916,1,1,3,1,1,1,1500.0,3,3,7,0,4.0,4.0,5.0,4.0,1,1,1,0,0.75,3,3
2,1,0,0,0,0,36,1296,2,0,5,1,1,1,18.0,3,1,7,0,2.0,2.0,1.0,2.0,1,1,0,1,0.75,5,1
2,1,0,0,0,0,48,2304,1,1,1,1,1,2,19.0,2,1,7,0,3.0,2.0,4.0,3.0,1,0,1,1,0.75,5,5
2,1,0,1,0,0,45,2025,1,1,4,1,1,2,52.0,3,1,1,0,5.0,4.0,4.0,5.0,1,1,1,1,1.0,5,1
2,1,0,0,0,0,65,4225,1,1,5,1,1,2,100.0,2,5,7,0,1.0,1.0,1.0,1.0,1,1,1,1,1.0,5,5
2,1,0,0,0,0,18,324,2,0,9,1,1,3,900.0,2,1,2,1,3.0,4.0,5.0,3.0,0,0,0,0,0.0,5,5
2,1,0,0,0,0,46,2116,1,1,1,1,1,2,38.0,2,1,1,0,2.0,1.0,3.0,4.0,1,1,1,1,1.0,4,4
2,1,0,0,0,0,74,5476,1,1,4,1,1,1,15.0,1,5,1,0,,,,,1,1,1,0,0.75,3,3
2,1,0,0,0,0,40,1600,2,0,1,1,1,1,20.0,3,1,8,0,3.0,1.0,1.0,3.0,0,1,1,1,0.75,5,5
2,1,0,0,1,0,58,3364,2,0,5,1,1,3,10.0,2,1,1,0,3.0,1.0,1.0,3.0,1,1,1,1,1.0,5,5
2,1,0,0,0,0,25,625,2,0,6,1,1,1,268.0,2,3,7,0,5.0,3.0,3.0,3.0,0,0,0,0,0.0,5,5
2,1,0,0,0,0,52,2704,2,0,5,1,1,3,100.0,2,1,1,0,5.0,2.0,2.0,2.0,1,0,1,1,0.75,5,5
2,1,0,0,0,0,36,1296,1,1,4,2,1,1,65.0,3,7,1,0,4.0,1.0,1.0,4.0,0,0,0,1,0.25,4,5
2,1,0,0,0,0,43,1849,2,0,3,1,1,2,50.0,2,1,1,0,2.0,2.0,2.0,2.0,0,0,0,0,0.0,2,2
2,1,0,0,0,0,41,1681,2,0,6,1,1,1,120.0,3,1,7,0,4.0,2.0,2.0,2.0,1,1,1,1,1.0,4,3
2,1,0,0,0,0,40,1600,2,0,1,1,1,4,3.0,2,3,1,0,2.0,2.0,2.0,2.0,0,0,0,0,0.0,3,2
2,1,0,0,0,0,24,576,2,0,7,1,1,1,350.0,2,8,7,0,5.0,1.0,3.0,4.0,1,0,0,1,0.5,5,5
2,1,0,0,0,0,32,1024,2,0,6,1,1,1,200.0,2,3,1,0,3.0,3.0,3.0,3.0,0,1,1,1,0.75,3,3
2,1,0,0,0,0,28,784,2,0,6,1,1,1,234.0,3,3,7,0,3.0,1.0,1.0,2.0,0,1,1,1,0.75,5,5
2,1,0,0,0,0,31,961,1,1,5,1,1,1,20.0,2,3,1,0,2.0,3.0,2.0,3.0,0,0,0,1,0.25,5,5
2,1,0,0,0,0,21,441,2,0,3,1,1,1,292.0,2,3,7,0,3.0,2.0,1.0,2.0,1,0,0,1,0.5,4,3
2,1,0,0,0,0,20,400,2,0,1,1,1,1,500.0,2,3,1,0,5.0,1.0,1.0,5.0,1,0,0,0,0.25,5,5
2,1,0,0,0,0,65,4225,1,1,4,1,1,1,5000.0,3,3,7,0,4.0,5.0,5.0,3.0,0,1,1,0,0.5,5,5
2,1,0,0,0,0,44,1936,1,1,5,1,1,2,34.0,2,9,8,0,3.0,4.0,2.0,2.0,1,1,1,1,1.0,4,3
2,1,0,0,0,0,54,2916,1,1,7,1,1,1,160.0,3,4,1,0,5.0,5.0,1.0,3.0,0,0,0,0,0.0,5,5
2,1,0,0,0,0,27,729,1,1,6,2,1,2,180.0,2,3,7,0,2.0,2.0,1.0,1.0,1,0,0,0,0.25,4,4
2,1,0,0,0,0,60,3600,2,0,2,1,1,1,48.0,2,9,1,0,5.0,5.0,5.0,5.0,0,0,1,0,0.25,2,2
2,1,0,0,0,0,30,900,1,1,5,1,1,1,3425.0,3,1,7,0,5.0,1.0,1.0,1.0,1,1,1,0,0.75,5,4
2,1,0,0,0,0,51,2601,2,0,3,1,1,2,181.0,3,1,7,0,4.0,2.0,2.0,4.0,0,1,1,1,0.75,4,4
2,1,0,0,0,0,26,676,2,0,3,1,1,1,69.0,3,1,7,0,4.0,3.0,3.0,4.0,1,0,1,1,0.75,4,2
2,1,0,0,0,0,63,3969,2,0,6,1,1,1,57.0,3,5,1,0,5.0,3.0,4.0,3.0,0,1,1,0,0.5,3,4
2,1,0,0,0,0,70,4900,1,1,5,1,1,4,30.0,2,5,1,0,4.0,2.0,2.0,2.0,0,0,0,0,0.0,5,4
2,1,0,0,0,0,62,3844,1,1,4,1,1,1,50.0,2,1,1,0,4.0,2.0,4.0,5.0,0,0,0,0,0.0,5,5
2,1,0,0,0,0,37,1369,2,0,4,1,1,1,30.0,3,1,1,0,2.0,1.0,3.0,3.0,0,1,1,0,0.5,2,2
2,1,0,0,0,0,43,1849,2,0,7,1,1,2,60.0,2,3,7,0,3.0,5.0,2.0,5.0,0,0,0,0,0.0,5,5
2,1,0,0,0,0,45,2025,1,1,1,1,1,1,3.0,2,3,7,0,2.0,1.0,1.0,1.0,0,0,0,0,0.0,5,5
2,1,0,0,0,0,42,1764,2,0,1,1,1,2,200.0,2,1,1,0,2.0,2.0,2.0,2.0,1,1,1,0,0.75,3,3
2,1,0,0,1,0,52,2704,2,0,4,1,1,2,30.0,3,1,1,0,4.0,2.0,2.0,4.0,1,1,0,1,0.75,5,5
2,1,0,0,0,0,49,2401,1,1,5,1,1,2,0.0,1,2,1,0,,,,,0,1,1,1,0.75,3,2
2,1,0,0,0,0,69,4761,2,0,3,1,1,1,30.0,3,1,1,0,4.0,2.0,2.0,4.0,0,0,1,1,0.5,5,5
2,1,0,0,0,0,50,2500,2,0,1,1,1,1,120.0,2,8,1,0,3.0,2.0,3.0,3.0,0,0,0,0,0.0,3,2
2,1,0,1,0,0,39,1521,2,0,5,1,1,1,630.0,2,1,1,0,3.0,3.0,2.0,4.0,1,0,1,0,0.5,5,5
2,1,0,0,0,0,18,324,2,0,3,1,1,1,500.0,3,3,1,0,3.0,1.0,3.0,1.0,0,0,0,1,0.25,5,5
2,1,0,0,0,0,63,3969,1,1,1,1,1,3,20.0,1,1,7,0,,,,,1,1,1,1,1.0,5,5
2,1,0,0,0,0,38,1444,2,0,6,1,1,1,300.0,3,6,8,0,4.0,5.0,4.0,4.0,0,0,0,0,0.0,5,5
2,1,0,0,0,0,37,1369,2,0,6,1,1,1,50.0,3,3,1,0,4.0,1.0,3.0,3.0,0,1,1,0,0.5,5,3
2,1,0,0,0,0,60,3600,2,0,3,1,1,1,10.0,3,1,1,0,2.0,1.0,1.0,3.0,1,1,1,1,1.0,5,5
2,1,0,0,0,0,34,1156,1,1,4,1,1,1,30.0,2,9,1,0,4.0,4.0,3.0,4.0,0,0,0,0,0.0,2,4
2,1,0,0,0,0,22,484,2,0,4,1,1,1,3000.0,3,1,1,0,3.0,4.0,3.0,3.0,0,1,0,0,0.25,4,4
2,1,0,0,0,0,71,5041,2,0,4,1,1,2,50.0,2,1,1,0,2.0,2.0,2.0,2.0,0,0,0,0,0.0,3,3
2,1,0,1,0,0,37,1369,2,0,5,1,1,1,46.0,3,1,1,0,4.0,4.0,3.0,4.0,1,1,1,0,0.75,2,2
2,1,0,0,0,0,64,4096,1,1,4,1,1,1,180.0,2,1,7,0,3.0,2.0,1.0,2.0,1,1,1,0,0.75,5,5
2,1,0,0,0,0,28,784,1,1,6,1,1,2,237.0,2,2,1,0,1.0,1.0,1.0,1.0,1,0,0,0,0.25,5,5
2,1,0,0,0,0,31,961,1,1,4,2,1,1,100.0,3,3,1,0,4.0,4.0,4.0,5.0,0,0,0,0,0.0,5,5
2,1,0,0,0,0,62,3844,2,0,4,1,1,2,32.0,2,1,1,0,1.0,1.0,1.0,1.0,1,1,1,1,1.0,3,3
2,1,0,0,0,0,29,841,2,0,5,1,1,1,,2,3,8,0,3.0,2.0,2.0,3.0,1,1,1,1,1.0,3,3
2,1,0,0,0,0,39,1521,1,1,4,2,2,2,200.0,3,2,7,0,1.0,1.0,1.0,1.0,1,1,1,1,1.0,3,2
2,1,0,0,0,0,23,529,2,0,1,1,1,1,93.0,3,8,7,0,3.0,3.0,3.0,3.0,1,1,1,0,0.75,3,3
2,1,0,0,0,0,30,900,2,0,4,1,1,1,30.0,3,9,2,1,2.0,1.0,1.0,1.0,1,1,1,1,1.0,3,2
2,1,0,0,0,0,28,784,2,0,5,1,1,1,600.0,3,3,1,0,3.0,2.0,1.0,3.0,1,0,0,1,0.5,5,5
2,1,0,1,0,0,33,1089,2,0,7,1,1,2,64.0,2,1,7,0,2.0,1.0,1.0,1.0,0,1,1,1,0.75,5,5
2,1,0,0,1,0,62,3844,1,1,4,1,1,1,45.0,2,5,1,0,4.0,1.0,1.0,4.0,0,1,0,0,0.25,5,5
2,1,0,0,0,0,55,3025,2,0,4,1,1,1,50.0,2,1,7,0,2.0,1.0,2.0,3.0,0,1,1,1,0.75,5,5
2,1,0,0,0,0,57,3249,1,1,3,1,1,1,100.0,3,3,1,0,4.0,3.0,3.0,4.0,0,1,1,1,0.75,4,4
2,1,0,1,0,0,64,4096,1,1,2,1,1,1,15.0,2,1,1,0,4.0,1.0,1.0,4.0,1,1,1,0,0.75,5,5
2,1,0,0,0,0,36,1296,2,0,3,2,1,2,100.0,2,1,7,0,3.0,1.0,1.0,1.0,1,0,1,1,0.75,5,4
2,1,0,1,1,0,35,1225,1,1,3,1,1,1,150.0,1,8,1,0,,,,,0,0,0,0,0.0,3,3
2,1,0,0,0,0,31,961,2,0,5,1,1,1,40.0,2,8,7,0,3.0,2.0,2.0,3.0,0,0,1,1,0.5,4,4
2,1,0,1,0,0,65,4225,2,0,3,1,1,2,10.0,2,1,1,0,5.0,4.0,5.0,4.0,0,0,0,1,0.25,5,5
2,1,0,0,0,0,33,1089,1,1,8,1,1,1,350.0,3,1,1,0,4.0,4.0,4.0,4.0,0,0,0,0,0.0,5,5
2,1,0,0,0,0,18,324,1,1,8,1,1,1,59.0,2,3,7,0,3.0,2.0,3.0,1.0,0,1,0,1,0.5,4,3
2,1,0,0,0,0,28,784,2,0,4,2,1,1,1200.0,3,1,7,0,4.0,2.0,4.0,5.0,0,0,1,0,0.25,4,4
2,1,0,0,0,0,27,729,2,0,5,2,1,1,234.0,3,3,7,0,2.0,2.0,2.0,3.0,0,0,0,0,0.0,2,2
2,1,0,0,0,0,34,1156,1,1,6,1,1,1,85.0,2,3,7,0,4.0,1.0,2.0,3.0,0,1,1,0,0.5,5,3
2,1,0,0,0,0,29,841,2,0,5,1,1,1,100.0,3,8,7,0,5.0,5.0,1.0,2.0,1,1,0,1,0.75,5,5
2,1,0,0,0,0,47,2209,2,0,4,1,1,1,68.0,3,1,1,0,4.0,1.0,1.0,3.0,1,1,1,1,1.0,4,4
2,1,0,0,0,0,29,841,2,0,3,1,1,1,1000.0,3,3,7,0,4.0,1.0,2.0,2.0,0,0,1,1,0.5,5,5
2,1,0,1,0,0,64,4096,2,0,4,1,1,3,120.0,3,1,1,0,2.0,1.0,1.0,2.0,1,1,1,0,0.75,5,5
2,1,0,0,0,0,53,2809,2,0,4,1,1,3,850.0,2,1,1,0,4.0,1.0,4.0,3.0,1,1,1,1,1.0,5,5
2,1,0,0,0,0,43,1849,1,1,4,2,2,1,12.0,3,1,4,0,5.0,3.0,3.0,5.0,0,0,1,0,0.25,5,5
2,1,0,0,0,0,47,2209,1,1,4,1,1,1,30.0,3,1,7,0,3.0,3.0,3.0,3.0,0,0,0,0,0.0,3,3
2,1,0,0,0,0,37,1369,2,0,5,1,1,1,,3,1,1,0,4.0,4.0,4.0,4.0,1,1,1,1,1.0,4,4
2,1,0,0,0,0,41,1681,1,1,6,2,1,1,1200.0,3,3,1,0,5.0,5.0,2.0,5.0,1,1,1,1,1.0,5,5
2,1,0,0,0,0,22,484,2,0,6,1,1,1,150.0,3,1,4,0,3.0,3.0,1.0,1.0,0,1,0,0,0.25,5,5
2,1,0,0,0,0,36,1296,2,0,4,1,1,1,63.0,3,1,7,0,5.0,5.0,5.0,5.0,0,1,0,1,0.5,5,5
2,1,0,0,0,0,25,625,2,0,6,1,1,1,1000.0,3,1,7,0,4.0,2.0,5.0,5.0,1,1,1,1,1.0,5,4
2,1,0,0,1,0,19,361,1,1,4,1,1,1,700.0,3,3,7,0,5.0,2.0,1.0,4.0,0,0,0,1,0.25,5,5
2,1,0,0,0,0,44,1936,1,1,5,1,1,3,400.0,2,1,7,0,3.0,1.0,1.0,3.0,1,1,0,1,0.75,4,4
2,1,0,0,0,0,36,1296,1,1,6,2,1,1,258.0,3,1,1,0,5.0,4.0,2.0,1.0,0,0,0,1,0.25,5,3
2,1,0,0,0,0,28,784,2,0,6,1,1,1,300.0,3,3,7,0,3.0,1.0,1.0,1.0,1,0,1,1,0.75,5,4
2,1,0,0,0,0,24,576,2,0,1,2,1,1,300.0,2,3,4,0,2.0,1.0,1.0,2.0,0,1,1,1,0.75,5,5
2,1,0,0,0,0,54,2916,1,1,1,2,2,1,5.0,1,1,4,0,,,,,1,1,0,1,0.75,1,1
2,1,0,0,0,0,20,400,2,0,1,1,1,1,200.0,3,3,7,0,4.0,3.0,5.0,4.0,1,1,1,1,1.0,5,5
2,1,0,0,0,0,37,1369,1,1,4,1,1,1,600.0,3,3,6,0,4.0,4.0,4.0,4.0,0,1,1,0,0.5,4,4
2,1,0,0,0,0,29,841,2,0,1,1,1,1,255.0,3,3,7,0,4.0,2.0,2.0,3.0,0,1,0,0,0.25,4,2
2,1,0,0,0,0,27,729,2,0,4,1,1,1,20.0,3,3,6,0,4.0,1.0,1.0,1.0,0,0,1,0,0.25,5,3
2,1,0,0,0,0,30,900,2,0,3,1,1,1,139.0,2,1,1,0,2.0,2.0,2.0,2.0,0,1,1,1,0.75,4,3
2,1,0,0,0,0,19,361,2,0,3,1,1,1,31.0,2,8,7,0,3.0,2.0,3.0,2.0,1,0,0,1,0.5,5,5
2,1,0,0,0,0,26,676,2,0,8,2,1,1,176.0,3,1,7,0,4.0,3.0,5.0,5.0,0,0,1,1,0.5,4,4
2,1,0,0,0,0,21,441,1,1,4,1,1,1,302.0,2,3,7,0,3.0,3.0,3.0,3.0,0,1,0,1,0.5,5,5
2,1,0,0,0,0,34,1156,2,0,3,1,1,1,487.0,2,8,7,0,3.0,1.0,1.0,1.0,1,1,1,1,1.0,5,3
2,1,0,0,0,0,31,961,1,1,1,1,1,2,150.0,2,3,7,0,1.0,1.0,1.0,1.0,1,1,1,1,1.0,5,4
2,1,0,0,0,0,33,1089,1,1,3,1,1,1,7.0,2,1,7,0,3.0,3.0,4.0,4.0,1,1,0,1,0.75,3,1
2,1,0,0,0,0,35,1225,2,0,4,1,1,1,150.0,3,1,7,0,3.0,3.0,3.0,2.0,0,1,0,0,0.25,5,5
2,1,0,0,0,0,40,1600,1,1,1,1,1,1,60.0,3,1,1,0,3.0,2.0,1.0,2.0,1,0,0,0,0.25,3,3
2,1,0,0,0,0,39,1521,2,0,5,1,1,1,140.0,2,1,1,0,3.0,3.0,3.0,3.0,0,0,0,1,0.25,3,3
2,1,0,0,0,0,35,1225,2,0,8,1,1,1,43.0,3,2,8,0,5.0,2.0,2.0,3.0,0,0,1,1,0.5,5,4
2,1,0,0,0,0,23,529,2,0,4,1,1,1,181.0,2,8,7,0,3.0,1.0,1.0,2.0,1,1,1,1,1.0,4,3
2,1,0,0,0,0,20,400,1,1,3,1,1,1,,1,3,7,0,,,,,0,1,0,1,0.5,5,3
2,1,0,0,0,0,67,4489,1,1,3,1,1,2,20.0,3,3,1,0,4.0,1.0,2.0,4.0,0,1,0,0,0.25,5,5
2,1,0,0,0,0,35,1225,1,1,1,1,1,1,120.0,1,1,1,0,,,,,0,0,1,1,0.5,5,5
2,1,0,0,0,0,20,400,1,1,6,1,1,2,200.0,2,3,1,0,5.0,4.0,2.0,5.0,0,1,0,1,0.5,5,5
2,1,0,0,0,0,57,3249,2,0,3,1,1,1,20.0,3,3,8,0,4.0,2.0,2.0,3.0,0,0,0,0,0.0,4,3
2,1,0,0,0,0,28,784,2,0,5,1,1,1,200.0,3,3,7,0,4.0,2.0,3.0,3.0,0,0,0,0,0.0,5,3
2,1,0,0,0,0,34,1156,2,0,5,1,1,1,200.0,3,8,7,0,5.0,3.0,5.0,1.0,1,0,0,1,0.5,5,4
2,1,0,0,0,0,50,2500,2,0,1,1,1,1,50.0,2,1,1,0,3.0,2.0,2.0,3.0,1,1,1,1,1.0,5,3
2,1,0,0,0,0,77,5929,1,1,3,1,1,4,0.0,2,1,1,0,2.0,2.0,2.0,3.0,1,1,1,1,1.0,5,4
2,1,0,0,0,0,19,361,2,0,1,1,1,3,200.0,2,3,7,0,3.0,1.0,1.0,2.0,0,0,1,1,0.5,5,4
2,1,0,1,1,0,46,2116,2,0,4,1,1,1,500.0,3,2,7,0,4.0,4.0,4.0,4.0,0,0,0,0,0.0,4,4
2,1,0,0,0,0,52,2704,1,1,5,1,1,2,101.0,2,1,8,0,4.0,1.0,1.0,3.0,0,1,1,0,0.5,4,2
2,1,0,1,0,0,38,1444,1,1,3,1,1,1,90.0,3,3,7,0,3.0,4.0,4.0,5.0,1,1,1,1,1.0,5,4
2,1,0,1,0,0,60,3600,2,0,3,2,2,2,20.0,3,1,8,0,2.0,2.0,2.0,2.0,0,0,0,0,0.0,3,3
2,1,0,0,0,0,35,1225,1,1,4,1,1,2,35.0,3,1,1,0,3.0,4.0,3.0,4.0,1,1,1,1,1.0,5,4
2,1,0,0,0,0,31,961,2,0,4,1,1,1,20.0,3,1,1,0,3.0,2.0,1.0,2.0,0,0,0,1,0.25,4,3
2,1,0,0,0,0,50,2500,1,1,7,1,1,1,150.0,3,3,1,0,3.0,1.0,1.0,1.0,0,0,0,0,0.0,3,2
2,1,0,0,0,0,39,1521,2,0,3,1,1,2,35.0,2,5,1,0,4.0,4.0,1.0,4.0,0,0,1,0,0.25,5,5
2,1,0,0,0,0,26,676,2,0,6,1,1,1,162.0,3,3,6,0,5.0,3.0,3.0,3.0,0,1,1,0,0.5,5,5
2,1,0,0,0,0,51,2601,1,1,2,2,2,4,1.0,3,1,1,0,3.0,3.0,3.0,5.0,0,0,1,0,0.25,3,2
2,1,0,0,0,0,53,2809,2,0,7,1,1,2,,3,1,8,0,3.0,2.0,2.0,3.0,1,1,1,1,1.0,3,4
2,1,0,0,0,0,32,1024,2,0,5,1,1,1,280.0,3,3,7,0,3.0,3.0,2.0,3.0,0,0,0,0,0.0,5,3
2,1,0,0,0,0,20,400,2,0,6,1,1,1,389.0,2,3,7,0,3.0,1.0,1.0,3.0,0,0,0,1,0.25,5,5
2,1,0,0,0,0,36,1296,1,1,7,1,1,1,100.0,3,1,6,0,4.0,1.0,1.0,1.0,1,1,1,0,0.75,4,3
2,1,0,0,0,0,54,2916,2,0,5,1,1,1,5.0,1,1,1,0,,,,,1,1,1,1,1.0,5,5
2,1,0,0,0,0,50,2500,2,0,1,1,1,1,167.0,3,8,2,1,4.0,1.0,1.0,3.0,0,0,0,0,0.0,5,5
2,1,0,0,0,0,26,676,1,1,6,1,1,1,2000.0,3,2,7,0,5.0,1.0,1.0,5.0,1,1,0,0,0.5,5,5
2,1,0,0,0,0,31,961,1,1,3,1,1,1,70.0,2,1,1,0,2.0,3.0,2.0,2.0,0,0,0,0,0.0,2,2
2,1,0,0,0,0,59,3481,2,0,3,1,1,1,50.0,2,9,4,0,5.0,2.0,2.0,2.0,0,0,1,1,0.5,5,1
2,1,0,0,0,0,48,2304,1,1,4,1,1,1,170.0,3,1,1,0,5.0,1.0,3.0,5.0,1,1,0,0,0.5,5,5
2,1,0,0,0,0,18,324,2,0,1,1,1,2,382.0,1,3,7,0,,,,,0,0,0,1,0.25,5,5
2,1,0,0,0,0,31,961,2,0,7,1,1,1,400.0,2,3,1,0,3.0,3.0,2.0,4.0,1,1,1,1,1.0,5,2
2,1,0,0,0,0,55,3025,1,1,5,1,2,1,20.0,2,1,1,0,3.0,2.0,3.0,4.0,0,0,0,0,0.0,5,4
2,1,0,0,0,0,84,7056,1,1,3,1,2,1,30.0,3,5,2,1,5.0,4.0,5.0,5.0,0,1,0,0,0.25,5,4
2,1,0,0,0,0,29,841,1,1,1,2,2,2,1.0,2,8,4,0,2.0,2.0,2.0,3.0,0,0,0,0,0.0,3,3
2,1,0,0,0,0,21,441,2,0,3,1,1,1,160.0,3,3,1,0,3.0,3.0,1.0,5.0,0,0,0,1,0.25,5,5
2,1,0,0,0,0,37,1369,2,0,6,1,1,1,300.0,3,3,7,0,4.0,4.0,4.0,4.0,0,0,0,0,0.0,5,5
2,1,0,0,0,0,30,900,1,1,8,1,1,2,10.0,2,1,1,0,2.0,3.0,2.0,3.0,0,0,0,0,0.0,4,4
2,1,0,0,0,0,29,841,1,1,3,1,1,1,197.0,3,3,7,0,5.0,5.0,3.0,5.0,1,1,1,0,0.75,5,2
2,1,0,0,0,0,43,1849,2,0,1,1,1,2,34.0,3,3,8,0,4.0,2.0,3.0,5.0,0,0,0,0,0.0,5,4
2,1,0,0,0,0,33,1089,2,0,7,1,1,1,120.0,3,1,1,0,3.0,1.0,3.0,3.0,1,0,1,1,0.75,4,3
2,1,0,0,0,0,25,625,2,0,3,1,1,1,100.0,2,3,7,0,2.0,2.0,2.0,2.0,1,0,0,1,0.5,5,5
2,1,0,0,1,0,68,4624,2,0,3,1,1,2,30.0,2,1,7,0,3.0,1.0,1.0,3.0,0,0,1,0,0.25,5,5
2,1,0,0,0,0,50,2500,2,0,4,1,1,1,100.0,2,2,7,0,4.0,2.0,3.0,3.0,1,0,1,0,0.5,5,5
2,1,0,0,0,0,40,1600,2,0,4,1,1,1,10.0,2,3,5,0,2.0,1.0,1.0,1.0,0,1,0,0,0.25,5,5
2,1,0,0,0,0,33,1089,2,0,4,1,1,1,15.0,2,3,7,0,3.0,3.0,3.0,2.0,0,1,0,1,0.5,4,3
2,1,0,0,0,0,52,2704,2,0,4,1,1,1,91.0,3,1,7,0,4.0,4.0,3.0,3.0,0,0,0,0,0.0,5,5
2,1,0,0,0,0,30,900,2,0,5,1,1,1,130.0,2,1,7,0,2.0,1.0,1.0,1.0,1,1,1,1,1.0,3,2
2,1,0,0,0,0,18,324,1,1,7,3,3,5,100.0,4,9,8,0,3.0,4.0,4.0,3.0,0,0,0,1,0.25,5,4
2,1,0,0,0,0,43,1849,2,0,5,1,1,4,10.0,2,1,7,0,3.0,3.0,4.0,3.0,0,0,0,0,0.0,3,2
2,1,0,1,0,0,45,2025,2,0,3,1,1,1,110.0,3,1,1,0,3.0,2.0,2.0,3.0,1,1,1,1,1.0,5,5
2,1,0,0,0,0,25,625,2,0,6,1,1,1,400.0,3,3,7,0,5.0,1.0,1.0,5.0,0,0,1,1,0.5,5,5
2,1,0,0,0,0,49,2401,2,0,3,1,1,2,150.0,2,1,1,0,4.0,3.0,3.0,3.0,0,1,1,1,0.75,4,3
2,1,0,0,0,0,32,1024,2,0,7,1,1,1,500.0,3,1,7,0,4.0,2.0,3.0,1.0,0,0,0,0,0.0,4,3
2,1,0,0,0,0,22,484,1,1,4,2,2,1,350.0,3,3,4,0,4.0,1.0,1.0,3.0,1,1,1,1,1.0,3,2
2,1,0,0,0,0,48,2304,2,0,1,1,1,1,,3,6,5,0,3.0,3.0,3.0,3.0,0,0,0,0,0.0,3,3
2,1,0,0,0,0,49,2401,1,1,5,1,1,1,386.0,3,8,1,0,3.0,1.0,3.0,3.0,1,0,0,0,0.25,5,5
2,1,0,0,0,0,23,529,2,0,1,1,1,1,600.0,2,9,1,0,3.0,3.0,3.0,2.0,0,0,0,0,0.0,3,3
2,1,0,0,0,0,19,361,1,1,3,1,1,1,432.0,2,1,4,0,2.0,1.0,1.0,2.0,1,0,0,1,0.5,4,4
2,1,0,0,0,0,20,400,1,1,7,2,1,1,400.0,2,1,7,0,3.0,2.0,4.0,2.0,0,0,0,0,0.0,4,4
2,1,0,0,0,0,48,2304,1,1,5,1,1,2,40.0,2,1,7,0,2.0,1.0,2.0,2.0,1,1,1,0,0.75,5,2
2,1,0,0,0,0,19,361,1,1,7,1,1,2,300.0,2,1,7,0,3.0,3.0,4.0,5.0,0,0,0,1,0.25,3,3
2,1,0,0,0,0,22,484,2,0,1,1,1,2,200.0,2,1,3,0,1.0,1.0,1.0,1.0,0,0,0,1,0.25,5,5
2,1,0,0,0,0,42,1764,1,1,5,1,1,1,50.0,3,2,1,0,4.0,3.0,4.0,4.0,0,1,0,0,0.25,5,5
2,1,0,0,0,0,34,1156,1,1,6,2,2,2,300.0,2,1,7,0,3.0,5.0,2.0,4.0,1,0,1,1,0.75,5,4
2,1,0,0,0,0,28,784,1,1,6,2,1,1,123.0,3,1,7,0,3.0,1.0,1.0,1.0,1,1,0,0,0.5,5,5
2,1,0,0,0,0,25,625,2,0,3,1,1,1,200.0,3,3,7,0,3.0,2.0,2.0,3.0,0,0,0,0,0.0,5,5
2,1,0,1,0,0,44,1936,2,0,5,1,1,1,50.0,1,3,7,0,,,,,1,1,1,0,0.75,5,5
2,1,0,0,1,0,19,361,1,1,4,2,2,1,287.0,2,3,4,0,3.0,5.0,2.0,4.0,0,0,1,0,0.25,5,5
2,1,0,0,0,0,24,576,1,1,4,1,1,3,260.0,2,5,7,0,5.0,1.0,1.0,2.0,1,1,1,1,1.0,5,3
2,1,0,0,0,0,38,1444,2,0,5,1,1,1,50.0,2,1,7,0,3.0,2.0,5.0,2.0,1,1,1,1,1.0,5,4
2,1,0,0,0,0,30,900,2,0,6,1,1,1,490.0,3,3,7,0,2.0,2.0,3.0,4.0,0,0,0,0,0.0,4,5
2,1,0,0,0,0,35,1225,2,0,3,1,1,1,68.0,2,3,5,0,4.0,2.0,1.0,3.0,0,0,0,0,0.0,5,5
2,1,0,0,0,0,37,1369,2,0,5,1,1,1,135.0,3,3,1,0,3.0,1.0,1.0,1.0,0,0,1,1,0.5,5,1
2,1,0,0,0,0,29,841,2,0,1,1,1,1,60.0,3,3,7,0,3.0,4.0,5.0,4.0,1,1,1,1,1.0,3,5
2,1,0,0,0,0,25,625,2,0,4,1,1,1,400.0,3,1,7,0,5.0,5.0,5.0,5.0,0,0,0,1,0.25,5,5
2,1,0,0,0,0,42,1764,1,1,5,1,1,3,3.0,1,1,8,0,,,,,1,0,1,0,0.5,5,5
2,1,0,0,0,0,26,676,2,0,7,1,1,1,300.0,3,3,7,0,5.0,3.0,3.0,5.0,0,0,0,0,0.0,5,5
2,1,0,0,0,0,27,729,1,1,6,1,1,1,158.0,3,3,7,0,5.0,2.0,5.0,5.0,0,0,0,1,0.25,5,5
2,1,0,0,0,0,39,1521,1,1,3,3,1,1,,3,1,4,0,4.0,2.0,1.0,2.0,1,0,1,0,0.5,2,2
2,1,0,0,0,0,20,400,2,0,8,1,1,2,100.0,2,1,7,0,4.0,2.0,5.0,5.0,1,0,0,1,0.5,5,4
2,1,0,0,0,0,37,1369,2,0,5,1,1,1,235.0,3,1,1,0,3.0,4.0,2.0,4.0,1,1,0,0,0.5,5,5
2,1,0,0,0,0,35,1225,2,0,6,1,1,2,159.0,3,1,8,0,3.0,2.0,3.0,3.0,1,1,1,1,1.0,5,5
2,1,0,1,0,0,70,4900,1,1,2,1,1,2,10.0,2,5,1,0,3.0,2.0,3.0,3.0,0,0,0,0,0.0,4,3
2,1,0,0,0,0,39,1521,2,0,6,1,1,1,300.0,3,3,1,0,4.0,3.0,3.0,4.0,0,1,1,1,0.75,4,4
2,1,0,0,0,0,58,3364,1,1,4,1,1,3,90.0,3,3,1,0,3.0,2.0,3.0,4.0,0,1,1,1,0.75,4,4
2,1,0,0,0,0,27,729,2,0,4,1,1,1,20.0,3,3,7,0,3.0,3.0,2.0,2.0,0,1,1,1,0.75,4,4
2,1,0,0,0,0,20,400,2,0,4,1,1,1,379.0,3,1,1,0,3.0,3.0,1.0,3.0,0,1,0,0,0.25,5,5
2,1,0,0,0,0,40,1600,1,1,7,1,1,1,140.0,3,2,7,0,1.0,1.0,1.0,5.0,1,1,1,0,0.75,5,5
2,1,0,0,0,0,26,676,1,1,4,1,1,1,90.0,3,1,1,0,3.0,1.0,2.0,5.0,1,0,0,1,0.5,5,5
2,1,0,0,1,0,65,4225,1,1,4,1,1,2,85.0,2,3,1,0,4.0,2.0,4.0,4.0,0,1,0,1,0.5,5,5
2,1,0,0,0,0,44,1936,1,1,5,1,1,1,40.0,3,4,7,0,3.0,2.0,2.0,3.0,0,0,0,0,0.0,4,4
2,1,0,0,0,0,65,4225,1,1,2,1,1,2,113.0,3,1,1,0,3.0,2.0,2.0,5.0,0,0,0,0,0.0,5,5
2,1,0,0,1,0,48,2304,1,1,6,1,1,1,30.0,2,7,7,0,4.0,2.0,4.0,4.0,0,0,1,0,0.25,4,4
2,1,0,0,0,0,26,676,1,1,4,1,1,1,130.0,2,3,7,0,3.0,2.0,2.0,2.0,0,0,0,1,0.25,5,4
2,1,0,0,0,0,48,2304,1,1,4,1,1,1,8.0,3,3,7,0,5.0,5.0,3.0,5.0,0,0,1,0,0.25,5,5
2,1,0,0,0,0,41,1681,2,0,1,1,1,1,12.0,1,8,1,0,,,,,0,0,0,0,0.0,4,4
2,1,0,0,0,0,37,1369,2,0,5,1,1,1,350.0,3,3,7,0,3.0,3.0,3.0,3.0,1,1,1,0,0.75,5,3
2,1,0,1,0,0,22,484,2,0,8,1,1,2,,3,3,2,1,3.0,3.0,3.0,3.0,0,0,0,0,0.0,4,4
2,1,0,0,0,0,27,729,2,0,6,2,2,2,,2,3,1,0,3.0,1.0,1.0,1.0,1,0,0,1,0.5,5,5
2,1,0,0,1,0,66,4356,1,1,3,1,1,2,35.0,2,1,7,0,4.0,1.0,2.0,4.0,1,1,1,1,1.0,5,4
2,1,0,0,0,0,58,3364,1,1,6,1,1,2,,1,2,1,0,,,,,0,1,0,1,0.5,5,3
2,1,0,0,0,0,64,4096,1,1,2,2,1,1,20.0,2,1,1,0,3.0,3.0,2.0,3.0,0,1,0,1,0.5,5,5
2,1,0,0,0,0,18,324,1,1,4,1,1,1,900.0,2,1,6,0,5.0,1.0,1.0,1.0,1,1,1,1,1.0,5,5
2,1,0,0,0,0,44,1936,1,1,4,1,1,1,3000.0,3,5,1,0,5.0,4.0,4.0,4.0,1,1,1,0,0.75,4,4
2,1,0,0,0,0,32,1024,1,1,6,1,1,1,10.0,2,2,7,0,2.0,2.0,1.0,1.0,1,0,1,0,0.5,3,3
2,1,0,1,1,0,33,1089,2,0,8,1,1,1,63.0,3,1,1,0,5.0,3.0,3.0,5.0,0,0,0,0,0.0,5,5
2,1,0,0,1,0,35,1225,1,1,7,1,1,1,761.0,3,4,1,0,4.0,5.0,3.0,4.0,0,0,0,0,0.0,5,5
2,1,0,0,0,0,51,2601,2,0,6,2,2,1,200.0,3,1,1,0,5.0,3.0,4.0,3.0,0,0,1,1,0.5,5,3
2,1,0,0,0,0,61,3721,1,1,1,1,1,1,25000.0,3,1,1,0,5.0,3.0,5.0,5.0,0,0,0,1,0.25,5,5
2,1,0,0,0,0,32,1024,2,0,7,1,1,1,50.0,3,3,1,0,4.0,1.0,5.0,4.0,0,0,0,1,0.25,5,5
2,1,0,0,0,0,50,2500,2,0,4,2,2,1,5.0,3,6,1,0,5.0,5.0,5.0,5.0,0,1,1,0,0.5,5,5
2,1,0,0,0,0,23,529,2,0,6,1,1,2,100.0,2,3,4,0,2.0,3.0,2.0,4.0,0,0,0,1,0.25,4,3
2,1,0,0,0,0,50,2500,1,1,4,1,1,1,82.0,2,1,1,0,4.0,3.0,3.0,4.0,0,1,0,0,0.25,5,5
2,1,0,0,1,0,24,576,1,1,7,1,1,1,1000.0,3,3,7,0,5.0,5.0,3.0,2.0,0,0,1,0,0.25,5,5
2,1,0,0,0,0,41,1681,1,1,7,1,1,2,5000.0,3,2,4,0,4.0,4.0,5.0,5.0,0,0,0,1,0.25,5,5
2,1,0,0,0,0,31,961,2,0,6,1,1,1,190.0,3,3,7,0,4.0,2.0,2.0,2.0,1,1,0,1,0.75,5,4
2,1,0,0,0,0,38,1444,1,1,1,3,1,1,100.0,2,1,7,0,1.0,2.0,2.0,3.0,1,1,1,1,1.0,5,2
2,1,0,0,0,0,55,3025,1,1,4,1,1,1,30.0,2,1,1,0,4.0,4.0,3.0,3.0,1,1,0,0,0.5,4,4
2,1,0,0,1,0,50,2500,1,1,4,1,1,1,,3,3,1,0,4.0,3.0,4.0,3.0,0,0,0,0,0.0,4,3
2,1,0,0,0,0,18,324,2,0,7,1,1,1,200.0,2,1,1,0,2.0,1.0,1.0,1.0,0,0,1,0,0.25,5,5
2,1,0,0,1,0,65,4225,1,1,4,1,1,2,10.0,3,5,7,0,4.0,3.0,4.0,5.0,0,1,1,0,0.5,5,5
2,1,0,1,1,0,35,1225,1,1,4,1,1,1,123.0,3,1,1,0,4.0,3.0,3.0,4.0,1,0,0,1,0.5,5,4
2,1,0,1,0,0,64,4096,1,1,4,1,1,4,20.0,1,5,1,0,,,,,1,1,1,0,0.75,5,4
2,1,0,0,1,0,44,1936,1,1,1,1,1,2,2.0,1,3,1,0,,,,,1,1,1,1,1.0,4,5
2,1,0,0,0,0,18,324,1,1,5,1,1,1,400.0,2,3,7,0,2.0,1.0,2.0,3.0,0,0,1,1,0.5,4,4
2,1,0,0,0,0,44,1936,1,1,4,1,1,1,380.0,3,1,7,0,5.0,2.0,2.0,5.0,1,1,1,0,0.75,5,5
2,1,0,0,0,0,42,1764,1,1,5,1,1,1,567.0,3,3,7,0,5.0,5.0,5.0,4.0,1,0,0,0,0.25,5,5
2,1,0,0,0,0,20,400,1,1,6,1,1,1,1919.0,3,6,7,0,5.0,1.0,1.0,1.0,1,0,0,1,0.5,5,5
2,1,0,1,1,0,20,400,2,0,6,2,1,3,250.0,3,3,1,0,5.0,5.0,5.0,4.0,0,0,0,1,0.25,5,4
2,1,0,0,0,0,39,1521,1,1,3,1,1,1,100.0,2,1,7,0,2.0,2.0,2.0,3.0,0,0,0,0,0.0,5,5
2,1,0,0,0,0,64,4096,1,1,2,1,1,2,10.0,1,1,1,0,,,,,0,1,0,0,0.25,5,5
2,1,0,0,0,0,40,1600,1,1,1,1,1,2,100.0,2,1,7,0,5.0,1.0,1.0,3.0,1,1,1,0,0.75,5,1
2,1,0,0,0,0,48,2304,1,1,5,1,1,1,,2,3,1,0,2.0,1.0,1.0,1.0,0,0,0,0,0.0,4,4
2,1,0,0,0,0,25,625,1,1,4,1,1,1,350.0,2,3,7,0,3.0,2.0,5.0,2.0,1,1,1,1,1.0,4,3
2,1,0,0,0,0,39,1521,1,1,7,1,1,1,60.0,3,3,7,0,2.0,3.0,2.0,3.0,0,0,0,0,0.0,2,3
2,1,0,0,0,0,51,2601,2,0,6,2,2,1,174.0,2,3,7,0,3.0,4.0,5.0,4.0,0,1,1,0,0.5,4,4
2,1,0,0,0,0,64,4096,1,1,4,1,1,1,25.0,2,3,1,0,3.0,3.0,4.0,3.0,0,1,1,1,0.75,5,5
2,1,0,0,0,0,21,441,1,1,6,1,1,1,300.0,3,3,7,0,3.0,1.0,3.0,3.0,0,0,0,0,0.0,5,5
2,1,0,0,0,0,45,2025,1,1,4,1,1,1,,3,1,8,0,3.0,2.0,3.0,3.0,1,1,1,0,0.75,3,3
2,1,0,0,0,0,36,1296,2,0,7,1,1,3,0.0,1,8,1,0,,,,,0,0,1,1,0.5,4,4
2,1,0,1,0,0,50,2500,2,0,4,1,1,1,50.0,3,1,1,0,5.0,2.0,2.0,2.0,0,0,0,1,0.25,5,4
2,1,0,0,0,0,50,2500,1,1,7,1,1,1,126.0,3,3,1,0,4.0,3.0,3.0,4.0,0,1,0,0,0.25,4,4
2,1,0,0,0,0,54,2916,2,0,6,1,1,1,99.0,3,1,8,0,4.0,2.0,4.0,3.0,0,0,0,0,0.0,4,4
2,1,0,0,0,0,57,3249,2,0,8,1,1,3,10.0,2,1,1,0,2.0,1.0,3.0,4.0,1,1,0,0,0.5,4,4
2,1,0,0,0,0,56,3136,1,1,4,1,1,1,15.0,2,1,7,0,3.0,1.0,4.0,2.0,0,0,1,1,0.5,4,5
2,1,0,0,0,0,76,5776,1,1,2,1,1,4,5.0,2,4,1,0,2.0,1.0,1.0,3.0,0,1,1,0,0.5,3,3
2,1,0,0,0,0,41,1681,1,1,5,2,1,1,1000.0,3,1,4,0,5.0,3.0,5.0,5.0,0,0,0,0,0.0,5,5
2,1,0,0,0,0,64,4096,2,0,4,1,1,1,200.0,3,1,7,0,5.0,2.0,2.0,5.0,0,0,0,1,0.25,5,5
2,1,0,0,0,0,43,1849,1,1,4,1,1,1,90.0,3,8,7,0,2.0,2.0,4.0,2.0,0,1,0,0,0.25,2,2
2,1,0,0,0,0,30,900,1,1,4,1,1,1,121.0,3,3,1,0,5.0,1.0,2.0,2.0,0,1,0,0,0.25,5,5
2,1,0,0,0,0,47,2209,1,1,6,1,1,4,90.0,2,1,7,0,3.0,1.0,1.0,3.0,1,0,1,1,0.75,5,5
2,1,0,0,0,0,28,784,2,0,5,1,1,1,20.0,2,3,7,0,2.0,1.0,1.0,1.0,1,0,0,0,0.25,5,4
2,1,0,0,0,0,47,2209,1,1,6,1,1,1,126.0,3,4,7,0,4.0,1.0,2.0,4.0,0,0,0,0,0.0,5,4
2,1,0,0,0,0,30,900,2,0,5,1,2,1,87.0,2,3,7,0,4.0,3.0,3.0,1.0,0,0,0,1,0.25,5,5
2,1,0,0,0,0,32,1024,1,1,6,1,1,1,80.0,3,1,1,0,4.0,3.0,1.0,1.0,0,0,0,0,0.0,4,2
2,1,0,0,0,0,20,400,2,0,1,1,1,3,2.0,1,7,7,0,,,,,1,1,1,1,1.0,5,3
2,1,0,0,0,0,45,2025,1,1,5,2,1,2,52.0,3,3,7,0,5.0,2.0,1.0,1.0,0,0,1,0,0.25,5,5
2,1,0,0,0,0,39,1521,1,1,3,1,1,1,150.0,2,8,1,0,3.0,3.0,3.0,3.0,0,0,0,0,0.0,3,3
2,1,0,0,0,0,39,1521,1,1,1,1,1,1,25.0,3,2,1,0,4.0,4.0,3.0,3.0,0,0,0,0,0.0,4,4
2,1,0,0,0,0,68,4624,1,1,2,1,1,1,18.0,2,1,1,0,4.0,1.0,1.0,1.0,1,1,1,0,0.75,4,3
2,1,0,1,1,0,44,1936,2,0,4,1,1,2,50.0,3,1,7,0,3.0,1.0,2.0,5.0,1,0,1,0,0.5,5,5
2,1,0,0,0,0,50,2500,2,0,1,1,1,1,80.0,2,1,7,0,4.0,3.0,3.0,5.0,1,1,1,1,1.0,5,5
2,1,0,0,1,0,39,1521,1,1,3,1,1,2,250.0,3,1,1,0,4.0,1.0,1.0,1.0,1,0,1,1,0.75,5,2
2,1,0,0,0,0,69,4761,1,1,4,1,1,1,49.0,2,5,1,0,3.0,2.0,2.0,2.0,1,1,1,1,1.0,5,5
2,1,0,0,0,0,41,1681,1,1,5,1,1,3,100.0,2,8,7,0,4.0,2.0,2.0,2.0,1,1,1,1,1.0,4,2
2,1,0,1,1,0,37,1369,1,1,7,1,2,1,112.0,3,3,1,0,4.0,2.0,5.0,4.0,0,0,0,0,0.0,4,3
2,1,0,0,0,0,34,1156,2,0,6,1,1,4,70.0,2,1,7,0,3.0,2.0,3.0,3.0,0,0,0,0,0.0,4,4
2,1,0,0,0,0,69,4761,2,0,2,1,1,1,50.0,2,3,6,0,2.0,2.0,2.0,3.0,1,1,1,1,1.0,4,4
2,1,0,1,0,0,57,3249,2,0,6,1,2,1,200.0,2,1,1,0,5.0,3.0,3.0,5.0,1,1,1,1,1.0,5,5
2,1,0,1,0,0,22,484,1,1,1,1,1,1,60.0,3,3,7,0,1.0,2.0,3.0,4.0,1,0,0,0,0.25,5,4
2,1,0,0,0,0,46,2116,2,0,4,1,1,1,10.0,2,3,1,0,3.0,3.0,3.0,3.0,1,1,1,1,1.0,4,5
2,1,0,0,0,0,65,4225,2,0,1,1,1,1,30.0,3,1,7,0,4.0,2.0,1.0,4.0,1,1,1,1,1.0,5,5
2,1,0,1,0,0,70,4900,1,1,7,1,1,1,120.0,3,1,1,0,3.0,1.0,3.0,4.0,0,0,1,0,0.25,5,5
2,1,0,1,1,0,20,400,1,1,7,1,1,1,240.0,3,3,7,0,3.0,4.0,5.0,3.0,0,0,0,0,0.0,3,3
2,1,0,0,0,0,71,5041,1,1,4,1,1,2,28.0,2,1,7,0,3.0,2.0,3.0,3.0,0,1,1,0,0.5,3,4
2,1,0,0,0,0,53,2809,1,1,4,1,1,2,50.0,2,1,3,0,2.0,2.0,2.0,2.0,1,1,1,0,0.75,5,5
2,1,0,1,1,0,33,1089,1,1,6,1,1,1,2457.0,3,1,1,0,3.0,3.0,3.0,4.0,0,0,0,0,0.0,4,4
2,1,0,0,0,0,32,1024,2,0,4,1,1,1,80.0,2,1,1,0,3.0,2.0,3.0,5.0,1,0,1,1,0.75,5,3
2,1,0,0,0,0,49,2401,1,1,4,2,2,2,22.0,2,8,4,0,2.0,1.0,1.0,2.0,1,0,1,1,0.75,3,2
2,1,0,1,0,0,25,625,1,1,6,1,1,1,100.0,2,3,1,0,2.0,2.0,2.0,3.0,0,0,0,0,0.0,2,2
2,1,0,0,0,0,63,3969,2,0,3,1,1,4,15.0,2,1,2,1,4.0,2.0,5.0,4.0,0,0,1,0,0.25,5,5
2,1,0,0,0,0,28,784,2,0,5,1,1,1,60.0,2,8,7,0,1.0,1.0,1.0,1.0,1,1,1,1,1.0,5,4
2,1,0,0,0,0,37,1369,2,0,5,2,2,4,20.0,2,1,7,0,4.0,2.0,3.0,2.0,0,0,1,1,0.5,5,5
2,1,0,1,0,0,39,1521,1,1,8,1,1,1,400.0,3,8,1,0,2.0,2.0,1.0,3.0,0,0,0,0,0.0,5,5
2,1,0,1,0,0,31,961,1,1,7,1,2,1,200.0,2,1,7,0,4.0,1.0,3.0,2.0,1,1,0,0,0.5,2,2
2,1,0,0,0,0,30,900,2,0,7,1,1,1,70.0,3,9,7,0,5.0,3.0,3.0,4.0,0,1,1,1,0.75,5,3
2,1,0,0,0,0,39,1521,1,1,7,3,3,4,0.0,2,3,7,0,1.0,1.0,1.0,1.0,0,0,1,1,0.5,5,4
2,1,0,1,1,0,30,900,1,1,4,2,1,1,100.0,3,3,7,0,4.0,3.0,2.0,4.0,0,0,0,0,0.0,4,3
2,1,0,0,0,0,28,784,2,0,3,1,1,1,150.0,3,1,7,0,5.0,5.0,3.0,3.0,0,1,1,1,0.75,5,5
2,1,0,0,0,0,28,784,2,0,2,2,1,1,98.0,3,3,7,0,5.0,5.0,4.0,4.0,1,1,1,1,1.0,5,5
2,1,0,0,0,0,27,729,2,0,5,3,1,1,80.0,3,8,7,0,1.0,1.0,1.0,1.0,1,1,1,1,1.0,1,1
2,1,0,0,0,0,30,900,2,0,5,1,1,1,40.0,3,3,1,0,2.0,2.0,4.0,1.0,1,1,1,1,1.0,5,3
2,1,0,0,0,0,35,1225,1,1,4,1,1,2,80.0,2,5,2,1,4.0,3.0,4.0,2.0,1,1,1,0,0.75,3,3
2,1,0,0,0,0,59,3481,1,1,5,1,1,1,50.0,3,3,7,0,4.0,3.0,2.0,4.0,1,1,1,1,1.0,5,3
2,1,0,0,0,0,40,1600,1,1,4,1,1,1,30.0,2,1,7,0,4.0,2.0,1.0,3.0,1,0,1,1,0.75,5,5
2,1,0,0,0,0,43,1849,2,0,1,1,1,1,2.0,3,3,1,0,3.0,2.0,4.0,4.0,0,0,1,0,0.25,5,4
2,1,0,0,0,0,65,4225,2,0,3,2,2,1,50.0,3,1,1,0,4.0,1.0,1.0,5.0,0,1,1,1,0.75,5,5
2,1,0,0,0,0,65,4225,2,0,2,1,1,1,10.0,2,3,1,0,3.0,4.0,3.0,3.0,1,1,1,1,1.0,5,5
2,1,0,0,0,0,67,4489,2,0,4,2,2,2,10.0,3,1,1,0,3.0,1.0,1.0,3.0,0,1,1,1,0.75,4,4
2,1,0,0,0,0,71,5041,1,1,4,2,2,2,5.0,2,3,7,0,3.0,1.0,1.0,3.0,0,1,1,0,0.5,5,5
2,1,0,0,0,0,75,5625,1,1,4,1,1,3,5.0,2,1,1,0,2.0,2.0,2.0,1.0,1,1,1,1,1.0,2,2
2,1,0,0,0,0,71,5041,2,0,5,1,1,1,20.0,2,8,1,0,4.0,2.0,1.0,3.0,0,1,0,1,0.5,5,5
2,1,0,0,0,0,42,1764,1,1,1,2,2,1,75.0,3,1,4,0,4.0,3.0,2.0,2.0,0,0,0,0,0.0,4,2
2,1,0,0,0,0,72,5184,2,0,2,1,1,2,35.0,2,1,1,0,3.0,3.0,4.0,4.0,0,0,1,0,0.25,5,5
2,1,0,0,0,0,36,1296,2,0,4,1,1,1,148.0,2,3,7,0,3.0,2.0,2.0,2.0,0,0,0,0,0.0,5,5
2,1,0,0,0,0,65,4225,2,0,1,1,1,2,20.0,2,1,1,0,3.0,2.0,2.0,3.0,0,1,1,1,0.75,4,3
2,1,0,0,0,0,53,2809,2,0,3,1,1,1,32.0,2,1,7,0,2.0,2.0,2.0,2.0,1,1,0,0,0.5,4,4
2,1,0,0,0,0,69,4761,1,1,4,1,1,1,50.0,3,3,7,0,4.0,3.0,4.0,4.0,0,0,1,0,0.25,5,4
2,1,0,0,0,0,51,2601,2,0,1,1,1,1,120.0,3,3,7,0,5.0,5.0,5.0,5.0,1,1,1,0,0.75,5,4
2,1,0,0,0,0,29,841,1,1,9,1,2,1,345.0,2,3,1,0,4.0,4.0,3.0,2.0,0,0,0,0,0.0,5,4
2,1,0,0,0,0,56,3136,1,1,3,1,1,2,100.0,1,1,1,0,,,,,1,1,1,1,1.0,5,5
2,1,0,0,0,0,68,4624,2,0,6,1,1,2,30.0,2,1,1,0,3.0,1.0,3.0,4.0,0,1,1,1,0.75,4,4
2,1,0,0,0,0,38,1444,2,0,4,1,1,1,80.0,3,3,7,0,4.0,3.0,4.0,3.0,0,0,1,1,0.5,5,5
2,1,0,0,0,0,39,1521,2,0,3,1,1,3,50.0,2,1,1,0,2.0,2.0,2.0,2.0,0,0,1,1,0.5,5,5
2,1,0,0,0,0,30,900,2,0,3,1,1,1,179.0,2,3,7,0,1.0,1.0,1.0,1.0,0,0,1,1,0.5,3,3
2,1,0,0,1,0,48,2304,2,0,8,2,2,1,15.0,3,3,4,0,4.0,3.0,3.0,4.0,0,0,1,1,0.5,5,4
2,1,0,0,0,0,67,4489,2,0,4,1,1,2,10.0,2,2,1,0,3.0,1.0,1.0,2.0,0,0,1,0,0.25,5,4
2,1,0,1,0,0,62,3844,1,1,5,1,1,2,100.0,3,3,1,0,4.0,4.0,3.0,3.0,0,0,0,0,0.0,3,4
2,1,0,0,0,0,74,5476,2,0,2,1,1,3,0.0,1,3,1,0,,,,,0,1,0,1,0.5,5,5
2,1,0,0,0,0,53,2809,2,0,5,1,1,1,10.0,3,1,1,0,2.0,2.0,2.0,2.0,0,1,1,0,0.5,5,4
2,1,0,0,0,0,54,2916,1,1,4,1,1,1,85.0,2,3,7,0,4.0,4.0,4.0,4.0,1,1,1,1,1.0,5,5
2,1,0,1,0,0,46,2116,1,1,5,1,1,1,80.0,2,3,7,0,3.0,3.0,4.0,4.0,1,1,1,1,1.0,4,3
2,1,0,0,0,0,49,2401,1,1,5,1,1,1,267.0,3,1,1,0,2.0,1.0,1.0,3.0,0,1,0,0,0.25,3,2
2,1,0,0,0,0,31,961,1,1,5,1,1,1,129.0,3,1,7,0,4.0,3.0,4.0,3.0,0,0,0,1,0.25,5,5
2,1,0,0,0,0,51,2601,2,0,1,1,1,2,105.0,3,1,7,0,4.0,4.0,2.0,4.0,0,0,1,0,0.25,4,5
2,1,0,1,0,0,32,1024,1,1,2,2,2,1,767779018.0,1,3,4,0,,,,,0,0,0,0,0.0,4,5
2,1,0,0,0,0,47,2209,2,0,4,1,1,1,20.0,3,1,1,0,5.0,1.0,1.0,5.0,0,1,0,1,0.5,5,5
2,1,0,0,0,0,50,2500,2,0,3,1,1,1,50.0,2,5,7,0,2.0,1.0,1.0,1.0,0,1,1,1,0.75,5,4
2,1,0,0,0,0,19,361,2,0,4,1,1,2,200.0,2,1,7,0,3.0,2.0,1.0,2.0,0,0,1,1,0.5,5,5
2,1,0,1,1,0,47,2209,2,0,7,1,1,1,109.0,3,1,4,0,5.0,5.0,5.0,4.0,0,0,0,0,0.0,5,5
2,1,0,0,1,0,51,2601,1,1,3,1,2,1,150.0,3,1,7,0,5.0,3.0,5.0,5.0,0,1,1,0,0.5,5,5
2,1,0,0,0,0,73,5329,2,0,3,1,1,1,25.0,3,3,1,0,5.0,2.0,3.0,4.0,0,1,0,0,0.25,5,3
2,1,0,0,0,0,33,1089,2,0,5,1,1,1,100.0,3,1,6,0,4.0,1.0,5.0,2.0,1,0,1,1,0.75,5,5
2,1,0,0,0,0,65,4225,1,1,4,1,1,1,200.0,3,6,1,0,5.0,3.0,4.0,5.0,0,1,1,1,0.75,4,4
2,1,0,0,0,0,32,1024,1,1,7,1,1,1,1000.0,2,3,8,0,2.0,4.0,5.0,4.0,1,0,0,1,0.5,5,5
2,1,0,0,0,0,55,3025,1,1,4,1,1,2,80.0,2,7,1,0,4.0,2.0,1.0,2.0,0,0,0,0,0.0,5,5
2,1,0,0,0,0,25,625,1,1,2,1,2,1,1200.0,3,1,4,0,4.0,1.0,2.0,3.0,0,0,1,1,0.5,5,5
2,1,0,0,0,0,58,3364,1,1,3,1,1,3,10.0,2,5,7,0,2.0,2.0,2.0,2.0,0,1,1,1,0.75,3,3
2,1,0,0,0,0,66,4356,1,1,6,1,1,1,40.0,3,4,7,0,2.0,2.0,3.0,3.0,0,1,0,0,0.25,4,3
2,1,0,0,0,0,72,5184,2,0,1,1,1,1,80.0,3,1,2,1,5.0,2.0,4.0,5.0,0,0,0,0,0.0,5,5
2,1,0,0,0,0,36,1296,1,1,3,1,1,4,8.0,1,3,7,0,,,,,1,1,1,1,1.0,1,1
2,1,0,0,0,0,24,576,2,0,3,1,1,1,250.0,3,1,1,0,4.0,2.0,4.0,3.0,1,1,1,1,1.0,4,3
2,1,0,0,0,0,71,5041,1,1,3,1,1,2,25.0,2,5,1,0,1.0,1.0,1.0,1.0,0,1,1,0,0.5,4,4
2,1,0,0,0,0,65,4225,1,1,2,1,1,3,100.0,2,5,1,0,4.0,2.0,4.0,4.0,0,0,0,0,0.0,5,4
2,1,0,0,0,0,81,6561,2,0,3,1,1,3,20.0,2,8,1,0,3.0,2.0,3.0,3.0,0,1,0,0,0.25,5,5
2,1,0,0,0,0,50,2500,1,1,1,2,2,1,140.0,2,1,1,0,3.0,3.0,3.0,3.0,0,1,1,0,0.5,5,5
2,1,0,0,0,0,56,3136,1,1,6,1,1,1,55.0,3,1,7,0,3.0,3.0,3.0,4.0,0,0,0,1,0.25,3,2
2,1,0,1,0,0,73,5329,1,1,8,1,1,1,100.0,2,3,1,0,3.0,2.0,3.0,4.0,1,1,1,1,1.0,5,5
2,1,0,0,0,0,44,1936,2,0,3,1,1,1,74.0,3,1,7,0,4.0,1.0,1.0,4.0,1,1,1,1,1.0,4,4
2,1,0,0,0,0,40,1600,2,0,4,1,1,1,690.0,2,1,7,0,3.0,2.0,2.0,4.0,1,0,0,0,0.25,5,2
2,1,0,0,0,0,52,2704,1,1,1,2,2,1,200.0,3,3,1,0,5.0,4.0,5.0,3.0,0,1,1,0,0.5,5,5
2,1,0,0,0,0,55,3025,2,0,5,1,1,2,,1,1,7,0,,,,,0,1,1,1,0.75,4,4
2,1,0,0,1,0,28,784,2,0,3,2,2,4,1000.0,1,3,4,0,,,,,1,1,1,0,0.75,5,3
2,1,0,0,0,0,40,1600,1,1,5,1,1,1,6.0,3,1,1,0,3.0,1.0,1.0,2.0,1,1,1,1,1.0,4,4
2,1,0,1,1,0,37,1369,2,0,7,1,1,1,211.0,3,3,1,0,4.0,4.0,4.0,4.0,0,0,0,0,0.0,4,4
2,1,0,0,1,0,64,4096,1,1,8,1,1,1,273.0,3,1,7,0,5.0,3.0,3.0,5.0,0,1,0,0,0.25,5,4
2,1,0,0,0,0,64,4096,2,0,6,1,1,3,30.0,1,1,7,0,,,,,0,0,1,1,0.5,5,3
2,1,0,0,1,0,54,2916,1,1,3,1,1,2,60.0,3,3,7,0,3.0,3.0,3.0,3.0,0,1,1,0,0.5,4,4
2,1,0,0,0,0,30,900,1,1,8,1,1,1,14.0,3,3,1,0,5.0,4.0,5.0,3.0,0,0,0,0,0.0,4,3
2,1,0,0,0,0,58,3364,2,0,2,2,2,1,40.0,2,1,1,0,4.0,1.0,1.0,3.0,1,0,0,0,0.25,4,4
2,1,0,0,0,0,65,4225,2,0,3,2,1,2,4.0,1,1,1,0,,,,,0,1,1,0,0.5,5,5
2,1,0,0,0,0,48,2304,2,0,7,2,2,1,286.0,3,1,1,0,5.0,4.0,4.0,4.0,0,0,0,0,0.0,5,5
2,1,0,0,0,0,52,2704,2,0,8,1,1,1,162.0,2,1,7,0,4.0,2.0,3.0,3.0,0,1,0,1,0.5,5,5
2,1,0,0,0,0,49,2401,1,1,4,1,1,2,10.0,2,1,1,0,4.0,1.0,2.0,2.0,1,0,1,0,0.5,5,4
2,1,0,0,0,0,47,2209,1,1,1,1,1,1,15.0,2,1,7,0,2.0,1.0,1.0,2.0,1,1,0,1,0.75,5,1
2,1,0,0,1,0,50,2500,2,0,5,1,1,1,1000.0,3,5,7,0,4.0,2.0,5.0,5.0,0,1,1,0,0.5,5,3
2,1,0,0,0,0,46,2116,2,0,1,2,2,4,10.0,1,1,1,0,,,,,0,0,1,1,0.5,5,4
2,1,0,1,0,0,30,900,2,0,3,1,1,1,200.0,3,3,7,0,3.0,3.0,3.0,4.0,0,0,0,0,0.0,3,3
2,1,0,1,0,0,62,3844,2,0,4,1,1,1,200.0,3,3,7,0,5.0,2.0,3.0,5.0,0,1,0,1,0.5,5,5
2,1,0,0,0,0,47,2209,2,0,7,2,1,3,300.0,3,3,7,0,3.0,2.0,1.0,1.0,0,0,1,1,0.5,3,3
2,1,0,0,0,0,43,1849,1,1,3,1,1,3,30.0,2,3,5,0,2.0,2.0,2.0,2.0,0,1,0,1,0.5,4,2
2,1,0,0,0,0,64,4096,1,1,3,1,1,1,60.0,2,1,1,0,4.0,3.0,3.0,3.0,0,0,0,0,0.0,4,4
2,1,0,0,0,0,73,5329,1,1,7,1,1,1,15.0,2,3,1,0,3.0,2.0,1.0,2.0,0,1,0,0,0.25,4,2
2,1,0,0,0,0,30,900,2,0,5,1,1,1,150.0,2,8,7,0,4.0,4.0,3.0,4.0,1,1,1,1,1.0,2,3
2,1,0,0,0,0,55,3025,1,1,5,2,2,1,20.0,2,3,1,0,5.0,1.0,1.0,1.0,1,1,1,1,1.0,5,5
2,1,0,0,0,0,30,900,1,1,6,2,1,1,200.0,3,1,4,0,4.0,4.0,5.0,5.0,0,0,0,0,0.0,5,4
2,1,0,0,0,0,41,1681,1,1,7,1,1,2,3.0,1,1,1,0,,,,,0,0,1,1,0.5,5,5
2,1,0,0,1,0,54,2916,1,1,5,1,1,2,4.0,2,1,7,0,2.0,1.0,1.0,2.0,0,1,1,0,0.5,3,3
2,1,0,0,0,0,57,3249,2,0,3,1,1,2,5.0,2,1,1,0,3.0,3.0,5.0,2.0,0,1,1,0,0.5,5,3
2,1,0,0,0,0,42,1764,1,1,2,1,1,1,46.0,2,3,1,0,3.0,4.0,5.0,5.0,0,0,0,0,0.0,5,5
2,1,0,0,0,0,27,729,2,0,3,1,1,2,550.0,3,1,7,0,5.0,5.0,5.0,4.0,0,0,0,0,0.0,5,5
2,1,0,0,1,0,33,1089,2,0,1,1,1,1,307.0,3,8,7,0,5.0,3.0,2.0,2.0,1,1,1,1,1.0,5,5
2,1,0,0,0,0,46,2116,1,1,5,1,1,1,250.0,3,3,7,0,2.0,2.0,2.0,5.0,1,1,1,1,1.0,5,2
2,1,0,0,0,0,29,841,1,1,1,1,1,2,74.0,2,1,7,0,3.0,2.0,2.0,2.0,1,0,0,0,0.25,5,4
2,1,0,0,0,0,42,1764,2,0,1,1,1,1,20.0,2,1,7,0,5.0,1.0,1.0,5.0,1,0,1,1,0.75,5,5
2,1,0,0,0,0,59,3481,2,0,3,1,1,3,210.0,2,1,1,0,3.0,2.0,2.0,2.0,0,1,0,1,0.5,5,3
2,1,0,0,0,0,34,1156,1,1,1,1,1,3,35.0,3,7,1,0,3.0,1.0,1.0,1.0,1,1,1,0,0.75,3,3
2,1,0,0,0,0,37,1369,2,0,9,3,3,2,898.0,2,3,8,0,4.0,5.0,2.0,2.0,0,0,0,1,0.25,3,4
2,1,0,0,0,0,39,1521,2,0,5,1,2,1,327.0,3,1,7,0,5.0,1.0,4.0,2.0,0,1,1,1,0.75,5,5
2,1,0,0,0,0,45,2025,2,0,5,2,2,1,150.0,2,1,2,1,3.0,1.0,3.0,3.0,0,0,0,0,0.0,3,3
2,1,0,0,0,0,58,3364,2,0,4,1,1,2,21.0,2,1,7,0,3.0,1.0,1.0,3.0,1,1,1,1,1.0,3,3
2,1,0,0,0,0,64,4096,1,1,5,1,1,1,97.0,3,1,1,0,2.0,1.0,5.0,4.0,1,1,1,0,0.75,5,5
2,1,0,0,0,0,40,1600,1,1,5,1,1,1,3.0,2,1,7,0,2.0,1.0,1.0,1.0,1,1,1,1,1.0,4,3
2,1,0,0,0,0,59,3481,1,1,1,1,1,1,150.0,3,1,7,0,3.0,1.0,3.0,3.0,1,1,1,1,1.0,4,4
2,1,0,0,0,0,26,676,2,0,4,1,1,1,80.0,2,1,1,0,3.0,2.0,1.0,1.0,1,0,1,1,0.75,5,5
2,1,0,0,0,0,53,2809,2,0,5,1,1,1,6.0,1,1,1,0,,,,,1,1,0,1,0.75,5,5
2,1,0,0,0,0,58,3364,1,1,3,1,1,1,45.0,2,2,7,0,4.0,2.0,3.0,3.0,0,1,1,1,0.75,4,2
2,1,0,0,0,0,48,2304,2,0,8,1,1,1,80.0,3,3,7,0,4.0,3.0,5.0,5.0,0,1,0,0,0.25,5,5
2,1,0,0,0,0,62,3844,1,1,4,1,1,1,40.0,3,1,1,0,5.0,4.0,3.0,2.0,0,1,1,0,0.5,5,5
2,1,0,0,0,0,60,3600,1,1,4,1,1,2,2500.0,2,5,7,0,2.0,2.0,2.0,2.0,1,1,1,0,0.75,4,4
2,1,0,0,0,0,28,784,2,0,6,1,1,1,200.0,2,1,7,0,4.0,1.0,2.0,2.0,0,0,0,0,0.0,5,5
2,1,0,0,0,0,56,3136,2,0,5,1,1,1,120.0,2,1,1,0,2.0,2.0,1.0,2.0,0,1,1,1,0.75,4,4
2,1,0,0,0,0,48,2304,2,0,5,1,1,5,,2,8,1,0,3.0,2.0,1.0,1.0,1,0,1,1,0.75,4,3
2,1,0,0,0,0,52,2704,1,1,4,1,1,3,2.0,1,6,1,0,,,,,1,1,1,1,1.0,5,4
2,1,0,0,0,0,60,3600,2,0,2,1,1,1,100.0,3,1,7,0,4.0,3.0,3.0,4.0,1,1,1,1,1.0,5,5
2,1,0,0,0,0,63,3969,1,1,3,1,1,1,30.0,2,5,7,0,4.0,1.0,1.0,2.0,1,1,1,1,1.0,4,2
2,1,0,0,0,0,72,5184,1,1,4,1,1,2,15.0,2,5,1,0,2.0,1.0,2.0,2.0,0,1,1,1,0.75,5,4
2,1,0,1,0,0,63,3969,1,1,4,1,1,1,20.0,2,6,1,0,1.0,1.0,1.0,1.0,1,1,1,0,0.75,3,2
2,1,0,1,1,0,46,2116,2,0,5,1,1,2,20.0,2,8,1,0,1.0,1.0,1.0,1.0,1,1,1,1,1.0,5,5
2,1,0,1,0,0,52,2704,2,0,3,1,1,1,441.0,3,1,1,0,4.0,1.0,1.0,4.0,1,1,1,0,0.75,4,1
2,1,0,0,0,0,49,2401,1,1,5,1,1,1,45.0,3,1,1,0,4.0,3.0,5.0,3.0,1,0,1,0,0.5,5,4
2,1,0,0,0,0,45,2025,2,0,3,1,1,1,50.0,3,8,7,0,4.0,3.0,2.0,3.0,1,1,0,1,0.75,4,3
2,1,0,0,0,0,30,900,2,0,7,1,1,1,356.0,3,3,1,0,3.0,2.0,3.0,4.0,0,0,0,0,0.0,5,5
2,1,0,0,0,0,69,4761,2,0,7,1,1,1,10.0,3,1,1,0,4.0,3.0,5.0,4.0,1,1,1,0,0.75,5,4
2,1,0,0,0,0,68,4624,1,1,9,1,1,3,30.0,2,4,1,0,2.0,2.0,2.0,2.0,0,1,0,0,0.25,2,2
2,1,0,0,0,0,54,2916,2,0,8,1,1,1,90.0,3,3,8,0,3.0,2.0,3.0,2.0,0,0,0,1,0.25,5,4
2,1,0,0,0,0,53,2809,1,1,4,1,1,1,50.0,2,1,1,0,3.0,3.0,3.0,3.0,1,1,1,1,1.0,4,4
2,1,0,0,0,0,35,1225,1,1,9,1,1,1,150.0,2,1,1,0,4.0,3.0,3.0,3.0,1,1,1,1,1.0,4,4
2,1,0,0,0,0,61,3721,2,0,7,1,1,1,390.0,3,7,1,0,5.0,5.0,5.0,5.0,1,1,0,0,0.5,5,5
2,1,0,0,0,0,41,1681,2,0,6,1,1,1,41.0,3,1,7,0,4.0,2.0,2.0,3.0,1,1,1,1,1.0,5,4
2,1,0,0,0,0,45,2025,1,1,9,1,1,2,20.0,2,1,1,0,4.0,4.0,4.0,4.0,0,0,0,0,0.0,4,4
2,1,0,0,0,0,30,900,2,0,4,1,1,1,60.0,3,3,1,0,4.0,3.0,3.0,3.0,0,0,0,0,0.0,4,4
2,1,0,0,1,0,60,3600,1,1,5,2,1,2,95.0,2,1,7,0,4.0,1.0,3.0,3.0,0,1,1,0,0.5,5,5
2,1,0,0,0,0,49,2401,1,1,4,1,1,2,5.0,2,1,7,0,1.0,1.0,1.0,1.0,1,1,1,1,1.0,5,5
2,1,0,0,0,0,53,2809,2,0,3,1,1,2,4.0,1,1,1,0,,,,,1,0,1,1,0.75,5,4
2,1,0,0,0,0,69,4761,2,0,3,1,1,3,20.0,1,1,1,0,,,,,1,1,1,0,0.75,4,4
2,1,0,0,0,0,40,1600,1,1,6,1,1,1,100.0,2,1,1,0,4.0,3.0,3.0,4.0,0,0,0,0,0.0,3,3
2,1,0,0,0,0,33,1089,2,0,6,1,1,1,367.0,3,1,7,0,4.0,1.0,1.0,2.0,1,1,1,0,0.75,5,3
2,1,0,0,0,0,62,3844,2,0,7,1,1,1,20.0,3,1,1,0,3.0,2.0,1.0,4.0,0,1,0,1,0.5,5,5
2,1,0,0,1,0,27,729,2,0,8,1,1,1,247.0,3,1,7,0,5.0,3.0,5.0,5.0,1,1,1,1,1.0,5,5
2,1,0,0,0,0,62,3844,1,1,8,1,1,1,12.0,2,1,7,0,4.0,1.0,1.0,2.0,1,1,1,1,1.0,5,5
2,1,0,0,0,0,36,1296,2,0,8,1,1,1,70.0,3,1,7,0,5.0,4.0,4.0,4.0,1,1,1,1,1.0,4,4
2,1,0,1,0,0,18,324,2,0,7,1,1,1,196.0,3,3,7,0,5.0,3.0,4.0,4.0,1,0,0,1,0.5,5,5
2,1,0,0,0,0,42,1764,2,0,7,2,2,4,50.0,2,8,1,0,2.0,2.0,2.0,2.0,1,1,1,1,1.0,4,3
2,1,0,0,0,0,47,2209,2,0,9,1,1,1,105.0,3,2,7,0,3.0,1.0,1.0,1.0,0,1,0,0,0.25,4,4
2,1,0,0,0,0,26,676,1,1,9,1,1,1,100.0,3,1,4,0,5.0,2.0,1.0,5.0,0,1,0,1,0.5,5,4
2,1,0,1,0,0,57,3249,1,1,7,1,1,3,60.0,3,5,1,0,3.0,1.0,3.0,3.0,1,1,1,1,1.0,1,1
2,1,0,0,1,0,57,3249,2,0,9,1,1,1,82.0,3,1,7,0,4.0,2.0,1.0,3.0,1,1,1,1,1.0,4,4
2,1,0,0,1,0,69,4761,2,0,7,1,1,2,5.0,2,1,7,0,5.0,1.0,1.0,2.0,0,0,1,0,0.25,5,5
2,1,0,1,0,0,28,784,2,0,9,1,1,1,400.0,3,3,3,0,4.0,4.0,3.0,3.0,0,0,0,0,0.0,4,5
2,1,0,0,0,0,39,1521,2,0,6,1,1,2,150.0,2,1,7,0,4.0,1.0,1.0,1.0,0,1,1,0,0.5,5,4
2,1,0,0,1,0,28,784,2,0,7,1,1,2,39.0,3,3,7,0,3.0,4.0,4.0,4.0,0,0,0,1,0.25,5,4
2,1,0,0,0,0,62,3844,1,1,4,1,1,3,20.0,2,1,1,0,1.0,1.0,1.0,2.0,1,0,1,1,0.75,4,1
2,1,0,0,0,0,31,961,2,0,7,1,1,1,68.0,2,1,7,0,3.0,1.0,1.0,1.0,0,1,1,1,0.75,3,3
2,1,0,0,1,0,31,961,1,1,5,1,1,1,100.0,3,4,7,0,5.0,4.0,4.0,5.0,0,0,1,0,0.25,5,5
2,1,0,0,0,0,54,2916,2,0,4,1,1,1,45.0,1,1,1,0,,,,,1,1,1,1,1.0,2,2
2,1,0,1,0,0,44,1936,1,1,9,1,1,1,45.0,3,3,1,0,4.0,3.0,4.0,5.0,0,1,1,0,0.5,5,4
2,1,0,0,0,0,50,2500,2,0,8,1,1,1,10.0,2,1,1,0,3.0,3.0,4.0,3.0,1,1,1,0,0.75,5,4
2,1,0,0,0,0,36,1296,2,0,8,2,1,1,182.0,3,5,7,0,4.0,1.0,1.0,3.0,0,0,1,1,0.5,5,5
2,1,0,0,0,0,65,4225,1,1,3,1,1,3,8.0,2,1,1,0,2.0,1.0,2.0,2.0,1,1,1,1,1.0,4,3
2,1,0,0,0,0,20,400,1,1,4,1,1,1,120.0,2,3,8,0,3.0,1.0,2.0,2.0,1,1,0,1,0.75,5,2
2,1,0,0,1,0,47,2209,1,1,9,2,2,2,50.0,3,3,1,0,5.0,2.0,3.0,1.0,0,1,1,1,0.75,5,1
2,1,0,0,0,0,55,3025,1,1,9,1,1,3,20.0,2,3,7,0,4.0,2.0,1.0,3.0,1,1,1,1,1.0,5,4
2,1,0,0,0,0,27,729,2,0,4,1,1,4,20.0,1,7,1,0,,,,,0,0,0,0,0.0,4,4
2,1,0,0,0,0,34,1156,2,0,4,1,1,1,19.0,2,1,1,0,2.0,1.0,2.0,1.0,0,1,0,1,0.5,5,5
2,1,0,0,0,0,42,1764,1,1,6,2,1,2,32.0,2,1,8,0,3.0,2.0,3.0,3.0,0,0,1,1,0.5,4,4
2,1,0,0,1,0,29,841,2,0,8,1,1,1,253.0,3,3,1,0,4.0,1.0,1.0,1.0,0,0,1,0,0.25,5,5
2,1,0,0,1,0,72,5184,1,1,6,1,1,2,300.0,2,4,1,0,3.0,3.0,2.0,4.0,0,1,0,0,0.25,5,5
2,1,0,0,0,0,49,2401,2,0,8,2,2,1,40.0,2,1,1,0,3.0,3.0,2.0,3.0,1,0,1,0,0.5,3,3
2,1,0,1,0,0,65,4225,2,0,7,1,1,1,30.0,3,1,1,0,5.0,2.0,5.0,5.0,1,1,0,1,0.75,5,5
2,1,0,0,0,0,44,1936,2,0,5,1,2,1,60.0,3,1,7,0,5.0,1.0,1.0,1.0,1,1,1,1,1.0,5,5
2,1,0,0,0,0,34,1156,2,0,5,1,1,1,125.0,3,3,7,0,3.0,1.0,2.0,3.0,0,1,1,1,0.75,4,2
2,1,0,0,1,0,26,676,2,0,6,2,1,1,124.0,3,3,7,0,4.0,3.0,5.0,4.0,0,0,1,1,0.5,5,5
2,1,0,0,0,0,70,4900,1,1,7,1,1,1,20.0,3,1,1,0,5.0,1.0,1.0,3.0,1,1,1,1,1.0,4,5
2,1,0,1,1,0,40,1600,2,0,7,1,1,1,143.0,3,6,6,0,5.0,4.0,4.0,4.0,0,1,1,0,0.5,5,4
2,1,0,0,0,0,33,1089,1,1,9,1,1,1,200.0,3,2,1,0,4.0,3.0,4.0,4.0,1,1,1,0,0.75,5,4
2,1,0,0,0,0,40,1600,2,0,8,1,1,1,120.0,2,1,1,0,4.0,2.0,4.0,3.0,1,1,1,1,1.0,4,3
2,1,0,0,0,0,24,576,2,0,8,1,1,2,50.0,2,1,7,0,2.0,3.0,3.0,3.0,0,0,0,0,0.0,4,4
2,1,0,1,0,0,43,1849,2,0,8,1,1,3,30.0,2,1,1,0,4.0,3.0,4.0,2.0,1,1,1,1,1.0,3,2
2,1,0,0,0,0,45,2025,2,0,7,1,1,1,50.0,3,1,1,0,4.0,3.0,3.0,3.0,1,1,1,1,1.0,5,5
2,1,0,0,0,0,26,676,1,1,9,1,1,1,200.0,2,1,8,0,3.0,3.0,3.0,3.0,0,0,0,0,0.0,3,3
2,1,0,0,0,0,38,1444,2,0,5,1,1,1,432.0,3,1,1,0,4.0,4.0,4.0,2.0,0,0,0,1,0.25,4,4
2,1,0,0,0,0,36,1296,1,1,7,2,1,1,150.0,3,1,7,0,4.0,1.0,2.0,5.0,0,0,0,0,0.0,5,5
2,1,0,0,1,0,37,1369,1,1,9,2,2,1,120.0,3,1,4,0,4.0,4.0,4.0,4.0,0,0,0,0,0.0,3,3
2,1,0,0,0,0,30,900,1,1,9,1,1,1,1500.0,3,1,1,0,3.0,2.0,3.0,4.0,0,0,0,0,0.0,4,3
2,1,0,0,0,0,32,1024,2,0,8,2,2,1,749.0,3,3,6,0,3.0,4.0,4.0,3.0,0,1,0,1,0.5,4,3
2,1,0,0,0,0,29,841,2,0,6,1,1,1,80.0,2,3,8,0,2.0,2.0,2.0,2.0,1,1,1,1,1.0,3,3
2,1,0,0,0,0,19,361,2,0,7,1,1,1,653.0,1,3,7,0,,,,,0,1,0,1,0.5,4,3
2,1,0,0,0,0,37,1369,2,0,8,1,1,1,20.0,2,1,7,0,3.0,3.0,2.0,3.0,0,0,0,1,0.25,4,1
2,1,0,0,0,0,26,676,1,1,9,1,1,1,150.0,2,3,7,0,3.0,2.0,4.0,2.0,0,0,1,1,0.5,3,3
2,1,0,0,1,0,41,1681,1,1,4,1,1,1,25.0,2,3,7,0,3.0,3.0,4.0,3.0,0,0,0,1,0.25,5,5
2,1,0,0,0,0,24,576,2,0,9,2,1,1,200.0,2,1,1,0,4.0,2.0,1.0,3.0,1,0,1,1,0.75,4,4
2,1,0,0,0,0,41,1681,1,1,9,1,1,3,15.0,2,1,1,0,3.0,2.0,4.0,3.0,0,0,1,0,0.25,4,3
2,1,0,1,0,0,39,1521,2,0,7,1,1,1,700.0,3,1,1,0,4.0,4.0,4.0,5.0,0,0,0,0,0.0,4,4
2,1,0,0,0,0,40,1600,2,0,6,1,1,1,400.0,3,8,1,0,3.0,3.0,3.0,3.0,0,1,1,1,0.75,4,3
2,1,0,0,0,0,25,625,2,0,9,1,1,1,146.0,2,1,7,0,4.0,3.0,3.0,3.0,1,0,1,0,0.5,5,3
2,1,0,1,0,0,33,1089,2,0,9,1,1,1,138.0,3,5,1,0,3.0,4.0,3.0,4.0,0,1,0,0,0.25,5,4
2,1,0,0,0,0,40,1600,2,0,2,1,1,2,5.0,3,3,4,0,3.0,3.0,3.0,3.0,0,0,0,0,0.0,3,3
2,1,0,0,0,0,55,3025,2,0,8,1,1,2,20.0,1,1,1,0,,,,,1,1,1,0,0.75,3,3
2,1,0,0,0,0,37,1369,2,0,7,1,1,2,50.0,2,1,1,0,4.0,3.0,5.0,4.0,0,0,0,1,0.25,5,5
2,1,0,0,0,0,30,900,2,0,6,1,1,1,89.0,3,2,1,0,4.0,3.0,3.0,3.0,0,1,0,0,0.25,5,5
2,1,0,0,0,0,43,1849,2,0,3,1,1,1,50.0,2,1,4,0,4.0,3.0,3.0,4.0,1,1,1,1,1.0,3,3
2,1,0,0,1,0,73,5329,1,1,9,1,2,1,2000.0,3,4,7,0,4.0,3.0,2.0,5.0,0,0,0,0,0.0,5,4
2,1,0,0,0,0,48,2304,2,0,8,1,1,4,10.0,1,2,7,0,,,,,0,1,1,0,0.5,5,5
2,1,0,0,0,0,60,3600,2,0,9,1,1,2,10.0,2,1,1,0,2.0,1.0,1.0,1.0,0,1,0,1,0.5,4,3
2,1,0,0,0,0,57,3249,2,0,9,1,1,2,16.0,2,2,7,0,1.0,1.0,1.0,1.0,1,1,1,0,0.75,5,5
2,1,0,0,1,0,66,4356,2,0,8,1,1,1,109.0,2,4,1,0,5.0,1.0,1.0,2.0,0,1,1,1,0.75,3,3
2,1,0,0,0,0,35,1225,1,1,2,1,1,1,443.0,2,1,1,0,4.0,2.0,4.0,2.0,0,0,0,0,0.0,4,4
2,1,0,0,0,0,31,961,1,1,9,1,2,2,10.0,3,1,7,0,4.0,2.0,1.0,3.0,0,0,1,1,0.5,3,4
2,1,0,0,0,0,21,441,1,1,9,1,1,1,600.0,3,3,7,0,4.0,2.0,2.0,3.0,0,0,0,1,0.25,3,3
2,1,0,0,0,0,32,1024,2,0,9,1,1,1,300.0,2,1,7,0,4.0,2.0,3.0,4.0,1,1,1,0,0.75,5,5
2,1,0,1,1,0,49,2401,1,1,8,1,1,1,20.0,3,1,1,0,5.0,5.0,5.0,5.0,0,0,0,0,0.0,5,5
2,1,0,0,0,0,40,1600,2,0,8,1,1,3,40.0,2,3,1,0,3.0,2.0,3.0,3.0,0,0,1,1,0.5,3,3
2,1,0,1,1,0,37,1369,1,1,7,1,1,1,100.0,3,1,7,0,5.0,5.0,5.0,5.0,0,0,1,1,0.5,5,5
2,1,0,0,0,0,63,3969,2,0,6,1,1,1,50.0,3,4,7,0,4.0,1.0,1.0,4.0,0,1,0,1,0.5,5,5
2,1,0,0,0,0,37,1369,2,0,6,1,2,1,100.0,3,3,1,0,4.0,4.0,4.0,4.0,0,0,1,0,0.25,4,3
2,1,0,0,0,0,46,2116,2,0,9,1,1,2,80.0,3,3,1,0,4.0,3.0,4.0,4.0,0,1,1,1,0.75,4,2
2,1,0,0,0,0,69,4761,1,1,6,1,1,3,30.0,2,1,1,0,4.0,1.0,4.0,4.0,0,0,0,0,0.0,5,3
2,1,0,0,0,0,23,529,2,0,8,1,1,4,98.0,2,1,1,0,3.0,3.0,2.0,3.0,0,0,0,0,0.0,3,2
2,1,0,0,1,0,70,4900,1,1,9,1,1,2,5.0,3,1,1,0,3.0,3.0,4.0,3.0,0,0,0,0,0.0,4,4
2,1,0,0,1,0,44,1936,2,0,6,1,1,2,35.0,3,5,1,0,4.0,3.0,4.0,4.0,0,0,1,0,0.25,5,4
2,1,0,1,1,0,39,1521,1,1,8,1,1,1,150.0,3,1,3,0,4.0,4.0,4.0,3.0,0,0,0,0,0.0,4,2
2,1,0,0,0,0,54,2916,2,0,5,1,1,1,27.0,3,1,1,0,5.0,2.0,3.0,5.0,0,0,0,0,0.0,5,5
2,1,0,0,0,0,57,3249,1,1,8,1,1,2,10.0,2,2,7,0,4.0,2.0,1.0,2.0,0,1,1,0,0.5,5,3
2,1,0,0,0,0,62,3844,2,0,6,1,1,1,10.0,1,1,8,0,,,,,1,1,0,1,0.75,5,5
2,1,0,1,0,0,26,676,1,1,9,1,1,1,100.0,2,3,7,0,4.0,2.0,2.0,3.0,0,0,0,0,0.0,5,5
2,1,0,0,0,0,49,2401,1,1,9,1,1,2,0.0,1,1,1,0,,,,,0,1,1,0,0.5,4,3
2,1,0,1,1,0,24,576,1,1,9,1,1,1,450.0,3,3,4,0,4.0,5.0,4.0,4.0,0,0,0,0,0.0,4,3
2,1,0,0,0,0,58,3364,1,1,9,1,2,3,19.0,1,1,1,0,,,,,0,1,1,0,0.5,4,3
2,1,0,0,0,0,28,784,2,0,9,1,1,1,234.0,2,1,7,0,3.0,1.0,3.0,1.0,1,1,0,1,0.75,5,4
2,1,0,0,0,0,50,2500,1,1,8,1,1,2,5.0,2,8,1,0,2.0,2.0,2.0,2.0,0,0,1,0,0.25,5,3
2,1,0,0,1,0,58,3364,1,1,5,1,1,2,150.0,2,1,7,0,4.0,2.0,2.0,4.0,0,0,0,0,0.0,4,5
2,1,0,0,0,0,29,841,2,0,9,1,1,1,181.0,3,1,7,0,3.0,1.0,2.0,1.0,1,0,1,0,0.5,4,2
2,1,0,0,0,0,66,4356,1,1,2,1,1,1,1000.0,3,8,6,0,3.0,1.0,1.0,3.0,1,1,0,0,0.5,2,1
2,1,0,0,0,0,43,1849,1,1,6,1,1,1,300.0,3,1,7,0,4.0,3.0,3.0,4.0,1,1,0,0,0.5,5,5
2,1,0,0,1,0,64,4096,1,1,9,1,1,3,350.0,2,5,2,1,4.0,3.0,2.0,3.0,0,1,1,0,0.5,4,2
2,1,0,0,0,0,55,3025,2,0,6,1,1,4,,1,3,8,0,,,,,1,1,1,0,0.75,4,4
2,1,0,0,0,0,42,1764,2,0,8,1,1,1,106.0,2,1,1,0,4.0,2.0,2.0,3.0,1,1,0,0,0.5,4,1
2,1,0,0,0,0,23,529,2,0,6,1,1,2,15.0,2,1,4,0,4.0,3.0,4.0,4.0,0,0,0,1,0.25,4,3
2,1,0,0,0,0,43,1849,1,1,8,1,1,1,80.0,3,1,1,0,3.0,1.0,1.0,4.0,1,1,1,1,1.0,5,5
2,1,0,0,0,0,43,1849,1,1,6,2,2,2,10.0,1,1,8,0,,,,,0,0,1,1,0.5,5,5
2,1,0,0,0,0,68,4624,1,1,9,1,1,1,30.0,2,2,7,0,5.0,2.0,5.0,3.0,0,0,1,0,0.25,5,4
2,1,0,0,0,0,53,2809,2,0,7,1,1,3,0.0,1,3,1,0,,,,,0,1,1,0,0.5,4,3
2,1,0,0,0,0,29,841,2,0,8,1,1,1,133.0,2,1,1,0,4.0,2.0,4.0,3.0,0,0,1,1,0.5,4,3
2,1,0,1,1,0,46,2116,1,1,9,1,1,1,100.0,3,2,7,0,4.0,3.0,4.0,3.0,1,1,1,1,1.0,4,3
2,1,0,0,0,0,22,484,2,0,7,1,1,1,344.0,2,1,7,0,2.0,1.0,3.0,1.0,0,1,1,1,0.75,5,4
2,1,0,0,0,0,28,784,1,1,8,1,1,2,100.0,3,3,1,0,4.0,4.0,4.0,5.0,0,0,0,0,0.0,4,4
2,1,0,0,0,0,72,5184,2,0,6,1,1,1,25.0,3,1,1,0,3.0,3.0,2.0,3.0,0,1,0,0,0.25,5,4
2,1,0,0,1,0,38,1444,2,0,9,1,1,1,170.0,3,1,1,0,5.0,4.0,5.0,5.0,0,0,0,1,0.25,5,4
2,1,0,0,0,0,45,2025,1,1,8,1,1,2,20.0,2,1,1,0,3.0,1.0,1.0,2.0,0,0,1,0,0.25,3,3
2,1,0,1,1,0,43,1849,1,1,8,1,1,1,250.0,3,1,1,0,4.0,2.0,1.0,4.0,0,1,0,0,0.25,4,5
2,1,0,1,1,0,40,1600,2,0,8,1,1,2,230.0,3,3,7,0,4.0,2.0,2.0,2.0,1,1,1,0,0.75,4,3
2,1,0,0,0,0,24,576,1,1,7,1,1,1,95.0,2,3,7,0,3.0,1.0,1.0,3.0,0,0,0,1,0.25,5,3
2,1,0,0,0,0,53,2809,1,1,8,1,1,1,50.0,2,3,1,0,4.0,2.0,3.0,2.0,0,0,1,0,0.25,3,3
2,1,0,0,0,0,55,3025,2,0,5,1,1,3,500.0,2,1,7,0,2.0,2.0,2.0,2.0,1,1,1,1,1.0,3,2
2,1,0,0,0,0,63,3969,1,1,5,1,2,2,33.0,3,5,1,0,5.0,3.0,5.0,5.0,0,0,1,0,0.25,5,5
2,1,0,0,0,0,60,3600,1,1,9,1,1,3,30.0,2,2,7,0,3.0,1.0,1.0,2.0,0,0,0,1,0.25,4,5
2,1,0,0,0,0,20,400,1,1,7,2,2,1,200.0,2,1,1,0,3.0,3.0,3.0,3.0,1,1,1,1,1.0,2,2
2,1,0,0,0,0,62,3844,1,1,4,1,1,3,60.0,2,1,1,0,3.0,1.0,1.0,1.0,0,1,1,0,0.5,5,5
2,1,0,0,0,0,44,1936,2,0,9,1,1,1,120.0,2,1,7,0,4.0,3.0,4.0,3.0,0,0,1,1,0.5,4,3
2,1,0,0,0,0,60,3600,1,1,9,1,1,1,700.0,3,8,8,0,4.0,3.0,2.0,3.0,0,1,1,0,0.5,4,3
2,1,0,1,1,0,53,2809,2,0,5,1,1,3,80.0,1,3,1,0,,,,,0,0,0,0,0.0,5,3
2,1,0,0,0,0,55,3025,1,1,8,1,1,1,102.0,1,3,1,0,,,,,1,1,1,1,1.0,5,4
2,1,0,0,0,0,36,1296,1,1,5,1,1,2,3.0,2,3,7,0,3.0,1.0,1.0,1.0,1,1,1,0,0.75,5,5
2,1,0,0,0,0,67,4489,1,1,6,1,1,2,10.0,2,1,1,0,1.0,1.0,1.0,1.0,0,1,1,1,0.75,4,4
2,1,0,0,0,0,41,1681,2,0,7,1,1,1,50.0,2,3,4,0,5.0,5.0,1.0,1.0,1,1,1,1,1.0,5,5
2,1,0,0,0,0,64,4096,1,1,5,1,1,3,10.0,2,5,1,0,4.0,2.0,2.0,3.0,0,1,0,1,0.5,5,5
2,1,0,0,0,0,47,2209,2,0,5,1,1,1,120.0,3,1,1,0,3.0,2.0,2.0,3.0,0,1,1,1,0.75,5,3
2,1,0,0,0,0,24,576,2,0,6,1,1,1,800.0,2,1,7,0,2.0,2.0,3.0,2.0,0,1,1,1,0.75,4,3
2,1,0,1,0,0,63,3969,1,1,2,1,1,1,265.0,3,1,1,0,4.0,4.0,5.0,5.0,0,1,1,0,0.5,4,5
2,1,0,0,1,0,42,1764,2,0,7,1,1,3,0.0,1,1,7,0,,,,,0,1,1,1,0.75,4,4
2,1,0,0,0,0,22,484,2,0,9,1,1,1,300.0,2,1,7,0,4.0,3.0,2.0,4.0,1,1,1,1,1.0,3,2
2,1,0,0,0,0,25,625,1,1,6,1,1,2,150.0,2,1,7,0,2.0,1.0,2.0,1.0,1,1,1,1,1.0,5,1
2,1,0,0,0,0,53,2809,1,1,8,1,1,2,20.0,3,2,7,0,4.0,3.0,2.0,2.0,1,1,1,1,1.0,5,4
2,1,0,0,0,0,24,576,2,0,8,1,1,1,280.0,2,1,7,0,5.0,1.0,5.0,1.0,0,1,0,1,0.5,5,3
2,1,0,0,0,0,35,1225,2,0,8,1,1,2,70.0,3,1,1,0,5.0,2.0,4.0,3.0,0,1,1,0,0.5,4,4
2,1,0,0,0,0,46,2116,2,0,9,1,1,1,110.0,2,1,7,0,3.0,2.0,3.0,3.0,0,0,0,0,0.0,4,4
2,1,0,0,0,0,54,2916,1,1,8,1,1,3,38.0,2,4,1,0,3.0,3.0,3.0,3.0,0,0,0,0,0.0,5,5
2,1,0,0,0,0,31,961,1,1,9,1,1,1,150.0,2,3,1,0,4.0,2.0,1.0,2.0,0,0,0,1,0.25,5,4
2,1,0,0,1,0,60,3600,2,0,9,1,1,1,50.0,1,2,1,0,,,,,0,0,0,1,0.25,4,4
2,1,0,0,0,0,25,625,2,0,6,2,1,2,100.0,2,3,4,0,3.0,2.0,2.0,2.0,1,0,0,1,0.5,2,2
2,1,0,0,0,0,37,1369,2,0,5,1,1,1,110.0,3,1,1,0,3.0,3.0,3.0,3.0,1,1,1,1,1.0,5,5
2,1,0,0,0,0,66,4356,2,0,5,1,1,1,40.0,2,1,7,0,2.0,2.0,2.0,3.0,0,1,1,0,0.5,5,5
2,1,0,0,0,0,50,2500,1,1,8,1,1,2,134.0,3,3,8,0,3.0,3.0,2.0,2.0,0,0,0,0,0.0,3,3
2,1,0,0,0,0,59,3481,2,0,8,1,1,2,1200.0,2,4,8,0,3.0,2.0,4.0,4.0,0,1,0,1,0.5,5,5
2,1,0,0,0,0,72,5184,1,1,4,1,1,2,30.0,2,3,1,0,2.0,1.0,1.0,1.0,0,1,1,0,0.5,5,5
2,1,0,0,0,0,24,576,2,0,9,1,1,1,305.0,3,1,8,0,2.0,5.0,1.0,1.0,0,0,0,1,0.25,5,3
2,1,0,0,0,0,57,3249,2,0,8,1,1,1,50.0,3,2,1,0,4.0,1.0,1.0,1.0,0,0,0,0,0.0,5,5
2,1,0,0,1,0,46,2116,1,1,9,1,1,2,1500.0,3,3,1,0,5.0,3.0,4.0,4.0,0,0,0,0,0.0,5,5
2,1,0,0,1,0,57,3249,1,1,8,1,1,3,10.0,2,4,1,0,5.0,3.0,4.0,4.0,0,1,1,0,0.5,5,5
2,1,0,0,0,0,38,1444,2,0,8,3,3,4,,2,1,6,0,4.0,2.0,2.0,4.0,1,1,1,1,1.0,5,5
2,1,0,0,0,0,52,2704,1,1,8,2,1,1,131.0,3,3,6,0,4.0,2.0,3.0,3.0,0,0,0,1,0.25,3,3
2,1,0,1,0,0,48,2304,2,0,9,1,1,2,136.0,3,3,7,0,4.0,2.0,3.0,4.0,0,0,0,1,0.25,4,3
2,1,0,0,1,0,64,4096,1,1,8,1,1,2,100.0,2,4,7,0,1.0,1.0,1.0,1.0,0,0,1,0,0.25,5,5
2,1,0,0,1,0,39,1521,2,0,9,1,1,4,200.0,2,1,7,0,2.0,2.0,2.0,4.0,0,0,0,0,0.0,3,4
2,1,0,0,0,0,47,2209,1,1,8,1,1,1,30.0,3,3,1,0,4.0,3.0,5.0,3.0,0,1,1,1,0.75,3,3
2,1,0,0,0,0,20,400,2,0,8,1,1,2,300.0,2,2,7,0,2.0,1.0,1.0,1.0,1,1,0,1,0.75,4,4
2,1,0,0,0,0,68,4624,1,1,9,2,1,4,0.0,1,8,6,0,,,,,0,0,0,1,0.25,5,5
2,1,0,0,0,0,57,3249,2,0,8,1,1,2,92.0,2,1,1,0,4.0,1.0,1.0,3.0,0,1,1,1,0.75,3,4
2,1,0,0,0,0,62,3844,2,0,9,1,1,2,,2,8,7,0,3.0,2.0,2.0,4.0,0,0,0,0,0.0,4,2
2,1,0,0,1,0,47,2209,1,1,9,2,1,1,152.0,3,2,7,0,4.0,4.0,3.0,4.0,1,1,0,1,0.75,5,5
2,1,0,1,0,0,43,1849,2,0,8,1,1,2,55.0,3,3,4,0,5.0,5.0,5.0,5.0,0,1,0,1,0.5,5,5
2,1,0,0,0,0,41,1681,1,1,8,1,1,3,,2,3,1,0,3.0,2.0,2.0,3.0,0,0,1,1,0.5,5,5
2,1,0,0,1,0,33,1089,2,0,8,1,1,1,240.0,3,1,4,0,3.0,4.0,2.0,4.0,0,0,0,0,0.0,5,5
2,1,0,0,1,0,61,3721,1,1,8,1,1,1,600.0,3,1,7,0,5.0,2.0,3.0,2.0,0,1,0,0,0.25,5,5
2,1,0,0,0,0,35,1225,2,0,9,2,1,2,50.0,2,3,7,0,4.0,2.0,2.0,3.0,1,1,0,1,0.75,2,2
2,1,0,0,1,0,45,2025,1,1,9,1,1,2,150.0,2,2,7,0,5.0,1.0,1.0,5.0,1,1,1,0,0.75,5,5
2,1,0,0,0,0,32,1024,2,0,9,1,1,1,91.0,3,1,1,0,4.0,1.0,3.0,3.0,1,0,1,1,0.75,3,4
2,1,0,1,1,0,25,625,2,0,8,1,1,1,50.0,2,1,1,0,5.0,4.0,5.0,5.0,0,0,0,0,0.0,5,5
2,1,0,0,0,0,38,1444,2,0,8,1,1,1,100.0,3,1,7,0,3.0,4.0,3.0,4.0,0,0,0,1,0.25,2,4
2,1,0,0,1,0,53,2809,1,1,8,2,1,1,150.0,2,2,1,0,3.0,1.0,1.0,1.0,0,1,1,0,0.5,3,4
2,1,0,0,0,0,42,1764,1,1,8,1,1,2,50.0,2,3,1,0,3.0,2.0,3.0,2.0,0,0,0,0,0.0,4,3
2,1,0,0,0,0,48,2304,1,1,8,1,1,2,50.0,2,1,7,0,4.0,1.0,1.0,4.0,0,0,0,0,0.0,4,2
2,1,0,0,0,0,44,1936,1,1,8,1,1,1,150.0,3,3,1,0,3.0,3.0,2.0,3.0,1,0,1,0,0.5,4,2
2,1,0,1,0,0,49,2401,2,0,8,1,1,1,210.0,3,8,1,0,5.0,2.0,1.0,3.0,1,1,1,1,1.0,5,5
2,1,0,0,0,0,48,2304,2,0,8,1,1,1,5.0,3,4,7,0,5.0,1.0,1.0,1.0,0,0,1,1,0.5,5,1
2,1,0,0,1,0,30,900,1,1,8,1,2,1,540.0,3,3,1,0,4.0,3.0,4.0,3.0,0,0,0,0,0.0,5,4
2,1,0,0,1,0,69,4761,1,1,9,1,1,3,12.0,2,3,1,0,4.0,1.0,1.0,4.0,0,1,1,0,0.5,5,5
2,1,0,0,0,0,45,2025,2,0,8,1,1,2,120.0,2,5,1,0,3.0,1.0,1.0,1.0,1,1,0,0,0.5,4,4
2,1,0,0,0,0,42,1764,2,0,8,1,1,1,150.0,3,3,5,0,4.0,3.0,4.0,5.0,0,1,0,1,0.5,5,5
2,1,0,0,0,0,51,2601,1,1,8,1,1,1,26.0,3,1,1,0,4.0,3.0,2.0,1.0,0,1,1,1,0.75,4,4
2,1,0,1,0,0,44,1936,2,0,9,1,1,2,52.0,3,3,1,0,4.0,2.0,3.0,4.0,0,0,0,0,0.0,4,4
2,1,0,0,0,0,35,1225,2,0,8,1,1,2,57.0,2,1,8,0,4.0,1.0,2.0,3.0,0,0,0,1,0.25,4,4
2,1,0,0,0,0,36,1296,1,1,9,1,1,1,30.0,2,2,1,0,3.0,3.0,4.0,3.0,0,0,0,0,0.0,3,3
2,1,0,0,0,0,35,1225,1,1,8,1,1,1,90.0,2,3,7,0,3.0,2.0,4.0,4.0,1,1,1,1,1.0,3,3
2,1,0,0,0,0,51,2601,2,0,8,1,1,1,50.0,2,1,1,0,4.0,1.0,1.0,2.0,0,1,0,1,0.5,5,3
2,1,0,0,0,0,29,841,2,0,8,1,1,3,30.0,2,3,7,0,5.0,1.0,1.0,1.0,0,1,1,1,0.75,4,4
2,1,0,0,0,0,42,1764,2,0,8,1,1,3,15.0,2,1,7,0,3.0,3.0,3.0,4.0,0,0,0,0,0.0,3,3
2,1,0,0,0,0,37,1369,2,0,8,1,1,1,50.0,3,8,7,0,2.0,1.0,1.0,1.0,0,1,0,0,0.25,5,5
2,1,0,0,0,0,43,1849,1,1,9,1,1,1,35.0,3,3,7,0,5.0,2.0,3.0,4.0,0,0,0,0,0.0,5,4
2,1,0,0,0,0,37,1369,2,0,8,1,1,1,977.0,2,1,1,0,3.0,3.0,3.0,3.0,0,0,0,1,0.25,4,3
2,1,0,0,0,0,42,1764,1,1,9,1,1,1,80.0,2,1,1,0,3.0,2.0,3.0,3.0,0,1,0,0,0.25,3,2
2,1,0,0,0,0,48,2304,1,1,9,1,1,2,300.0,2,1,7,0,3.0,4.0,2.0,4.0,0,0,1,1,0.5,5,3
2,1,0,0,0,0,54,2916,1,1,9,1,1,2,400.0,3,3,7,0,3.0,1.0,1.0,1.0,0,1,1,0,0.5,3,3
2,1,0,0,0,0,35,1225,1,1,9,2,2,1,100.0,2,3,2,1,5.0,1.0,1.0,3.0,0,0,1,1,0.5,5,1
2,1,0,0,0,0,50,2500,2,0,8,1,1,5,30.0,2,5,1,0,3.0,1.0,1.0,1.0,0,1,0,1,0.5,4,4
2,1,0,0,0,0,41,1681,1,1,9,2,1,2,100.0,2,5,1,0,4.0,3.0,1.0,1.0,0,1,1,1,0.75,5,5
2,1,0,0,0,0,30,900,2,0,9,2,1,1,1401.0,3,3,1,0,5.0,5.0,4.0,1.0,0,0,0,1,0.25,5,5
2,1,0,0,0,0,41,1681,2,0,9,1,1,1,100.0,3,3,7,0,4.0,4.0,4.0,3.0,0,1,0,0,0.25,5,3
2,1,0,0,0,0,32,1024,2,0,9,1,1,1,234.0,3,1,7,0,4.0,5.0,5.0,4.0,0,0,1,1,0.5,5,5
2,1,0,0,0,0,61,3721,2,0,9,1,2,1,350.0,2,2,7,0,3.0,1.0,1.0,2.0,0,0,1,0,0.25,5,5
2,1,0,0,0,0,35,1225,1,1,9,1,1,1,150.0,2,1,1,0,3.0,2.0,4.0,3.0,1,1,1,1,1.0,4,3
2,1,0,0,0,0,39,1521,1,1,8,1,1,1,187.0,2,1,1,0,3.0,1.0,4.0,2.0,0,1,1,0,0.5,5,5
2,1,0,0,0,0,34,1156,1,1,8,1,1,1,250.0,3,3,7,0,5.0,4.0,3.0,3.0,1,1,1,1,1.0,5,5
2,1,0,0,1,0,34,1156,2,0,8,1,1,1,93.0,3,1,1,0,4.0,3.0,4.0,4.0,0,1,1,1,0.75,5,1
2,1,0,0,0,0,32,1024,1,1,8,1,1,1,600.0,2,1,1,0,2.0,2.0,5.0,3.0,1,1,1,1,1.0,5,4
2,1,0,0,0,0,47,2209,1,1,9,1,1,2,20.0,2,4,7,0,3.0,1.0,1.0,4.0,0,1,1,0,0.5,5,3
2,1,0,0,0,0,32,1024,2,0,9,1,1,1,400.0,3,3,1,0,4.0,5.0,4.0,4.0,0,0,0,0,0.0,4,5
2,1,0,0,1,0,23,529,1,1,8,1,1,1,200.0,3,3,7,0,4.0,3.0,4.0,3.0,0,0,0,0,0.0,3,4
2,1,0,0,0,0,66,4356,2,0,8,2,2,3,5.0,2,4,7,0,3.0,1.0,1.0,5.0,1,1,1,1,1.0,5,5
2,1,0,1,0,0,29,841,2,0,9,1,1,1,300.0,3,3,5,0,4.0,3.0,3.0,4.0,0,0,1,1,0.5,5,3
2,1,0,0,1,0,46,2116,2,0,8,1,1,2,40.0,2,2,1,0,4.0,3.0,3.0,3.0,0,1,1,0,0.5,4,4
2,1,0,0,0,0,40,1600,1,1,8,1,1,1,111.0,2,1,8,0,3.0,2.0,3.0,3.0,0,1,0,1,0.5,4,4
2,1,0,0,0,0,72,5184,1,1,8,1,1,2,695.0,2,1,7,0,1.0,1.0,1.0,2.0,0,0,1,0,0.25,2,2
2,1,0,0,1,0,53,2809,2,0,9,1,1,1,171.0,2,2,1,0,4.0,2.0,2.0,3.0,0,0,0,1,0.25,5,5
2,1,0,0,0,0,58,3364,2,0,9,1,1,1,148.0,3,3,7,0,4.0,2.0,2.0,4.0,0,0,0,0,0.0,4,4
2,1,0,1,1,0,41,1681,2,0,8,1,1,1,,3,3,7,0,4.0,5.0,5.0,5.0,0,0,0,1,0.25,5,4
2,1,0,0,0,0,58,3364,1,1,9,1,1,3,25.0,1,3,1,0,,,,,0,1,0,0,0.25,5,5
2,1,0,0,0,0,58,3364,2,0,8,1,1,1,27.0,1,3,1,0,,,,,0,0,1,0,0.25,5,1
2,1,0,0,0,0,69,4761,1,1,8,1,1,1,50.0,2,3,1,0,1.0,1.0,1.0,1.0,0,1,1,1,0.75,3,3
2,1,0,0,0,0,34,1156,1,1,9,1,1,1,100.0,3,3,1,0,5.0,4.0,2.0,3.0,0,0,0,1,0.25,5,4
2,1,0,0,0,0,44,1936,2,0,8,1,1,2,80.0,2,1,7,0,3.0,1.0,1.0,2.0,0,1,1,1,0.75,4,3
2,1,0,0,0,0,28,784,2,0,9,2,2,1,300.0,3,3,6,0,3.0,3.0,4.0,4.0,0,0,0,0,0.0,3,3
2,1,0,0,0,0,46,2116,2,0,8,1,1,2,30.0,2,1,1,0,3.0,1.0,3.0,3.0,0,1,0,0,0.25,3,3
2,1,0,0,0,0,41,1681,1,1,9,1,1,1,235.0,3,3,1,0,2.0,1.0,4.0,2.0,0,1,0,0,0.25,4,3
2,1,0,0,0,0,36,1296,1,1,9,1,1,3,30.0,1,4,7,0,,,,,0,1,1,1,0.75,4,1
2,1,0,0,0,0,26,676,1,1,9,3,3,2,400.0,1,1,1,0,,,,,0,0,0,0,0.0,4,4
2,1,0,0,1,0,64,4096,1,1,9,1,1,2,30.0,2,2,1,0,3.0,1.0,1.0,2.0,0,1,1,0,0.5,5,4
2,1,0,0,0,0,24,576,1,1,9,1,1,1,700.0,2,4,1,0,4.0,4.0,4.0,3.0,0,1,0,0,0.25,3,3
2,1,0,0,1,0,54,2916,1,1,9,1,1,3,250.0,2,2,1,0,3.0,2.0,2.0,4.0,0,0,0,0,0.0,5,3
2,1,0,0,0,0,45,2025,1,1,9,1,1,1,100.0,2,1,1,0,4.0,1.0,3.0,4.0,0,1,1,0,0.5,3,2
2,1,0,0,0,0,42,1764,1,1,9,1,1,1,5000.0,3,3,1,0,5.0,4.0,4.0,4.0,0,0,0,0,0.0,5,5
2,1,0,0,1,0,44,1936,1,1,9,2,2,3,20.0,2,3,4,0,4.0,3.0,4.0,3.0,0,0,0,0,0.0,4,4
2,1,0,0,0,0,72,5184,1,1,9,1,1,2,,1,5,1,0,,,,,0,1,1,1,0.75,5,3
2,1,0,0,0,0,46,2116,1,1,9,1,1,1,100.0,3,4,1,0,3.0,4.0,2.0,2.0,0,0,0,0,0.0,3,3
2,1,0,0,1,0,60,3600,1,1,9,1,1,2,1132.0,2,2,2,1,4.0,4.0,4.0,4.0,0,0,0,0,0.0,4,4
2,1,0,0,0,0,34,1156,1,1,9,1,1,1,250.0,2,2,1,0,3.0,2.0,3.0,2.0,0,0,1,1,0.5,5,2
2,1,0,1,1,0,27,729,1,1,9,1,1,2,150.0,3,1,1,0,3.0,4.0,3.0,4.0,0,0,0,0,0.0,3,4
2,1,0,0,1,0,49,2401,1,1,9,1,1,1,238.0,2,3,1,0,4.0,2.0,4.0,4.0,0,0,0,1,0.25,4,4
2,1,0,1,0,0,61,3721,1,1,9,1,1,2,50.0,2,3,1,0,3.0,1.0,1.0,3.0,0,1,1,0,0.5,5,4
2,1,0,0,0,0,49,2401,1,1,9,1,1,1,278.0,2,4,1,0,4.0,2.0,2.0,2.0,0,0,0,0,0.0,5,5
2,1,0,1,0,0,33,1089,1,1,9,2,1,1,450.0,3,3,4,0,4.0,3.0,4.0,4.0,0,0,0,1,0.25,4,4
2,1,0,0,1,0,36,1296,1,1,9,1,1,1,356.0,3,1,1,0,5.0,5.0,4.0,5.0,0,0,0,0,0.0,5,1
2,1,0,0,1,0,30,900,1,1,9,1,1,1,160.0,2,3,7,0,3.0,1.0,3.0,2.0,0,1,0,0,0.25,4,4
2,1,0,0,0,0,57,3249,1,1,9,1,1,1,100.0,3,5,1,0,4.0,3.0,5.0,4.0,0,0,0,1,0.25,4,3
2,1,0,0,0,0,64,4096,1,1,9,1,1,3,48.0,2,4,1,0,2.0,2.0,3.0,2.0,0,1,1,1,0.75,3,4
2,1,0,0,0,0,70,4900,1,1,9,1,1,1,20.0,2,3,1,0,3.0,2.0,2.0,4.0,0,0,1,0,0.25,4,4
2,1,0,0,0,0,62,3844,1,1,9,1,1,2,3.0,2,3,7,0,3.0,1.0,1.0,2.0,0,1,1,0,0.5,5,5
2,1,0,0,0,0,21,441,1,1,9,1,1,1,530.0,3,3,7,0,4.0,4.0,4.0,3.0,0,0,0,0,0.0,4,4
2,1,0,1,1,0,26,676,1,1,9,1,1,1,1000.0,3,1,1,0,4.0,3.0,3.0,4.0,0,0,0,0,0.0,4,4
2,1,0,0,1,0,51,2601,1,1,9,1,1,1,150.0,2,1,7,0,4.0,1.0,2.0,4.0,0,1,1,0,0.5,4,2
2,1,0,0,0,0,37,1369,1,1,9,1,1,1,460.0,3,3,7,0,5.0,3.0,4.0,5.0,0,0,0,0,0.0,5,5
2,1,0,0,0,0,64,4096,1,1,9,1,1,1,60.0,2,8,7,0,4.0,1.0,1.0,4.0,0,1,1,0,0.5,4,3
2,1,0,0,0,0,75,5625,1,1,9,1,1,1,25.0,2,1,3,0,3.0,2.0,3.0,3.0,0,1,1,0,0.5,4,4
2,1,0,0,0,0,69,4761,1,1,9,1,1,1,72.0,2,3,1,0,4.0,1.0,2.0,2.0,0,0,0,0,0.0,5,5
2,1,0,0,1,0,43,1849,1,1,9,1,1,4,15.0,1,3,7,0,,,,,0,0,0,0,0.0,5,4
2,1,0,0,1,0,65,4225,1,1,9,1,1,1,25.0,2,2,7,0,3.0,2.0,3.0,3.0,0,0,1,0,0.25,3,4
2,1,0,0,0,0,71,5041,1,1,9,1,1,3,30.0,2,1,7,0,2.0,1.0,1.0,2.0,0,0,1,0,0.25,5,4
2,1,0,0,0,0,54,2916,1,1,9,1,1,2,20.0,2,1,7,0,5.0,1.0,1.0,2.0,0,1,1,0,0.5,3,3
2,1,0,0,0,0,30,900,1,1,9,2,1,2,140.0,2,1,7,0,2.0,1.0,1.0,2.0,0,0,0,1,0.25,5,4
2,1,0,1,0,0,38,1444,1,1,9,2,1,1,170.0,3,3,8,0,5.0,5.0,5.0,5.0,0,0,0,0,0.0,5,5
2,1,0,0,0,0,44,1936,1,1,9,1,2,1,100.0,3,1,7,0,5.0,5.0,5.0,5.0,0,0,0,0,0.0,5,5
2,1,0,0,0,0,60,3600,1,1,9,1,1,1,183.0,2,4,7,0,3.0,1.0,1.0,2.0,0,0,0,0,0.0,3,3
2,1,0,0,1,0,69,4761,1,1,9,1,1,3,10.0,2,4,7,0,4.0,1.0,1.0,1.0,0,0,1,0,0.25,5,4
2,1,0,0,0,0,19,361,1,1,9,1,1,2,34.0,3,3,1,0,3.0,2.0,5.0,5.0,0,0,0,0,0.0,5,5
2,1,0,0,1,0,22,484,1,1,9,1,1,1,300.0,3,1,1,0,4.0,3.0,5.0,3.0,1,0,0,0,0.25,5,5
2,1,0,0,0,0,39,1521,1,1,9,1,1,2,10.0,2,3,7,0,3.0,1.0,1.0,2.0,0,1,0,0,0.25,3,3
2,1,0,0,0,0,25,625,1,1,9,1,1,1,300.0,2,1,7,0,4.0,4.0,3.0,2.0,0,1,0,1,0.5,5,4
2,1,0,0,0,0,51,2601,1,1,9,1,2,2,25.0,2,1,1,0,3.0,2.0,3.0,3.0,0,0,0,0,0.0,4,4
2,1,0,0,1,0,33,1089,1,1,9,1,1,1,300.0,2,3,7,0,3.0,3.0,4.0,4.0,1,1,1,0,0.75,5,4
2,1,0,1,1,0,37,1369,1,1,9,1,1,1,1050.0,3,1,7,0,4.0,4.0,4.0,4.0,0,0,0,0,0.0,4,3
2,1,0,0,0,0,66,4356,1,1,9,1,1,2,47.0,2,2,1,0,1.0,1.0,1.0,2.0,0,1,0,0,0.25,4,2
2,1,0,0,0,0,58,3364,1,1,9,1,1,1,6.0,1,5,7,0,,,,,1,1,1,1,1.0,3,3
2,1,0,0,0,0,46,2116,1,1,9,1,1,1,50.0,2,3,7,0,5.0,1.0,1.0,4.0,0,1,1,0,0.5,5,5
2,1,0,0,0,0,32,1024,1,1,9,1,1,3,50.0,2,3,7,0,4.0,3.0,3.0,3.0,1,1,1,1,1.0,2,2
2,1,0,0,0,0,43,1849,1,1,9,1,1,2,50.0,3,3,1,0,5.0,1.0,1.0,5.0,0,0,0,0,0.0,5,5
2,1,0,0,1,0,53,2809,1,1,9,2,1,2,3000.0,3,4,7,0,4.0,3.0,3.0,4.0,0,0,0,0,0.0,3,3
2,1,0,0,1,0,56,3136,1,1,9,1,1,1,270.0,3,6,7,0,5.0,3.0,3.0,5.0,0,0,0,0,0.0,5,5
3,0,1,0,0,1,23,529,2,0,7,1,1,1,100.0,2,1,4,0,5.0,4.0,4.0,4.0,0,0,0,0,0.0,5,5
3,0,1,0,0,1,25,625,2,0,3,1,1,1,142.0,3,3,7,0,5.0,2.0,3.0,1.0,0,0,0,1,0.25,5,4
3,0,1,0,0,1,22,484,2,0,8,1,2,1,400.0,3,4,4,0,3.0,3.0,1.0,4.0,0,0,0,1,0.25,5,5
3,0,1,0,0,1,52,2704,2,0,5,1,1,1,880.0,3,1,7,0,5.0,4.0,3.0,5.0,1,1,1,1,1.0,5,5
3,0,1,0,0,1,44,1936,1,1,4,1,1,1,3000.0,3,5,1,0,5.0,4.0,3.0,4.0,0,1,1,1,0.75,3,4
3,0,1,0,0,1,51,2601,2,0,1,2,1,1,30.0,3,1,7,0,5.0,1.0,4.0,5.0,0,0,0,0,0.0,5,4
3,0,1,1,1,1,44,1936,1,1,2,1,1,1,220.0,3,1,1,0,4.0,4.0,4.0,4.0,0,0,0,0,0.0,4,4
3,0,1,0,0,0,41,1681,2,0,5,1,1,2,80.0,2,8,7,0,4.0,2.0,2.0,3.0,1,1,1,1,1.0,4,4
3,0,1,0,0,0,46,2116,1,1,4,1,1,2,98.0,2,8,7,0,3.0,1.0,1.0,2.0,0,0,0,0,0.0,5,5
3,0,1,0,0,0,41,1681,1,1,1,1,1,1,100.0,3,8,7,0,4.0,1.0,1.0,2.0,1,1,1,0,0.75,5,5
3,0,1,0,0,0,42,1764,2,0,4,1,1,1,10.0,3,1,7,0,4.0,4.0,1.0,1.0,0,1,1,1,0.75,5,5
3,0,1,0,0,0,64,4096,2,0,3,1,1,2,40.0,2,3,7,0,2.0,1.0,1.0,2.0,0,0,1,0,0.25,4,4
3,0,1,0,0,0,71,5041,2,0,4,1,1,1,25.0,2,1,1,0,4.0,1.0,2.0,2.0,1,1,1,1,1.0,4,4
3,0,1,0,0,0,41,1681,2,0,1,1,1,1,20.0,1,1,7,0,,,,,1,1,1,0,0.75,5,5
3,0,1,0,0,1,62,3844,1,1,4,1,1,1,480.0,3,7,7,0,5.0,1.0,1.0,1.0,0,1,1,1,0.75,5,5
3,0,1,0,0,0,53,2809,2,0,5,1,1,1,337.0,3,1,7,0,4.0,3.0,3.0,4.0,1,0,1,1,0.75,5,5
3,0,1,0,0,0,24,576,2,0,5,2,2,2,172.0,3,3,1,0,4.0,4.0,3.0,4.0,0,0,0,0,0.0,4,3
3,0,1,0,0,0,21,441,1,1,4,1,1,1,308.0,2,1,7,0,3.0,1.0,4.0,3.0,0,1,0,1,0.5,5,5
3,0,1,0,0,1,23,529,1,1,7,1,1,4,109.0,2,3,1,0,3.0,3.0,3.0,3.0,0,0,0,1,0.25,4,4
3,0,1,0,0,1,51,2601,2,0,4,1,1,1,65.0,3,1,7,0,4.0,4.0,4.0,4.0,1,1,1,1,1.0,5,4
3,0,1,0,0,0,46,2116,2,0,2,1,1,2,35.0,3,8,1,0,4.0,3.0,1.0,1.0,0,1,0,0,0.25,5,5
3,0,1,0,0,1,51,2601,2,0,7,2,1,2,30.0,2,1,7,0,3.0,3.0,4.0,3.0,0,0,1,0,0.25,3,4
3,0,1,0,0,1,69,4761,2,0,3,1,1,2,30.0,3,3,1,0,4.0,3.0,1.0,1.0,0,1,1,1,0.75,5,5
3,0,1,0,0,0,28,784,2,0,1,1,1,1,200.0,3,1,4,0,5.0,5.0,4.0,1.0,1,1,1,1,1.0,5,5
3,0,1,0,0,1,59,3481,2,0,4,1,1,2,60.0,3,1,1,0,2.0,2.0,3.0,3.0,0,1,1,0,0.5,5,5
3,0,1,0,0,0,54,2916,2,0,1,1,1,2,45.0,3,8,7,0,3.0,3.0,3.0,4.0,1,1,1,0,0.75,5,5
3,0,1,1,1,1,39,1521,2,0,2,1,1,1,190.0,2,1,1,0,3.0,2.0,4.0,4.0,1,1,1,0,0.75,5,4
3,0,1,0,0,0,49,2401,2,0,6,1,2,1,84.0,2,3,1,0,4.0,2.0,2.0,3.0,1,1,1,1,1.0,5,5
3,0,1,1,0,1,32,1024,2,0,4,1,1,1,906.0,3,1,7,0,4.0,4.0,4.0,4.0,0,0,0,0,0.0,4,3
3,0,1,0,0,1,38,1444,2,0,3,1,1,1,357.0,2,2,7,0,3.0,2.0,2.0,3.0,0,1,0,0,0.25,4,5
3,0,1,0,0,1,20,400,2,0,7,1,1,1,1200.0,3,1,7,0,3.0,2.0,4.0,2.0,0,1,0,1,0.5,5,5
3,0,1,0,0,0,26,676,1,1,1,1,2,1,641.0,3,1,1,0,4.0,1.0,5.0,5.0,1,1,0,1,0.75,5,1
3,0,1,0,0,0,49,2401,1,1,7,1,1,1,35.0,2,3,6,0,2.0,2.0,2.0,3.0,0,1,1,0,0.5,3,1
3,0,1,0,0,1,57,3249,2,0,3,1,1,1,15.0,2,3,1,0,4.0,5.0,4.0,5.0,0,0,0,0,0.0,5,5
3,0,1,0,0,0,60,3600,2,0,6,1,1,2,30.0,2,9,8,0,2.0,2.0,2.0,2.0,0,0,0,0,0.0,2,2
3,0,1,0,0,0,22,484,2,0,1,2,1,1,400.0,2,3,2,1,2.0,2.0,2.0,2.0,0,0,0,0,0.0,3,3
3,0,1,0,0,0,32,1024,1,1,1,1,1,1,130.0,3,4,1,0,4.0,2.0,2.0,3.0,1,1,0,1,0.75,4,4
3,0,1,0,0,1,41,1681,2,0,1,1,1,1,12.0,2,3,1,0,4.0,4.0,4.0,4.0,0,0,0,0,0.0,4,4
3,0,1,0,0,0,72,5184,2,0,1,2,2,1,10.0,2,3,1,0,3.0,1.0,1.0,3.0,1,1,0,1,0.75,5,4
3,0,1,0,0,0,31,961,1,1,1,1,1,1,60.0,3,2,7,0,3.0,1.0,1.0,2.0,1,0,1,1,0.75,4,4
3,0,1,1,0,0,29,841,1,1,8,1,2,1,479.0,3,3,7,0,3.0,4.0,3.0,5.0,0,0,0,0,0.0,5,4
3,0,1,1,0,0,63,3969,1,1,6,1,1,1,70.0,3,5,1,0,5.0,1.0,2.0,4.0,0,0,1,0,0.25,5,5
3,0,1,0,0,0,38,1444,2,0,4,1,1,1,889.0,3,1,7,0,4.0,5.0,3.0,4.0,0,0,0,0,0.0,3,3
3,0,1,0,0,0,42,1764,2,0,5,1,1,1,215.0,3,1,7,0,5.0,1.0,5.0,3.0,0,0,0,1,0.25,5,4
3,0,1,0,0,0,55,3025,2,0,4,1,1,1,350.0,3,1,1,0,3.0,1.0,1.0,5.0,1,1,1,1,1.0,5,5
3,0,1,0,0,0,18,324,2,0,4,1,1,1,300.0,2,8,7,0,5.0,1.0,1.0,2.0,1,1,0,1,0.75,5,5
3,0,1,0,0,0,61,3721,1,1,4,1,1,1,30.0,3,1,1,0,4.0,2.0,2.0,3.0,0,0,0,1,0.25,4,3
3,0,1,0,0,0,55,3025,2,0,4,1,1,1,34.0,2,8,7,0,4.0,2.0,3.0,3.0,1,1,1,1,1.0,4,3
3,0,1,0,0,1,54,2916,1,1,6,1,1,3,40.0,2,2,7,0,4.0,2.0,2.0,4.0,0,0,1,1,0.5,5,5
3,0,1,0,0,0,38,1444,2,0,3,2,1,1,50.0,3,3,7,0,4.0,1.0,1.0,5.0,0,0,0,1,0.25,5,4
3,0,1,0,0,0,30,900,2,0,6,1,1,1,250.0,3,3,7,0,4.0,3.0,3.0,3.0,1,1,1,1,1.0,4,4
3,0,1,0,0,0,34,1156,2,0,1,1,1,1,20.0,2,1,7,0,1.0,1.0,1.0,1.0,1,1,1,1,1.0,5,1
3,0,1,0,0,0,31,961,2,0,3,1,1,1,7.0,2,1,7,0,5.0,5.0,5.0,5.0,1,0,0,0,0.25,5,5
3,0,1,0,0,0,44,1936,2,0,5,1,1,1,3234.0,3,6,7,0,4.0,2.0,3.0,5.0,0,0,1,1,0.5,5,4
3,0,1,0,0,0,27,729,2,0,5,1,1,1,135.0,3,1,7,0,4.0,3.0,4.0,4.0,0,1,0,1,0.5,4,2
3,0,1,1,1,1,27,729,2,0,2,2,2,1,1000.0,3,1,4,0,3.0,2.0,4.0,2.0,0,0,0,0,0.0,2,3
3,0,1,0,0,0,38,1444,2,0,4,1,1,1,160.0,3,1,7,0,4.0,3.0,2.0,4.0,0,1,0,1,0.5,5,1
3,0,1,0,0,0,46,2116,2,0,5,1,1,1,1.0,1,1,1,0,,,,,1,1,1,1,1.0,4,1
3,0,1,0,0,0,71,5041,2,0,3,1,1,2,0.0,1,8,1,0,,,,,0,1,1,0,0.5,4,4
3,0,1,0,0,0,40,1600,2,0,4,1,1,1,312.0,3,1,7,0,2.0,2.0,1.0,1.0,1,1,1,1,1.0,5,1
3,0,1,0,0,0,43,1849,1,1,1,1,1,3,25.0,2,2,7,0,4.0,2.0,1.0,3.0,0,0,0,0,0.0,5,1
3,0,1,0,0,0,43,1849,2,0,7,1,1,3,20.0,2,9,1,0,1.0,1.0,1.0,1.0,1,1,1,1,1.0,1,1
3,0,1,0,0,0,35,1225,1,1,1,1,1,1,60.0,1,2,7,0,,,,,1,1,1,1,1.0,5,4
3,0,1,1,1,1,63,3969,1,1,4,1,1,2,16.0,2,1,1,0,3.0,1.0,2.0,2.0,0,1,1,1,0.75,4,4
3,0,1,0,0,1,35,1225,1,1,5,2,1,1,500.0,3,3,1,0,5.0,5.0,5.0,5.0,0,1,0,0,0.25,2,3
3,0,1,0,0,0,25,625,2,0,1,1,1,2,50.0,2,1,7,0,3.0,1.0,1.0,2.0,1,1,1,1,1.0,3,2
3,0,1,0,0,1,29,841,2,0,5,1,1,1,200.0,3,1,7,0,4.0,3.0,4.0,4.0,0,1,1,1,0.75,4,3
3,0,1,0,0,0,51,2601,2,0,1,1,1,1,30.0,3,1,7,0,5.0,3.0,4.0,5.0,0,0,0,0,0.0,5,5
3,0,1,0,0,0,50,2500,1,1,4,1,1,4,0.0,1,1,7,0,,,,,1,1,1,1,1.0,4,4
3,0,1,0,0,0,74,5476,1,1,4,1,1,2,10.0,1,3,7,0,,,,,0,1,1,0,0.5,5,5
3,0,1,1,1,1,44,1936,1,1,4,2,2,1,160.0,3,5,1,0,5.0,5.0,5.0,5.0,0,0,0,0,0.0,5,5
3,0,1,1,1,1,61,3721,2,0,2,1,1,2,150.0,3,3,7,0,4.0,4.0,3.0,5.0,0,1,1,0,0.5,5,4
3,0,1,0,0,0,28,784,2,0,3,1,1,1,0.0,3,3,7,0,2.0,2.0,4.0,3.0,1,1,1,1,1.0,5,2
3,0,1,0,0,1,30,900,2,0,7,1,1,1,500.0,3,3,7,0,4.0,3.0,3.0,3.0,1,1,1,1,1.0,4,4
3,0,1,0,0,0,35,1225,2,0,5,1,1,1,150.0,3,1,8,0,4.0,2.0,3.0,2.0,1,1,1,1,1.0,5,3
3,0,1,0,0,0,64,4096,1,1,5,1,1,1,10.0,2,1,1,0,3.0,2.0,4.0,4.0,1,1,1,0,0.75,4,4
3,0,1,0,0,0,29,841,2,0,1,1,1,1,100.0,3,1,7,0,5.0,3.0,2.0,4.0,0,1,1,1,0.75,5,3
3,0,1,1,1,1,34,1156,2,0,4,1,1,1,50.0,3,3,4,0,5.0,3.0,4.0,3.0,0,0,0,0,0.0,4,4
3,0,1,1,1,1,22,484,1,1,5,1,1,1,22.0,2,1,1,0,3.0,5.0,4.0,3.0,0,0,0,0,0.0,3,4
3,0,1,0,0,1,35,1225,2,0,6,1,1,1,170.0,3,1,7,0,4.0,1.0,2.0,3.0,0,0,0,0,0.0,5,5
3,0,1,0,0,0,33,1089,2,0,5,1,1,1,432.0,3,3,1,0,4.0,2.0,4.0,3.0,1,0,1,0,0.5,5,4
3,0,1,0,0,0,25,625,2,0,5,1,1,1,812.0,3,1,7,0,3.0,1.0,4.0,4.0,1,0,0,1,0.5,5,5
3,0,1,0,0,0,52,2704,2,0,4,1,1,2,35.0,4,1,1,0,3.0,3.0,3.0,3.0,1,1,1,1,1.0,3,3
3,0,1,0,0,0,18,324,1,1,1,2,1,1,70.0,2,1,4,0,3.0,3.0,5.0,1.0,1,0,0,0,0.25,4,4
3,0,1,0,0,0,25,625,2,0,3,1,1,1,150.0,2,8,7,0,1.0,1.0,1.0,1.0,0,1,1,1,0.75,4,2
3,0,1,0,0,0,27,729,2,0,1,2,1,1,20.0,2,3,7,0,4.0,5.0,5.0,5.0,1,1,1,1,1.0,2,1
3,0,1,0,0,0,64,4096,2,0,2,1,1,1,15.0,2,8,7,0,3.0,2.0,2.0,2.0,1,1,1,0,0.75,3,3
3,0,1,0,0,0,59,3481,2,0,3,1,1,1,150.0,2,1,7,0,5.0,5.0,5.0,5.0,1,1,1,1,1.0,5,5
3,0,1,0,0,0,23,529,2,0,1,1,1,1,500.0,3,1,7,0,4.0,3.0,4.0,4.0,1,1,1,1,1.0,4,4
3,0,1,0,0,0,25,625,2,0,4,1,1,1,171.0,2,3,7,0,3.0,1.0,3.0,3.0,1,1,1,1,1.0,5,5
3,0,1,0,0,0,27,729,2,0,7,1,1,1,300.0,3,3,7,0,3.0,2.0,3.0,3.0,1,1,1,0,0.75,4,4
3,0,1,0,0,0,51,2601,2,0,4,1,1,2,442.0,2,1,1,0,3.0,1.0,3.0,3.0,1,1,0,1,0.75,5,5
3,0,1,0,0,0,23,529,2,0,6,1,1,1,50.0,2,1,7,0,4.0,4.0,4.0,4.0,1,1,1,1,1.0,5,4
3,0,1,0,0,0,25,625,1,1,5,1,1,1,53.0,2,1,1,0,3.0,2.0,4.0,3.0,1,1,1,0,0.75,4,3
3,0,1,0,0,1,58,3364,2,0,5,1,1,1,20.0,2,1,7,0,4.0,3.0,2.0,3.0,1,1,1,1,1.0,5,5
3,0,1,1,1,1,26,676,1,1,4,1,1,1,600.0,3,3,1,0,5.0,5.0,1.0,2.0,0,0,0,0,0.0,3,4
3,0,1,0,0,1,67,4489,2,0,2,1,1,1,130.0,3,1,1,0,5.0,5.0,5.0,5.0,0,0,0,0,0.0,5,5
3,0,1,0,0,0,18,324,1,1,3,1,1,1,2500.0,3,3,7,0,2.0,2.0,4.0,3.0,0,0,0,0,0.0,4,4
3,0,1,0,0,1,34,1156,2,0,6,1,1,1,453.0,3,3,7,0,4.0,4.0,5.0,5.0,0,1,1,0,0.5,5,5
3,0,1,0,0,0,29,841,2,0,5,1,1,1,65.0,3,1,7,0,4.0,2.0,3.0,1.0,1,0,1,1,0.75,4,4
3,0,1,0,0,0,36,1296,2,0,5,1,1,1,454.0,3,1,1,0,4.0,3.0,3.0,4.0,1,1,1,1,1.0,5,5
3,0,1,0,0,1,35,1225,1,1,1,1,1,1,70.0,3,1,7,0,3.0,3.0,4.0,4.0,0,0,1,0,0.25,4,4
3,0,1,0,0,1,61,3721,1,1,5,1,1,1,128.0,3,1,1,0,4.0,2.0,3.0,3.0,1,1,1,1,1.0,4,3
3,0,1,0,0,0,29,841,2,0,5,1,1,1,200.0,3,2,7,0,3.0,1.0,3.0,3.0,1,1,0,0,0.5,5,5
3,0,1,0,0,0,23,529,1,1,5,1,1,3,250.0,2,3,2,1,3.0,4.0,5.0,4.0,1,1,1,0,0.75,5,5
3,0,1,0,0,0,47,2209,2,0,1,1,1,1,478.0,3,6,7,0,5.0,5.0,5.0,5.0,1,0,1,0,0.5,5,5
3,0,1,0,0,0,33,1089,2,0,3,2,2,1,500.0,2,3,1,0,3.0,1.0,3.0,1.0,1,1,1,1,1.0,5,3
3,0,1,0,0,0,37,1369,1,1,5,1,1,1,30.0,3,1,1,0,5.0,5.0,5.0,3.0,1,1,1,1,1.0,5,5
3,0,1,0,0,0,39,1521,2,0,5,1,2,1,1500.0,3,3,7,0,5.0,5.0,3.0,4.0,0,0,0,0,0.0,5,5
3,0,1,0,0,0,47,2209,2,0,4,1,1,1,65.0,3,3,1,0,5.0,5.0,3.0,3.0,0,0,1,1,0.5,5,5
3,0,1,0,0,0,24,576,2,0,4,1,1,1,600.0,2,3,8,0,2.0,3.0,2.0,2.0,0,0,0,0,0.0,2,2
3,0,1,0,0,0,51,2601,1,1,7,1,1,1,40.0,3,1,1,0,4.0,2.0,3.0,4.0,1,1,1,0,0.75,5,3
3,0,1,1,0,0,38,1444,1,1,4,1,1,1,150.0,3,2,1,0,2.0,2.0,2.0,2.0,0,0,0,0,0.0,2,2
3,0,1,0,0,0,59,3481,1,1,6,1,1,1,8.0,2,3,1,0,3.0,1.0,1.0,3.0,0,1,1,0,0.5,3,2
3,0,1,0,0,1,56,3136,1,1,5,1,1,2,10.0,1,1,1,0,,,,,1,1,0,1,0.75,5,5
3,0,1,0,0,0,55,3025,1,1,4,2,2,2,20.0,3,1,7,0,3.0,3.0,4.0,3.0,0,0,0,0,0.0,4,4
3,0,1,0,0,0,19,361,1,1,5,1,2,1,300.0,2,2,7,0,5.0,4.0,5.0,5.0,0,0,0,0,0.0,4,5
3,0,1,0,1,1,68,4624,1,1,4,1,1,2,35.0,2,1,1,0,3.0,1.0,1.0,3.0,1,1,1,0,0.75,4,4
3,0,1,0,0,0,70,4900,2,0,2,2,1,1,50.0,2,1,1,0,3.0,2.0,3.0,3.0,1,1,1,1,1.0,3,3
3,0,1,0,0,1,39,1521,2,0,6,2,2,1,200.0,3,8,1,0,3.0,3.0,3.0,3.0,0,1,1,0,0.5,5,5
3,0,1,0,0,0,59,3481,1,1,3,1,1,2,120.0,3,3,1,0,5.0,3.0,4.0,4.0,0,0,1,0,0.25,5,1
3,0,1,1,0,0,62,3844,1,1,5,1,1,1,200.0,3,2,1,0,5.0,5.0,4.0,5.0,1,0,1,0,0.5,5,5
3,0,1,0,0,0,62,3844,2,0,4,1,1,3,10.0,2,1,1,0,5.0,3.0,5.0,5.0,0,0,0,0,0.0,5,5
3,0,1,0,0,0,18,324,2,0,3,1,1,1,100.0,2,3,7,0,3.0,1.0,1.0,1.0,0,1,0,1,0.5,5,3
3,0,1,0,1,1,70,4900,2,0,2,1,1,1,22.0,3,1,1,0,4.0,2.0,1.0,2.0,0,1,0,0,0.25,5,4
3,0,1,0,0,0,18,324,1,1,1,1,1,1,80.0,3,3,7,0,2.0,1.0,2.0,3.0,0,0,0,0,0.0,2,1
3,0,1,0,0,1,54,2916,1,1,1,1,1,1,10.0,3,1,7,0,4.0,3.0,3.0,3.0,0,0,0,0,0.0,3,3
3,0,1,0,0,1,53,2809,1,1,5,1,1,1,252.0,2,3,1,0,3.0,3.0,5.0,4.0,1,1,1,0,0.75,5,5
3,0,1,0,0,0,30,900,1,1,1,1,1,1,42.0,2,3,7,0,1.0,1.0,1.0,1.0,1,1,1,1,1.0,1,1
3,0,1,0,0,1,61,3721,2,0,4,1,1,2,10.0,2,1,1,0,4.0,2.0,3.0,4.0,0,0,1,0,0.25,4,4
3,0,1,0,0,1,29,841,1,1,4,1,1,1,199.0,2,1,7,0,1.0,1.0,1.0,1.0,1,0,1,1,0.75,5,5
3,0,1,0,0,0,33,1089,2,0,5,1,1,1,100.0,2,1,1,0,3.0,1.0,1.0,2.0,1,1,1,1,1.0,5,4
3,0,1,0,1,1,19,361,1,1,4,1,1,3,53.0,2,1,2,1,3.0,4.0,5.0,2.0,0,1,0,0,0.25,1,3
3,0,1,1,1,1,31,961,2,0,5,1,1,1,50.0,3,1,7,0,4.0,1.0,1.0,1.0,1,1,1,1,1.0,5,5
3,0,1,0,0,0,67,4489,2,0,5,1,1,2,7.0,2,1,7,0,3.0,2.0,1.0,1.0,1,1,1,1,1.0,3,2
3,0,1,1,0,1,27,729,2,0,8,1,1,1,42.0,2,3,7,0,3.0,1.0,3.0,2.0,1,1,1,0,0.75,3,3
3,0,1,0,1,1,19,361,2,0,3,1,1,3,30.0,2,3,1,0,3.0,1.0,5.0,4.0,1,0,0,1,0.5,5,4
3,0,1,0,1,1,47,2209,2,0,5,1,1,1,120.0,3,1,7,0,4.0,3.0,4.0,4.0,0,1,1,0,0.5,4,4
3,0,1,0,0,0,69,4761,2,0,3,1,1,2,20.0,2,1,1,0,2.0,1.0,4.0,1.0,0,1,0,0,0.25,5,4
3,0,1,0,0,0,52,2704,1,1,5,1,1,1,120.0,3,3,1,0,4.0,4.0,5.0,5.0,0,0,0,0,0.0,5,5
3,0,1,0,0,0,35,1225,2,0,5,1,1,1,100.0,3,1,1,0,5.0,5.0,3.0,4.0,1,0,0,0,0.25,5,5
3,0,1,1,0,1,26,676,2,0,4,1,1,1,60.0,2,3,7,0,2.0,3.0,2.0,3.0,0,1,0,1,0.5,5,5
3,0,1,0,0,1,54,2916,2,0,4,1,1,3,40.0,2,3,2,1,3.0,3.0,1.0,1.0,0,0,1,1,0.5,5,5
3,0,1,0,0,0,50,2500,2,0,1,1,1,1,10.0,3,1,7,0,5.0,1.0,1.0,5.0,1,1,1,1,1.0,5,5
3,0,1,0,1,1,56,3136,2,0,6,1,1,1,1.0,2,1,7,0,2.0,2.0,2.0,2.0,0,0,0,0,0.0,2,3
3,0,1,0,0,0,52,2704,2,0,5,1,1,1,304.0,3,1,1,0,5.0,4.0,3.0,5.0,1,1,1,0,0.75,5,1
3,0,1,0,0,0,32,1024,2,0,1,1,1,1,50.0,3,3,2,1,5.0,5.0,5.0,5.0,1,1,1,1,1.0,1,1
3,0,1,0,0,0,38,1444,2,0,4,1,1,1,800.0,3,3,6,0,3.0,4.0,3.0,4.0,0,0,0,0,0.0,3,4
3,0,1,0,0,0,54,2916,2,0,5,1,1,1,197.0,3,1,7,0,5.0,1.0,1.0,1.0,0,0,1,1,0.5,5,3
3,0,1,1,0,0,70,4900,2,0,4,1,1,2,5.0,1,1,1,0,,,,,0,0,1,0,0.25,5,5
3,0,1,1,0,0,56,3136,2,0,4,1,1,1,20.0,3,1,1,0,4.0,1.0,3.0,4.0,0,0,0,1,0.25,5,5
3,0,1,0,0,0,23,529,2,0,3,1,1,1,22.0,2,1,7,0,3.0,2.0,3.0,2.0,0,1,0,1,0.5,4,3
3,0,1,0,0,1,45,2025,2,0,5,1,1,1,187.0,3,1,1,0,3.0,2.0,2.0,4.0,0,1,0,1,0.5,4,3
3,0,1,0,0,0,69,4761,2,0,3,1,1,1,81.0,1,1,1,0,,,,,1,1,1,1,1.0,5,5
3,0,1,0,0,0,46,2116,2,0,5,1,1,1,150.0,3,3,1,0,3.0,1.0,1.0,3.0,1,1,1,0,0.75,5,5
3,0,1,0,1,1,68,4624,2,0,5,1,1,1,20.0,3,3,7,0,4.0,4.0,1.0,2.0,0,0,0,0,0.0,5,4
3,0,1,1,1,1,57,3249,1,1,4,1,1,1,1052.0,3,3,1,0,3.0,3.0,3.0,3.0,0,1,0,0,0.25,5,5
3,0,1,0,0,0,55,3025,2,0,5,1,1,1,10.0,2,8,1,0,3.0,1.0,1.0,3.0,1,1,1,0,0.75,5,5
3,0,1,0,0,0,20,400,2,0,1,1,1,1,231.0,3,1,6,0,1.0,1.0,5.0,1.0,1,0,1,1,0.75,5,2
3,0,1,0,0,1,52,2704,2,0,1,1,1,1,100.0,2,1,7,0,4.0,2.0,2.0,4.0,1,1,1,1,1.0,5,5
3,0,1,0,0,1,44,1936,2,0,4,1,1,2,130.0,3,1,7,0,5.0,1.0,1.0,3.0,1,1,1,1,1.0,4,3
3,0,1,0,0,0,70,4900,2,0,4,1,1,2,60.0,2,2,7,0,3.0,1.0,2.0,1.0,1,1,0,1,0.75,3,3
3,0,1,0,0,0,43,1849,2,0,5,1,1,2,35.0,3,3,1,0,3.0,1.0,3.0,3.0,1,1,1,1,1.0,5,5
3,0,1,0,0,1,32,1024,2,0,4,1,1,1,100.0,3,1,1,0,4.0,4.0,4.0,4.0,1,1,1,1,1.0,4,4
3,0,1,1,0,0,54,2916,2,0,1,1,1,1,150.0,4,3,7,0,3.0,2.0,2.0,2.0,1,1,1,0,0.75,5,4
3,0,1,0,1,1,43,1849,2,0,5,1,1,1,95.0,3,3,7,0,5.0,4.0,3.0,5.0,1,1,1,1,1.0,5,5
3,0,1,0,0,1,30,900,1,1,4,1,1,1,185.0,3,1,7,0,5.0,3.0,4.0,4.0,1,1,0,0,0.5,5,3
3,0,1,0,0,0,28,784,2,0,3,1,1,1,20.0,2,3,4,0,5.0,1.0,1.0,1.0,0,1,1,1,0.75,5,5
3,0,1,0,0,1,73,5329,1,1,4,2,1,1,180.0,3,1,7,0,4.0,1.0,3.0,2.0,1,1,1,0,0.75,5,5
3,0,1,0,0,0,65,4225,2,0,3,2,2,1,50.0,3,1,1,0,5.0,1.0,1.0,4.0,0,1,1,1,0.75,5,5
3,0,1,0,0,0,19,361,1,1,1,1,1,1,300.0,2,3,1,0,3.0,1.0,2.0,1.0,1,0,1,1,0.75,5,4
3,0,1,0,0,1,55,3025,1,1,1,1,1,1,150.0,2,1,1,0,3.0,1.0,1.0,2.0,0,1,1,1,0.75,5,5
3,0,1,0,0,0,71,5041,1,1,2,1,1,3,0.0,2,1,1,0,3.0,1.0,5.0,3.0,1,1,1,1,1.0,5,5
3,0,1,0,0,1,40,1600,1,1,5,1,1,1,40.0,3,3,7,0,5.0,3.0,2.0,4.0,0,0,1,1,0.5,5,5
3,0,1,0,0,0,70,4900,2,0,4,1,1,1,100.0,3,1,1,0,5.0,3.0,3.0,5.0,0,1,0,0,0.25,5,5
3,0,1,0,0,0,31,961,2,0,1,1,1,1,30.0,2,3,6,0,3.0,2.0,2.0,2.0,0,0,0,0,0.0,3,3
3,0,1,0,0,1,63,3969,2,0,4,1,1,2,40.0,3,1,1,0,5.0,2.0,3.0,5.0,0,0,0,1,0.25,5,5
3,0,1,0,0,1,34,1156,1,1,4,1,1,1,231.0,2,1,1,0,3.0,2.0,3.0,1.0,1,0,0,1,0.5,5,5
3,0,1,0,0,0,31,961,1,1,4,1,1,1,54.0,3,3,7,0,4.0,1.0,1.0,3.0,1,0,1,1,0.75,5,5
3,0,1,0,0,0,48,2304,2,0,4,1,2,1,60.0,3,3,7,0,4.0,3.0,2.0,5.0,1,1,1,1,1.0,4,2
3,0,1,0,0,0,28,784,2,0,5,1,1,1,541.0,3,8,1,0,5.0,1.0,5.0,3.0,1,0,1,1,0.75,3,1
3,0,1,0,0,1,44,1936,1,1,3,1,1,1,350.0,3,1,7,0,5.0,3.0,4.0,3.0,0,0,0,0,0.0,5,4
3,0,1,0,0,0,46,2116,2,0,1,1,1,1,250.0,3,1,1,0,4.0,3.0,3.0,5.0,1,1,1,0,0.75,5,5
3,0,1,0,1,1,48,2304,2,0,6,1,1,1,50.0,3,1,1,0,5.0,4.0,5.0,5.0,0,0,0,0,0.0,5,5
3,0,1,0,0,0,58,3364,2,0,3,1,1,1,57.0,2,1,8,0,2.0,2.0,2.0,2.0,0,0,0,0,0.0,2,2
3,0,1,0,0,1,77,5929,2,0,3,1,1,3,50.0,3,1,1,0,4.0,1.0,4.0,5.0,0,1,0,0,0.25,5,4
3,0,1,0,0,0,63,3969,1,1,3,1,2,1,50.0,3,1,1,0,4.0,1.0,4.0,3.0,0,0,1,0,0.25,5,3
3,0,1,0,0,0,21,441,2,0,4,1,1,1,167.0,2,3,7,0,2.0,1.0,5.0,1.0,1,0,1,1,0.75,5,4
3,0,1,0,0,0,67,4489,1,1,5,1,1,2,30.0,2,3,1,0,4.0,3.0,4.0,3.0,0,0,1,0,0.25,5,5
3,0,1,0,0,1,55,3025,2,0,5,2,1,1,30.0,3,1,7,0,4.0,3.0,2.0,5.0,0,0,1,0,0.25,5,5
3,0,1,0,0,1,68,4624,2,0,5,1,1,1,16.0,2,3,1,0,3.0,1.0,1.0,1.0,1,1,1,1,1.0,3,3
3,0,1,0,0,0,39,1521,1,1,5,1,1,2,20.0,3,1,7,0,4.0,2.0,3.0,3.0,1,1,1,0,0.75,5,3
3,0,1,0,0,0,42,1764,1,1,4,1,1,1,156.0,2,8,7,0,4.0,2.0,3.0,3.0,0,0,0,0,0.0,2,3
3,0,1,0,0,0,73,5329,2,0,3,1,1,1,65.0,3,5,1,0,4.0,1.0,4.0,4.0,1,1,1,0,0.75,5,2
3,0,1,0,0,0,47,2209,2,0,1,1,1,2,30.0,2,3,1,0,3.0,1.0,1.0,2.0,0,1,0,1,0.5,4,3
3,0,1,0,0,0,50,2500,1,1,4,1,1,2,10.0,1,8,7,0,,,,,0,0,1,1,0.5,5,5
3,0,1,0,0,0,58,3364,2,0,5,1,1,2,50.0,2,1,1,0,1.0,2.0,1.0,2.0,0,1,1,0,0.5,5,5
3,0,1,0,0,0,22,484,2,0,4,2,2,1,1000.0,3,1,1,0,3.0,4.0,4.0,4.0,0,0,0,0,0.0,5,5
3,0,1,0,0,0,18,324,1,1,3,1,1,1,150.0,2,3,1,0,5.0,1.0,1.0,1.0,0,0,1,0,0.25,5,4
3,0,1,0,0,0,47,2209,2,0,5,1,1,1,120.0,3,1,1,0,3.0,2.0,3.0,4.0,0,1,1,1,0.75,5,5
3,0,1,0,0,0,28,784,2,0,1,2,1,1,160.0,2,1,4,0,3.0,3.0,5.0,3.0,0,0,0,0,0.0,3,3
3,0,1,0,0,1,53,2809,2,0,5,1,1,1,30.0,3,1,7,0,4.0,3.0,4.0,4.0,1,1,1,0,0.75,5,5
3,0,1,0,0,0,57,3249,1,1,1,2,2,1,300.0,3,3,7,0,3.0,4.0,3.0,5.0,0,0,0,0,0.0,3,4
3,0,1,0,0,1,42,1764,2,0,4,1,1,1,70.0,3,1,7,0,3.0,2.0,3.0,4.0,1,1,1,1,1.0,5,4
3,0,1,0,0,0,55,3025,2,0,4,1,1,1,34.0,2,8,7,0,3.0,2.0,4.0,3.0,1,1,1,1,1.0,4,3
3,0,1,0,0,0,26,676,2,0,4,1,1,1,200.0,3,3,8,0,3.0,4.0,3.0,3.0,1,1,1,0,0.75,5,4
3,0,1,0,1,1,30,900,2,0,3,1,1,1,20.0,3,3,6,0,5.0,4.0,5.0,5.0,1,1,0,0,0.5,4,4
3,0,1,1,0,0,40,1600,1,1,5,1,1,3,500.0,1,1,1,0,,,,,0,0,0,0,0.0,3,3
3,0,1,1,0,1,62,3844,2,0,8,1,1,1,99.0,3,3,1,0,5.0,2.0,3.0,4.0,1,1,1,1,1.0,5,5
3,0,1,0,0,0,69,4761,1,1,6,2,2,1,40.0,3,3,1,0,4.0,2.0,2.0,2.0,0,1,0,0,0.25,5,5
3,0,1,0,0,0,57,3249,2,0,4,1,1,1,437.0,3,1,1,0,5.0,1.0,1.0,1.0,1,1,0,0,0.5,5,4
3,0,1,0,0,0,67,4489,2,0,2,2,1,1,95.0,1,1,1,0,,,,,1,1,1,0,0.75,5,5
3,0,1,0,0,1,73,5329,2,0,4,1,1,1,75.0,3,1,1,0,4.0,3.0,4.0,3.0,1,1,1,1,1.0,4,1
3,0,1,0,0,0,43,1849,2,0,3,1,1,1,106.0,3,1,1,0,3.0,2.0,2.0,2.0,1,0,1,0,0.5,5,3
3,0,1,0,1,1,31,961,2,0,4,1,1,1,50.0,3,5,1,0,3.0,2.0,2.0,4.0,0,1,0,0,0.25,4,4
3,0,1,0,0,0,18,324,1,1,7,1,1,2,285.0,2,2,4,0,1.0,1.0,2.0,2.0,0,0,0,1,0.25,5,4
3,0,1,0,0,1,20,400,1,1,3,1,1,2,291.0,3,5,7,0,4.0,4.0,4.0,5.0,0,0,0,0,0.0,5,4
3,0,1,0,0,1,39,1521,2,0,5,2,2,1,200.0,2,3,1,0,1.0,1.0,1.0,2.0,1,0,1,1,0.75,3,2
3,0,1,0,0,0,35,1225,2,0,4,1,1,1,470.0,3,1,1,0,4.0,3.0,3.0,5.0,0,0,0,0,0.0,5,4
3,0,1,0,0,0,49,2401,2,0,4,1,1,2,50.0,2,1,7,0,4.0,3.0,3.0,4.0,0,1,1,1,0.75,5,4
3,0,1,0,0,0,37,1369,2,0,3,1,1,1,118.0,3,3,1,0,3.0,2.0,2.0,4.0,0,1,1,0,0.5,5,1
3,0,1,0,0,1,19,361,1,1,4,1,1,1,507.0,2,3,1,0,5.0,5.0,5.0,5.0,0,0,0,0,0.0,5,5
3,0,1,0,0,0,48,2304,2,0,4,1,1,1,180.0,3,1,1,0,3.0,3.0,3.0,3.0,1,1,1,1,1.0,4,5
3,0,1,1,1,1,42,1764,2,0,1,2,1,2,100.0,3,1,7,0,4.0,4.0,3.0,3.0,0,0,0,0,0.0,5,5
3,0,1,0,1,1,54,2916,1,1,6,1,1,2,15.0,3,5,1,0,3.0,2.0,2.0,3.0,0,1,0,1,0.5,4,3
3,0,1,0,0,1,27,729,2,0,3,1,1,1,343.0,3,3,7,0,5.0,5.0,5.0,5.0,0,0,1,1,0.5,4,5
3,0,1,0,0,1,36,1296,2,0,7,1,1,1,30.0,2,1,1,0,4.0,4.0,2.0,3.0,1,0,1,1,0.75,4,4
3,0,1,1,0,0,39,1521,1,1,4,1,1,1,3000.0,3,3,1,0,5.0,5.0,3.0,3.0,1,1,1,1,1.0,5,5
3,0,1,0,0,0,36,1296,2,0,4,1,1,1,130.0,3,8,1,0,4.0,1.0,3.0,4.0,0,1,0,0,0.25,5,2
3,0,1,0,0,0,28,784,2,0,4,1,1,1,232.0,3,1,1,0,3.0,3.0,2.0,2.0,0,0,0,0,0.0,5,5
3,0,1,1,0,0,60,3600,2,0,2,1,1,1,200.0,3,1,7,0,5.0,1.0,1.0,5.0,1,0,0,1,0.5,5,1
3,0,1,0,0,0,60,3600,2,0,4,1,1,1,480.0,3,1,1,0,5.0,2.0,4.0,5.0,0,0,1,0,0.25,5,5
3,0,1,0,1,1,57,3249,1,1,4,1,1,1,80.0,3,3,7,0,3.0,4.0,4.0,4.0,0,0,1,0,0.25,5,4
3,0,1,0,0,0,68,4624,1,1,2,1,1,2,10.0,2,4,1,0,1.0,2.0,2.0,2.0,1,1,1,1,1.0,5,1
3,0,1,0,0,0,44,1936,2,0,3,1,1,1,74.0,3,4,7,0,3.0,1.0,1.0,1.0,1,1,1,1,1.0,5,5
3,0,1,0,0,0,33,1089,2,0,3,1,1,1,81.0,3,1,7,0,5.0,1.0,1.0,5.0,0,0,1,1,0.5,5,5
3,0,1,0,0,1,32,1024,2,0,4,1,1,1,20.0,3,8,1,0,5.0,1.0,1.0,1.0,1,1,1,1,1.0,5,3
3,0,1,0,0,1,31,961,1,1,4,1,1,1,100.0,2,3,1,0,2.0,2.0,2.0,3.0,0,1,1,1,0.75,3,4
3,0,1,0,0,0,52,2704,1,1,4,1,1,1,30.0,3,1,7,0,5.0,5.0,5.0,5.0,1,1,1,0,0.75,5,5
3,0,1,0,0,1,25,625,2,0,4,3,1,1,200.0,3,1,7,0,1.0,1.0,1.0,1.0,1,0,1,1,0.75,5,5
3,0,1,0,1,1,65,4225,1,1,4,2,2,1,20.0,2,3,7,0,3.0,2.0,4.0,4.0,1,1,1,0,0.75,2,2
3,0,1,1,1,1,45,2025,2,0,3,1,1,1,50.0,2,1,8,0,5.0,3.0,4.0,3.0,0,1,0,0,0.25,2,3
3,0,1,0,0,0,34,1156,2,0,5,1,1,1,111.0,3,3,7,0,5.0,5.0,5.0,5.0,1,1,1,1,1.0,1,1
3,0,1,1,0,0,33,1089,1,1,3,1,1,1,2.0,2,3,7,0,5.0,2.0,5.0,5.0,1,1,1,1,1.0,5,5
3,0,1,0,0,0,56,3136,2,0,4,2,1,1,20.0,2,1,8,0,3.0,1.0,1.0,1.0,1,0,0,1,0.5,1,1
3,0,1,0,0,0,71,5041,2,0,7,1,1,2,25.0,3,5,1,0,2.0,1.0,1.0,1.0,0,1,1,0,0.5,2,2
3,0,1,0,0,1,69,4761,2,0,7,1,1,1,10.0,2,1,1,0,4.0,2.0,5.0,4.0,1,1,1,0,0.75,5,4
3,0,1,0,0,1,25,625,1,1,3,1,1,2,105.0,2,1,7,0,5.0,5.0,5.0,5.0,1,1,1,0,0.75,5,5
3,0,1,0,0,0,32,1024,2,0,5,1,1,1,274.0,3,1,7,0,4.0,2.0,2.0,4.0,1,1,1,0,0.75,5,5
3,0,1,0,0,0,22,484,2,0,6,1,1,1,250.0,2,1,7,0,3.0,1.0,2.0,2.0,0,1,1,0,0.5,5,3
3,0,1,0,0,0,67,4489,2,0,3,1,2,2,250.0,2,1,7,0,3.0,2.0,1.0,3.0,0,1,0,0,0.25,5,5
3,0,1,0,0,0,41,1681,2,0,9,1,1,1,100.0,3,1,7,0,4.0,3.0,3.0,3.0,0,1,0,1,0.5,5,3
3,0,1,0,0,0,56,3136,2,0,4,1,1,1,25.0,3,2,1,0,5.0,5.0,3.0,5.0,0,1,0,0,0.25,5,5
3,0,1,0,0,0,48,2304,2,0,5,1,1,1,250.0,2,8,1,0,4.0,2.0,3.0,2.0,1,1,1,1,1.0,3,3
3,0,1,0,0,0,29,841,2,0,1,2,1,1,150.0,3,1,1,0,5.0,5.0,2.0,5.0,1,1,1,1,1.0,5,5
3,0,1,0,0,1,54,2916,2,0,4,1,1,1,50.0,2,8,7,0,4.0,2.0,2.0,4.0,1,1,1,1,1.0,4,4
3,0,1,0,0,0,47,2209,2,0,5,1,1,1,124.0,3,1,7,0,2.0,1.0,3.0,3.0,1,0,1,0,0.5,5,5
3,0,1,0,0,0,20,400,2,0,7,1,1,1,,2,1,7,0,1.0,1.0,4.0,1.0,0,1,1,0,0.5,5,5
3,0,1,0,0,0,26,676,1,1,4,1,1,1,40.0,2,3,3,0,3.0,3.0,2.0,3.0,0,0,1,1,0.5,5,5
3,0,1,0,0,1,49,2401,2,0,3,1,1,1,50.0,2,1,7,0,2.0,1.0,2.0,5.0,0,0,0,0,0.0,5,5
3,0,1,1,1,1,32,1024,1,1,5,1,1,1,2000.0,3,3,1,0,4.0,5.0,5.0,4.0,0,0,0,0,0.0,4,4
3,0,1,0,0,0,51,2601,1,1,5,1,1,1,50.0,2,9,1,0,2.0,2.0,2.0,2.0,0,0,0,1,0.25,2,2
3,0,1,0,0,0,53,2809,1,1,5,1,1,1,200.0,3,5,7,0,3.0,3.0,3.0,3.0,1,1,1,0,0.75,3,3
3,0,1,0,0,0,41,1681,2,0,5,1,1,1,161.0,3,8,4,0,5.0,4.0,4.0,3.0,1,1,1,1,1.0,5,3
3,0,1,0,0,0,47,2209,2,0,5,2,2,1,61.0,3,1,1,0,4.0,1.0,4.0,3.0,1,0,1,1,0.75,5,5
3,0,1,0,0,0,30,900,1,1,1,1,1,1,90.0,2,3,7,0,3.0,2.0,5.0,3.0,0,0,0,1,0.25,5,5
3,0,1,0,0,1,57,3249,2,0,5,3,1,2,10.0,2,1,1,0,2.0,1.0,1.0,1.0,1,1,1,1,1.0,3,3
3,0,1,0,0,0,34,1156,2,0,5,1,1,1,183.0,3,3,7,0,3.0,2.0,1.0,4.0,1,1,1,1,1.0,4,3
3,0,1,0,1,1,49,2401,1,1,4,2,2,1,250.0,3,2,1,0,3.0,2.0,2.0,2.0,0,0,1,1,0.5,4,3
3,0,1,0,0,0,42,1764,2,0,4,1,1,1,10.0,3,1,7,0,4.0,4.0,1.0,3.0,1,1,1,1,1.0,4,4
3,0,1,0,0,1,53,2809,2,0,4,1,1,2,15.0,2,3,1,0,3.0,3.0,4.0,4.0,0,1,1,0,0.5,5,2
3,0,1,0,0,1,45,2025,2,0,4,1,1,3,40.0,2,1,1,0,2.0,2.0,2.0,2.0,0,1,1,1,0.75,5,4
3,0,1,0,0,1,47,2209,2,0,5,1,1,2,158.0,2,3,1,0,5.0,3.0,5.0,2.0,0,0,0,1,0.25,5,5
3,0,1,0,0,0,74,5476,1,1,4,1,1,2,200.0,2,1,1,0,3.0,1.0,1.0,3.0,0,0,0,1,0.25,5,5
3,0,1,0,0,0,68,4624,1,1,3,1,1,3,35.0,2,1,7,0,1.0,1.0,1.0,2.0,0,1,1,0,0.5,4,4
3,0,1,1,0,0,54,2916,2,0,5,1,1,1,174.0,3,8,1,0,5.0,2.0,2.0,4.0,0,1,1,1,0.75,5,4
3,0,1,0,0,0,49,2401,2,0,4,1,1,2,210.0,3,1,1,0,4.0,3.0,3.0,4.0,1,1,1,1,1.0,4,3
3,0,1,0,0,0,39,1521,2,0,1,1,1,1,131.0,3,3,7,0,5.0,3.0,2.0,2.0,1,1,1,1,1.0,3,3
3,0,1,0,0,0,63,3969,2,0,5,1,1,1,52.0,3,1,7,0,4.0,1.0,1.0,4.0,1,1,1,1,1.0,4,4
3,0,1,0,0,0,65,4225,2,0,1,1,1,1,50.0,2,1,1,0,1.0,1.0,1.0,1.0,1,1,0,0,0.5,3,3
3,0,1,0,0,1,40,1600,2,0,5,1,1,4,22.0,2,1,1,0,1.0,1.0,1.0,3.0,1,1,1,1,1.0,5,3
3,0,1,0,0,1,24,576,1,1,4,2,2,4,1000.0,2,3,4,0,3.0,2.0,3.0,2.0,1,0,1,1,0.75,5,5
3,0,1,0,0,0,40,1600,1,1,1,1,1,1,200.0,3,1,1,0,4.0,2.0,1.0,5.0,1,1,1,1,1.0,5,5
3,0,1,0,0,0,24,576,2,0,4,1,1,1,686.0,3,8,7,0,4.0,3.0,1.0,3.0,0,0,1,1,0.5,5,4
3,0,1,0,0,0,34,1156,2,0,4,1,1,1,500.0,3,8,1,0,3.0,1.0,1.0,3.0,0,0,0,0,0.0,3,3
3,0,1,0,0,0,49,2401,2,0,4,2,2,1,150.0,3,1,1,0,2.0,1.0,1.0,1.0,1,0,1,1,0.75,5,5
3,0,1,0,0,0,73,5329,2,0,3,1,1,2,2.0,2,5,1,0,1.0,1.0,1.0,1.0,0,1,0,1,0.5,5,4
3,0,1,0,0,0,24,576,2,0,6,1,1,1,111.0,2,8,7,0,5.0,2.0,1.0,1.0,1,0,0,1,0.5,5,5
3,0,1,0,0,1,33,1089,1,1,5,1,1,1,15.0,2,1,7,0,4.0,1.0,1.0,1.0,1,1,0,1,0.75,4,4
3,0,1,0,0,0,19,361,2,0,1,1,2,1,100.0,2,3,4,0,3.0,3.0,3.0,3.0,1,1,0,0,0.5,3,3
3,0,1,0,0,1,68,4624,2,0,5,1,1,1,43.0,2,1,7,0,3.0,1.0,1.0,2.0,1,1,0,1,0.75,4,4
3,0,1,0,0,0,34,1156,2,0,4,1,1,1,113.0,3,3,7,0,5.0,3.0,5.0,5.0,0,1,1,1,0.75,5,5
3,0,1,0,0,0,70,4900,2,0,5,1,1,1,14.0,2,1,7,0,5.0,1.0,1.0,3.0,0,1,1,0,0.5,3,3
3,0,1,0,0,1,62,3844,2,0,1,1,1,1,450.0,3,5,1,0,5.0,2.0,5.0,5.0,1,1,0,1,0.75,5,5
3,0,1,0,0,1,46,2116,1,1,7,1,1,2,26.0,2,3,7,0,4.0,1.0,1.0,1.0,1,1,1,0,0.75,4,4
3,0,1,0,0,1,61,3721,2,0,4,1,1,1,30.0,2,1,1,0,3.0,2.0,3.0,3.0,0,1,1,1,0.75,4,3
3,0,1,0,0,0,56,3136,2,0,5,1,1,2,6.0,2,8,7,0,5.0,3.0,2.0,3.0,1,1,1,1,1.0,5,5
3,0,1,0,0,1,39,1521,1,1,3,1,1,2,250.0,3,1,1,0,4.0,1.0,1.0,2.0,0,1,1,1,0.75,5,1
3,0,1,0,0,0,53,2809,2,0,3,1,1,2,4.0,1,1,1,0,,,,,1,0,1,1,0.75,5,4
3,0,1,0,0,1,57,3249,2,0,2,1,1,1,120.0,3,1,1,0,4.0,2.0,3.0,3.0,0,1,1,1,0.75,5,5
3,0,1,0,0,0,49,2401,2,0,5,2,2,1,124.0,3,3,4,0,5.0,4.0,5.0,5.0,1,0,1,1,0.75,5,5
3,0,1,0,0,0,29,841,2,0,4,1,1,1,165.0,3,3,7,0,4.0,2.0,1.0,4.0,0,1,1,1,0.75,4,5
3,0,1,0,0,0,72,5184,1,1,4,1,1,2,10.0,1,1,1,0,,,,,0,1,1,0,0.5,5,5
3,0,1,0,0,1,41,1681,2,0,5,1,1,4,150.0,2,3,1,0,2.0,1.0,2.0,1.0,0,1,0,1,0.5,3,3
3,0,1,0,0,0,33,1089,2,0,1,2,2,1,6000.0,3,3,4,0,4.0,4.0,3.0,3.0,1,0,1,1,0.75,2,2
3,0,1,0,0,0,44,1936,2,0,3,1,1,1,500.0,3,1,7,0,2.0,2.0,1.0,1.0,1,1,1,1,1.0,5,5
3,0,1,0,0,1,54,2916,2,0,7,1,1,2,50.0,1,1,1,0,,,,,1,1,1,1,1.0,2,2
3,0,1,0,0,0,35,1225,1,1,4,1,1,4,245.0,2,8,7,0,4.0,2.0,2.0,3.0,0,1,0,1,0.5,5,4
3,0,1,0,0,0,49,2401,1,1,5,2,1,2,70.0,3,3,4,0,5.0,3.0,4.0,4.0,0,0,0,0,0.0,4,5
3,0,1,0,0,0,55,3025,2,0,4,1,1,1,45.0,2,1,1,0,2.0,3.0,2.0,2.0,0,1,1,0,0.5,3,3
3,0,1,0,0,0,43,1849,2,0,5,1,1,1,250.0,3,8,1,0,4.0,2.0,3.0,4.0,1,1,1,1,1.0,5,4
3,0,1,0,1,1,27,729,2,0,3,1,1,1,221.0,3,3,7,0,4.0,3.0,3.0,4.0,1,1,0,1,0.75,5,4
3,0,1,0,0,0,71,5041,2,0,4,1,1,3,5.0,1,2,1,0,,,,,0,1,1,0,0.5,3,3
3,0,1,0,1,1,67,4489,1,1,3,2,1,2,350.0,2,3,7,0,4.0,1.0,1.0,3.0,0,1,0,0,0.25,4,3
3,0,1,1,1,1,44,1936,1,1,7,1,1,1,100.0,3,2,1,0,3.0,3.0,2.0,4.0,0,0,0,0,0.0,2,4
3,0,1,0,0,0,63,3969,2,0,5,1,1,1,23.0,3,1,1,0,5.0,5.0,4.0,5.0,0,1,1,1,0.75,5,5
3,0,1,0,0,0,58,3364,1,1,3,1,1,1,200.0,3,4,7,0,4.0,2.0,2.0,4.0,0,0,0,1,0.25,5,5
3,0,1,0,0,0,73,5329,2,0,3,1,1,2,10.0,2,2,1,0,2.0,2.0,2.0,2.0,0,0,1,1,0.5,3,3
3,0,1,0,0,1,23,529,1,1,4,3,3,3,30.0,2,3,8,0,4.0,1.0,1.0,1.0,0,0,0,1,0.25,5,5
3,0,1,0,0,0,29,841,2,0,1,1,1,1,175.0,3,1,7,0,3.0,2.0,4.0,5.0,0,0,0,1,0.25,5,5
3,0,1,0,0,1,25,625,2,0,5,1,1,1,171.0,2,3,7,0,5.0,2.0,2.0,4.0,1,0,1,1,0.75,5,4
3,0,1,0,0,1,46,2116,1,1,4,1,1,1,155.0,3,2,7,0,4.0,3.0,3.0,3.0,0,0,0,1,0.25,5,4
3,0,1,0,0,1,34,1156,2,0,5,1,1,1,150.0,3,1,1,0,3.0,2.0,3.0,3.0,1,1,1,0,0.75,3,3
3,0,1,0,0,0,52,2704,2,0,3,1,1,1,30.0,3,3,7,0,5.0,5.0,4.0,5.0,1,1,1,1,1.0,3,3
3,0,1,1,0,0,42,1764,2,0,3,1,1,1,20.0,2,1,1,0,5.0,5.0,5.0,5.0,0,0,0,0,0.0,5,5
3,0,1,0,0,0,66,4356,2,0,2,1,1,1,80.0,3,5,1,0,3.0,4.0,3.0,3.0,0,1,0,1,0.5,5,5
3,0,1,0,0,0,53,2809,2,0,6,1,2,1,40.0,4,3,8,0,2.0,1.0,1.0,1.0,0,0,1,1,0.5,4,3
3,0,1,0,0,1,21,441,1,1,4,1,1,1,157.0,3,1,7,0,4.0,4.0,4.0,4.0,1,0,1,1,0.75,5,5
3,0,1,0,0,0,29,841,2,0,6,1,1,1,300.0,3,6,7,0,2.0,3.0,3.0,3.0,0,0,0,0,0.0,4,3
3,0,1,0,0,0,27,729,2,0,5,2,1,1,110.0,3,2,7,0,3.0,3.0,1.0,2.0,0,0,1,1,0.5,5,5
3,0,1,0,0,1,61,3721,1,1,4,1,1,1,49.0,3,1,7,0,4.0,1.0,2.0,4.0,0,1,1,1,0.75,5,5
3,0,1,0,0,0,62,3844,2,0,5,1,1,2,33.0,2,1,1,0,1.0,1.0,1.0,1.0,1,1,1,0,0.75,4,2
3,0,1,0,0,0,36,1296,2,0,3,2,2,1,590.0,2,3,4,0,3.0,5.0,5.0,5.0,0,0,1,1,0.5,5,5
3,0,1,0,0,0,53,2809,1,1,4,1,2,2,15.0,2,1,7,0,4.0,2.0,3.0,4.0,0,0,0,0,0.0,5,5
3,0,1,0,0,0,35,1225,2,0,3,1,1,1,215.0,3,8,1,0,3.0,4.0,1.0,5.0,0,1,1,1,0.75,5,4
3,0,1,0,0,1,19,361,2,0,7,1,1,1,272.0,2,2,1,0,5.0,1.0,1.0,2.0,0,0,0,1,0.25,5,4
3,0,1,1,0,1,49,2401,1,1,1,2,1,3,2.0,1,1,7,0,,,,,1,1,1,1,1.0,2,2
3,0,1,1,0,0,52,2704,1,1,4,2,2,1,10.0,1,3,7,0,,,,,0,0,1,0,0.25,5,3
3,0,1,0,0,1,35,1225,1,1,4,2,1,1,500.0,3,3,1,0,5.0,5.0,5.0,5.0,0,0,0,0,0.0,5,3
3,0,1,0,0,0,60,3600,2,0,5,1,1,1,5.0,3,1,6,0,3.0,2.0,5.0,4.0,0,1,0,1,0.5,5,5
3,0,1,0,0,0,62,3844,1,1,3,1,1,3,10.0,1,1,7,0,,,,,0,1,1,0,0.5,4,4
3,0,1,0,0,1,69,4761,2,0,4,1,1,2,30.0,3,1,1,0,4.0,3.0,3.0,4.0,0,1,1,1,0.75,4,4
3,0,1,0,0,0,69,4761,2,0,3,1,1,1,15.0,2,1,1,0,1.0,1.0,1.0,1.0,0,0,1,1,0.5,5,4
3,0,1,0,0,0,80,6400,2,0,4,2,1,2,22.0,2,1,1,0,4.0,2.0,3.0,3.0,0,0,0,0,0.0,5,5
3,0,1,0,0,0,58,3364,2,0,3,1,1,1,60.0,2,4,1,0,1.0,1.0,1.0,1.0,0,1,1,0,0.5,5,5
3,0,1,0,0,0,63,3969,2,0,1,1,1,2,50.0,2,5,8,0,3.0,1.0,3.0,3.0,1,1,0,1,0.75,3,3
3,0,1,0,0,0,22,484,2,0,3,1,1,3,40.0,2,9,8,0,3.0,1.0,1.0,1.0,0,0,1,1,0.5,5,3
3,0,1,0,0,0,44,1936,1,1,5,1,1,2,1768.0,3,8,7,0,3.0,1.0,1.0,3.0,0,0,1,0,0.25,5,3
3,0,1,0,0,0,30,900,1,1,9,1,1,2,4789.0,2,4,7,0,4.0,2.0,4.0,3.0,0,0,0,0,0.0,4,4
3,0,1,0,0,0,47,2209,2,0,7,1,1,2,50.0,2,1,1,0,1.0,1.0,1.0,1.0,0,1,1,1,0.75,5,5
3,0,1,1,1,1,35,1225,2,0,9,1,1,1,100.0,2,1,4,0,4.0,3.0,3.0,4.0,0,0,0,0,0.0,3,2
3,0,1,1,1,1,28,784,2,0,4,1,1,1,121.0,3,3,2,1,3.0,5.0,5.0,5.0,1,1,1,0,0.75,5,4
3,0,1,0,0,1,35,1225,2,0,5,1,1,1,64.0,3,1,1,0,3.0,3.0,3.0,3.0,0,0,0,0,0.0,3,3
3,0,1,0,0,0,44,1936,2,0,3,1,1,3,0.0,1,1,7,0,,,,,0,1,1,1,0.75,5,4
3,0,1,0,0,0,62,3844,2,0,7,1,1,5,0.0,1,1,7,0,,,,,1,1,1,1,1.0,5,5
3,0,1,0,0,1,44,1936,2,0,6,2,2,1,23.0,2,1,1,0,2.0,2.0,2.0,2.0,0,0,0,1,0.25,5,5
3,0,1,0,0,1,46,2116,2,0,6,1,1,1,200.0,3,1,1,0,3.0,3.0,3.0,3.0,1,1,0,1,0.75,1,1
3,0,1,0,0,0,43,1849,2,0,5,1,1,3,2.0,2,1,7,0,4.0,2.0,2.0,4.0,1,1,1,1,1.0,4,4
3,0,1,0,0,0,66,4356,2,0,3,1,1,1,200.0,3,3,8,0,4.0,1.0,1.0,2.0,0,1,1,1,0.75,3,4
3,0,1,0,0,1,65,4225,2,0,3,1,1,3,812.0,2,8,1,0,4.0,1.0,1.0,3.0,0,1,0,1,0.5,5,4
3,0,1,0,0,0,55,3025,2,0,4,1,1,3,8.0,2,8,7,0,1.0,1.0,1.0,3.0,1,1,1,1,1.0,4,3
3,0,1,0,0,0,70,4900,2,0,2,1,1,1,22.0,3,1,1,0,4.0,3.0,3.0,5.0,0,1,0,0,0.25,5,4
3,0,1,0,0,1,73,5329,2,0,1,1,1,2,2.0,1,1,7,0,,,,,0,1,1,0,0.5,4,4
3,0,1,0,0,0,27,729,2,0,4,1,1,3,26.0,2,1,5,0,2.0,2.0,2.0,1.0,0,0,0,0,0.0,3,3
3,0,1,0,0,0,47,2209,2,0,1,2,2,1,150.0,2,8,1,0,1.0,1.0,1.0,1.0,0,0,1,1,0.5,5,4
3,0,1,0,0,0,36,1296,1,1,7,1,1,1,100.0,3,1,6,0,5.0,1.0,1.0,1.0,1,1,1,0,0.75,4,4
3,0,1,0,0,0,33,1089,1,1,5,1,1,1,2500.0,3,3,8,0,4.0,3.0,3.0,3.0,0,0,0,0,0.0,5,5
3,0,1,0,0,0,53,2809,1,1,4,1,1,2,50.0,2,2,3,0,3.0,1.0,1.0,4.0,0,0,0,1,0.25,5,5
3,0,1,0,0,0,67,4489,2,0,4,2,2,1,4.0,1,1,1,0,,,,,1,1,1,1,1.0,5,3
3,0,1,0,0,0,32,1024,2,0,3,1,1,1,100.0,3,1,7,0,5.0,3.0,1.0,5.0,0,0,0,0,0.0,5,5
3,0,1,0,0,0,34,1156,2,0,6,1,1,1,40.0,3,8,6,0,4.0,3.0,1.0,3.0,1,1,1,1,1.0,5,4
3,0,1,0,0,0,52,2704,2,0,5,1,1,3,30.0,2,1,7,0,5.0,1.0,1.0,1.0,0,1,1,0,0.5,5,4
3,0,1,0,0,0,66,4356,2,0,3,1,1,2,30.0,2,1,7,0,3.0,2.0,3.0,3.0,1,1,1,0,0.75,5,4
3,0,1,0,0,0,49,2401,2,0,4,2,1,1,300.0,3,1,4,0,4.0,4.0,5.0,4.0,0,1,1,1,0.75,5,4
3,0,1,0,0,0,57,3249,2,0,3,2,1,3,4.0,2,2,7,0,1.0,1.0,1.0,1.0,0,0,0,1,0.25,3,3
3,0,1,0,0,0,47,2209,2,0,4,1,1,1,8.0,1,1,7,0,,,,,0,0,0,0,0.0,5,5
3,0,1,0,0,0,55,3025,2,0,5,2,1,2,30.0,3,2,2,1,4.0,1.0,1.0,1.0,1,0,0,1,0.5,4,4
3,0,1,0,0,0,61,3721,2,0,4,1,1,1,20.0,1,5,1,0,,,,,0,1,0,0,0.25,3,4
3,0,1,0,0,0,27,729,2,0,3,1,1,1,40.0,3,1,7,0,5.0,5.0,5.0,5.0,0,0,0,0,0.0,5,5
3,0,1,0,0,1,37,1369,2,0,5,1,1,2,139.0,2,8,7,0,3.0,1.0,4.0,3.0,0,0,1,0,0.25,4,4
3,0,1,0,0,0,37,1369,2,0,6,1,1,1,30.0,2,3,7,0,2.0,3.0,5.0,4.0,1,1,0,0,0.5,5,5
3,0,1,0,1,1,76,5776,1,1,2,1,1,1,0.0,1,3,7,0,,,,,1,1,1,1,1.0,4,4
3,0,1,0,0,0,72,5184,2,0,2,1,1,1,15.0,2,5,1,0,4.0,3.0,3.0,4.0,1,1,1,0,0.75,4,4
3,0,1,1,0,0,57,3249,2,0,7,2,1,1,30.0,2,3,1,0,3.0,1.0,3.0,4.0,1,1,1,0,0.75,5,5
3,0,1,0,1,1,18,324,2,0,7,1,1,1,125.0,2,3,7,0,3.0,2.0,3.0,1.0,1,0,1,1,0.75,4,3
3,0,1,0,1,1,31,961,1,1,9,1,1,1,1000.0,3,3,4,0,5.0,5.0,3.0,4.0,0,0,0,0,0.0,3,4
3,0,1,1,0,0,34,1156,2,0,3,1,2,1,200.0,3,1,7,0,3.0,3.0,3.0,3.0,0,1,0,0,0.25,5,5
3,0,1,0,0,0,45,2025,2,0,1,1,1,3,20.0,3,1,7,0,3.0,1.0,1.0,3.0,1,1,1,0,0.75,4,4
3,0,1,0,0,0,43,1849,1,1,4,2,2,1,120.0,2,1,1,0,4.0,1.0,3.0,3.0,0,0,1,1,0.5,5,5
3,0,1,0,0,0,53,2809,2,0,3,2,2,2,100.0,3,1,1,0,4.0,3.0,3.0,4.0,1,1,1,0,0.75,4,3
3,0,1,0,0,0,47,2209,2,0,3,2,2,1,250.0,1,1,1,0,,,,,0,0,0,0,0.0,3,3
3,0,1,0,0,0,26,676,2,0,5,1,1,1,105.0,3,1,7,0,3.0,3.0,3.0,4.0,1,0,1,0,0.5,3,3
3,0,1,0,0,0,67,4489,2,0,1,1,1,3,5.0,1,8,8,0,,,,,1,1,1,1,1.0,1,1
3,0,1,0,0,0,59,3481,2,0,3,1,1,3,50.0,2,8,1,0,4.0,1.0,1.0,2.0,1,1,1,1,1.0,5,5
3,0,1,0,0,0,37,1369,1,1,1,1,1,1,15.0,2,8,7,0,3.0,3.0,3.0,3.0,0,0,0,0,0.0,3,3
3,0,1,0,0,0,49,2401,2,0,3,1,1,1,1100.0,2,1,1,0,4.0,4.0,4.0,3.0,1,1,1,1,1.0,4,4
3,0,1,0,0,0,46,2116,2,0,3,2,2,1,70.0,3,6,5,0,5.0,5.0,5.0,5.0,0,0,0,1,0.25,5,5
3,0,1,0,0,1,21,441,2,0,6,1,1,1,30.0,3,3,7,0,3.0,1.0,2.0,3.0,1,0,1,1,0.75,4,4
3,0,1,0,0,0,67,4489,2,0,6,1,1,1,12.0,2,1,2,1,4.0,4.0,3.0,4.0,0,0,0,1,0.25,5,5
3,0,1,0,0,0,69,4761,2,0,2,1,1,2,3.0,2,1,1,0,1.0,1.0,1.0,1.0,0,0,0,0,0.0,4,4
3,0,1,0,0,0,34,1156,2,0,1,2,2,2,1300.0,2,3,4,0,4.0,5.0,5.0,4.0,0,0,0,0,0.0,5,4
3,0,1,0,0,0,72,5184,2,0,4,1,1,1,41.0,3,8,1,0,4.0,4.0,4.0,4.0,0,1,1,0,0.5,5,5
3,0,1,0,0,0,48,2304,1,1,4,1,1,1,8.0,3,3,7,0,5.0,4.0,5.0,4.0,0,0,0,0,0.0,5,5
3,0,1,0,0,1,43,1849,1,1,5,1,1,1,37.0,3,1,7,0,5.0,5.0,5.0,5.0,0,1,0,0,0.25,5,5
3,0,1,0,0,1,44,1936,2,0,5,1,1,1,350.0,3,1,7,0,3.0,2.0,3.0,3.0,1,0,1,0,0.5,5,5
3,0,1,0,0,0,56,3136,2,0,4,1,1,1,26.0,3,1,7,0,5.0,4.0,1.0,1.0,0,1,1,1,0.75,5,5
3,0,1,0,0,0,28,784,2,0,2,1,1,1,48.0,3,1,1,0,3.0,1.0,4.0,2.0,1,1,0,1,0.75,3,3
3,0,1,0,0,0,48,2304,2,0,4,2,2,2,10.0,3,1,7,0,5.0,1.0,1.0,1.0,0,1,1,1,0.75,5,5
3,0,1,0,0,0,64,4096,2,0,4,1,1,1,30.0,2,3,8,0,3.0,1.0,1.0,3.0,0,1,1,1,0.75,5,5
3,0,1,0,0,0,70,4900,2,0,2,1,1,3,30.0,2,5,1,0,3.0,1.0,1.0,2.0,0,1,0,1,0.5,4,4
3,0,1,0,0,0,61,3721,2,0,3,1,1,1,20.0,2,1,1,0,3.0,2.0,1.0,1.0,0,1,1,1,0.75,3,2
3,0,1,0,0,1,28,784,2,0,7,1,1,1,270.0,3,3,7,0,5.0,4.0,5.0,5.0,0,1,1,1,0.75,5,5
3,0,1,0,0,1,30,900,2,0,6,1,1,1,260.0,2,1,7,0,2.0,2.0,5.0,1.0,0,1,0,0,0.25,4,3
3,0,1,0,0,0,46,2116,2,0,1,1,1,2,80.0,2,1,7,0,3.0,1.0,2.0,3.0,0,1,1,1,0.75,5,4
3,0,1,0,0,0,53,2809,2,0,4,1,2,1,30.0,2,8,6,0,3.0,2.0,1.0,3.0,1,1,1,0,0.75,4,4
3,0,1,0,0,0,53,2809,2,0,5,1,1,1,58.0,2,1,1,0,4.0,2.0,2.0,3.0,0,1,1,1,0.75,5,5
3,0,1,0,0,1,19,361,1,1,1,1,1,1,118.0,1,3,4,0,,,,,0,0,0,0,0.0,4,5
3,0,1,0,0,0,47,2209,2,0,5,2,1,1,120.0,2,1,7,0,5.0,1.0,1.0,2.0,1,1,1,1,1.0,5,5
3,0,1,0,0,0,52,2704,2,0,1,2,1,1,20.0,2,3,4,0,2.0,3.0,2.0,3.0,0,0,0,0,0.0,2,3
3,0,1,0,0,0,18,324,2,0,6,1,1,1,400.0,3,3,1,0,5.0,3.0,2.0,2.0,1,0,1,1,0.75,5,1
3,0,1,0,0,0,48,2304,2,0,5,1,1,2,100.0,3,1,7,0,4.0,4.0,5.0,5.0,1,1,1,1,1.0,4,4
3,0,1,1,1,1,20,400,2,0,5,1,1,1,200.0,2,3,7,0,2.0,1.0,2.0,3.0,0,0,0,1,0.25,3,2
3,0,1,0,0,0,56,3136,2,0,3,1,1,2,10.0,2,1,1,0,1.0,1.0,1.0,1.0,0,1,1,0,0.5,5,5
3,0,1,0,0,0,51,2601,2,0,4,1,1,1,475.0,3,8,1,0,5.0,1.0,1.0,1.0,0,0,0,1,0.25,5,5
3,0,1,0,0,0,51,2601,2,0,5,1,1,1,15.0,2,1,7,0,3.0,3.0,3.0,3.0,0,0,0,0,0.0,4,4
3,0,1,0,0,0,50,2500,2,0,5,1,1,1,20.0,2,1,1,0,3.0,2.0,2.0,2.0,0,1,1,1,0.75,2,2
3,0,1,0,0,0,57,3249,2,0,5,1,1,1,15.0,2,8,1,0,4.0,1.0,1.0,2.0,1,1,1,0,0.75,5,3
3,0,1,0,0,1,41,1681,2,0,1,1,1,1,879.0,3,3,1,0,5.0,4.0,5.0,5.0,0,1,0,0,0.25,5,5
3,0,1,1,0,0,18,324,2,0,3,2,1,4,300.0,1,3,7,0,,,,,0,1,1,1,0.75,5,5
3,0,1,0,0,0,53,2809,2,0,5,1,1,1,50.0,3,1,1,0,3.0,1.0,1.0,1.0,1,0,1,1,0.75,3,3
3,0,1,0,0,0,58,3364,2,0,3,1,1,2,35.0,2,4,1,0,4.0,1.0,2.0,3.0,1,1,1,1,1.0,5,3
3,0,1,0,0,0,65,4225,2,0,3,1,1,2,50.0,2,1,4,0,5.0,1.0,1.0,5.0,0,1,1,1,0.75,5,5
3,0,1,0,0,1,46,2116,2,0,5,1,1,2,45.0,2,1,1,0,3.0,1.0,2.0,3.0,0,1,1,0,0.5,3,3
3,0,1,0,0,0,55,3025,2,0,7,1,1,1,30.0,3,3,5,0,2.0,3.0,3.0,3.0,0,0,0,0,0.0,5,3
3,0,1,0,0,0,34,1156,1,1,9,1,1,1,25.0,2,2,8,0,3.0,3.0,3.0,3.0,0,1,0,0,0.25,5,4
3,0,1,0,0,1,33,1089,2,0,1,1,1,1,1589.0,3,1,1,0,3.0,3.0,3.0,3.0,0,0,0,0,0.0,3,2
3,0,1,0,0,0,46,2116,1,1,8,2,1,1,250.0,3,3,1,0,3.0,4.0,4.0,4.0,0,0,0,0,0.0,3,3
3,0,1,0,0,0,49,2401,1,1,4,2,2,2,22.0,2,8,4,0,1.0,1.0,1.0,2.0,1,1,1,1,1.0,3,3
3,0,1,1,0,1,41,1681,1,1,5,1,1,1,300.0,3,3,1,0,4.0,4.0,4.0,4.0,0,0,0,0,0.0,4,4
3,0,1,0,0,0,36,1296,2,0,1,2,2,1,598.0,2,3,4,0,3.0,5.0,5.0,5.0,0,0,1,1,0.5,5,5
3,0,1,0,0,0,18,324,2,0,3,1,1,4,1200.0,1,1,7,0,,,,,1,0,1,1,0.75,5,4
3,0,1,0,0,0,30,900,2,0,3,1,2,2,15.0,2,9,7,0,5.0,3.0,1.0,2.0,0,0,0,0,0.0,5,4
3,0,1,0,0,1,42,1764,2,0,5,1,1,1,52.0,2,1,7,0,3.0,1.0,1.0,1.0,0,1,0,0,0.25,5,5
3,0,1,0,0,0,24,576,2,0,3,2,1,1,300.0,3,1,4,0,4.0,4.0,5.0,4.0,1,0,1,1,0.75,5,3
3,0,1,0,0,0,43,1849,2,0,1,1,1,1,80.0,3,3,1,0,5.0,3.0,5.0,1.0,0,0,0,0,0.0,5,5
3,0,1,0,0,0,48,2304,2,0,1,1,1,2,10.0,2,1,7,0,3.0,1.0,2.0,2.0,1,1,1,1,1.0,2,2
3,0,1,1,0,1,49,2401,1,1,4,1,1,1,150.0,3,1,1,0,4.0,2.0,1.0,3.0,0,1,1,1,0.75,5,4
3,0,1,0,0,0,36,1296,2,0,5,1,1,1,120.0,3,1,7,0,3.0,1.0,1.0,2.0,0,1,0,1,0.5,4,4
3,0,1,0,0,1,27,729,1,1,2,1,1,1,130.0,3,3,1,0,4.0,4.0,5.0,4.0,1,0,0,1,0.5,5,5
3,0,1,0,0,0,22,484,2,0,1,1,1,1,400.0,3,6,7,0,4.0,5.0,4.0,3.0,1,0,0,1,0.5,5,5
3,0,1,0,0,0,46,2116,2,0,2,2,2,1,30.0,2,1,4,0,3.0,3.0,3.0,3.0,0,0,0,0,0.0,3,3
3,0,1,1,0,1,71,5041,1,1,5,1,1,2,35.0,1,2,7,0,,,,,1,1,1,1,1.0,5,5
3,0,1,0,0,0,42,1764,2,0,5,1,1,1,65.0,3,1,8,0,4.0,4.0,5.0,5.0,1,0,1,1,0.75,5,5
3,0,1,0,0,0,40,1600,1,1,6,1,1,1,13.0,3,1,1,0,3.0,3.0,4.0,4.0,0,0,0,0,0.0,4,4
3,0,1,0,0,1,18,324,2,0,3,2,2,4,187.0,1,1,7,0,,,,,1,1,1,1,1.0,5,5
3,0,1,0,0,0,39,1521,1,1,5,1,1,1,3.0,4,3,8,0,4.0,3.0,3.0,4.0,1,1,1,1,1.0,4,4
3,0,1,0,0,0,28,784,2,0,2,1,1,4,40.0,2,2,7,0,4.0,3.0,4.0,3.0,0,0,0,0,0.0,3,4
3,0,1,0,0,0,26,676,1,1,4,1,2,1,500.0,3,1,4,0,4.0,4.0,5.0,4.0,0,0,1,1,0.5,5,5
3,0,1,0,1,1,57,3249,2,0,1,2,2,2,348.0,2,3,8,0,4.0,3.0,2.0,5.0,0,0,0,1,0.25,5,5
3,0,1,0,0,1,43,1849,2,0,4,1,1,1,7.0,2,5,1,0,3.0,2.0,3.0,2.0,0,1,0,0,0.25,4,4
3,0,1,0,0,1,24,576,2,0,1,1,1,1,,3,3,4,0,3.0,3.0,4.0,5.0,0,0,0,0,0.0,5,5
3,0,1,0,0,0,43,1849,2,0,5,1,1,1,210.0,3,1,1,0,4.0,3.0,5.0,4.0,1,1,1,1,1.0,5,5
3,0,1,0,0,1,39,1521,2,0,5,1,1,1,137.0,3,3,7,0,4.0,2.0,3.0,3.0,0,0,0,0,0.0,5,4
3,0,1,0,0,0,34,1156,2,0,4,1,1,1,245.0,3,1,1,0,3.0,3.0,2.0,4.0,1,1,1,1,1.0,5,4
3,0,1,0,0,1,69,4761,2,0,4,1,1,1,50.0,2,5,1,0,4.0,2.0,2.0,4.0,0,0,1,0,0.25,5,5
3,0,1,1,0,1,30,900,1,1,4,1,1,1,240.0,2,8,7,0,3.0,1.0,2.0,2.0,0,0,0,0,0.0,5,5
3,0,1,0,0,1,52,2704,2,0,4,1,1,1,230.0,2,1,1,0,4.0,3.0,5.0,4.0,1,0,1,1,0.75,5,5
3,0,1,0,0,0,20,400,2,0,4,1,1,1,30.0,3,8,7,0,3.0,3.0,4.0,5.0,1,1,1,1,1.0,5,5
3,0,1,0,0,0,55,3025,2,0,4,1,1,1,34.0,2,8,7,0,4.0,3.0,3.0,3.0,1,1,1,1,1.0,4,3
3,0,1,1,0,0,58,3364,1,1,5,1,1,2,150.0,2,1,5,0,4.0,2.0,2.0,4.0,0,0,1,0,0.25,5,5
3,0,1,0,0,0,35,1225,2,0,6,1,1,1,100.0,3,1,7,0,4.0,2.0,5.0,5.0,1,1,1,1,1.0,1,1
3,0,1,0,1,1,55,3025,2,0,4,1,1,1,101.0,3,3,1,0,5.0,1.0,1.0,3.0,0,1,1,1,0.75,5,5
3,0,1,0,0,0,50,2500,2,0,1,1,1,1,133.0,3,3,8,0,5.0,3.0,5.0,5.0,1,1,1,1,1.0,5,5
3,0,1,1,0,1,18,324,1,1,4,1,1,1,260.0,2,3,7,0,4.0,4.0,4.0,4.0,1,1,1,1,1.0,5,5
3,0,1,0,0,0,83,6889,2,0,3,2,2,1,0.0,3,1,1,0,1.0,1.0,1.0,1.0,1,1,1,1,1.0,1,1
3,0,1,0,0,0,19,361,1,1,6,1,1,1,,2,8,7,0,4.0,3.0,4.0,2.0,1,0,0,1,0.5,4,4
3,0,1,0,0,1,65,4225,1,1,5,1,1,3,9.0,1,2,1,0,,,,,1,1,1,0,0.75,4,4
3,0,1,0,0,0,64,4096,2,0,4,1,1,2,10.0,2,8,7,0,2.0,1.0,1.0,1.0,1,1,1,1,1.0,2,1
3,0,1,0,0,0,33,1089,2,0,5,1,1,1,139.0,3,8,7,0,4.0,2.0,3.0,5.0,1,1,0,1,0.75,3,2
3,0,1,0,0,0,57,3249,2,0,5,1,1,1,30.0,2,1,7,0,3.0,2.0,2.0,3.0,1,1,1,0,0.75,5,5
3,0,1,0,0,1,36,1296,2,0,5,1,1,1,350.0,3,3,8,0,5.0,4.0,5.0,3.0,0,1,1,0,0.5,5,5
3,0,1,0,0,0,18,324,1,1,6,1,1,1,356.0,1,3,7,0,,,,,1,1,1,1,1.0,5,1
3,0,1,0,0,0,61,3721,2,0,4,2,2,2,6.0,2,1,1,0,3.0,2.0,4.0,2.0,0,0,0,0,0.0,5,4
3,0,1,0,0,0,39,1521,2,0,3,1,1,1,252.0,3,3,2,1,3.0,4.0,3.0,3.0,0,0,0,0,0.0,3,4
3,0,1,0,0,1,29,841,2,0,4,1,1,1,15.0,2,1,7,0,3.0,3.0,2.0,2.0,1,1,0,1,0.75,5,4
3,0,1,0,0,1,33,1089,1,1,4,1,1,1,140.0,3,3,1,0,3.0,1.0,1.0,1.0,0,0,0,0,0.0,4,3
3,0,1,0,0,0,18,324,2,0,5,1,1,2,182.0,2,1,7,0,5.0,2.0,3.0,3.0,0,0,0,1,0.25,5,5
3,0,1,0,0,1,27,729,2,0,2,1,1,1,190.0,3,3,7,0,3.0,1.0,3.0,5.0,1,1,1,1,1.0,4,3
3,0,1,0,0,0,40,1600,1,1,5,2,2,1,90.0,3,7,4,0,5.0,2.0,2.0,4.0,0,0,0,1,0.25,5,5
3,0,1,0,0,1,52,2704,2,0,4,1,1,2,25.0,2,6,1,0,4.0,3.0,3.0,3.0,1,1,1,1,1.0,3,2
3,0,1,0,0,1,66,4356,1,1,3,1,1,1,30.0,2,3,7,0,3.0,1.0,3.0,3.0,0,1,0,1,0.5,4,4
3,0,1,0,0,0,50,2500,1,1,4,1,1,2,100.0,3,8,7,0,3.0,2.0,3.0,3.0,0,1,0,0,0.25,2,2
3,0,1,0,1,1,42,1764,1,1,5,1,1,1,652.0,3,3,7,0,5.0,4.0,5.0,5.0,0,0,0,0,0.0,5,5
3,0,1,0,0,0,30,900,2,0,5,2,1,1,286.0,2,2,8,0,3.0,1.0,1.0,2.0,0,0,0,0,0.0,5,5
3,0,1,0,0,1,69,4761,2,0,1,1,1,1,30.0,2,2,7,0,2.0,1.0,1.0,3.0,1,1,0,0,0.5,5,5
3,0,1,0,0,1,25,625,1,1,8,1,1,1,5000.0,2,3,1,0,4.0,4.0,4.0,4.0,0,0,0,0,0.0,4,3
3,0,1,0,0,0,18,324,1,1,1,1,1,1,50.0,1,3,7,0,,,,,1,1,1,1,1.0,5,5
3,0,1,0,0,0,54,2916,1,1,3,1,2,1,200.0,2,1,7,0,3.0,3.0,3.0,3.0,0,1,1,0,0.5,3,3
3,0,1,0,0,0,43,1849,2,0,3,1,1,2,50.0,2,1,1,0,3.0,3.0,3.0,3.0,1,1,1,1,1.0,1,1
3,0,1,0,0,0,49,2401,2,0,3,1,1,3,23.0,2,1,1,0,4.0,2.0,3.0,5.0,0,0,0,0,0.0,5,5
3,0,1,0,0,0,37,1369,1,1,5,1,1,1,400.0,3,1,7,0,5.0,5.0,3.0,5.0,0,0,0,0,0.0,5,5
3,0,1,1,0,0,63,3969,2,0,2,1,1,1,12.0,2,1,1,0,2.0,1.0,1.0,1.0,0,1,1,0,0.5,5,5
3,0,1,0,0,0,32,1024,2,0,1,1,1,1,57.0,3,3,8,0,4.0,1.0,5.0,5.0,1,1,0,1,0.75,5,5
3,0,1,1,1,1,44,1936,2,0,2,1,1,1,1.0,1,3,2,1,,,,,0,0,0,0,0.0,5,5
3,0,1,0,0,0,71,5041,1,1,4,1,1,1,50.0,2,2,7,0,1.0,1.0,1.0,1.0,0,1,1,1,0.75,5,5
3,0,1,0,0,0,35,1225,1,1,1,2,2,1,4.0,1,3,1,0,,,,,0,0,1,1,0.5,3,2
3,0,1,0,0,0,46,2116,2,0,3,1,1,1,87.0,3,1,1,0,4.0,4.0,2.0,2.0,0,0,1,0,0.25,4,5
3,0,1,0,0,1,34,1156,2,0,4,1,1,1,120.0,3,3,7,0,3.0,3.0,4.0,4.0,1,1,1,0,0.75,1,1
3,0,1,0,0,1,36,1296,1,1,6,2,1,1,120.0,3,1,1,0,3.0,2.0,3.0,4.0,1,0,0,0,0.25,5,4
3,0,1,0,0,0,60,3600,1,1,3,1,1,3,20.0,2,1,1,0,3.0,3.0,3.0,3.0,1,1,1,1,1.0,5,5
3,0,1,0,0,0,58,3364,1,1,7,1,1,1,32.0,3,6,1,0,4.0,1.0,2.0,3.0,0,0,0,0,0.0,5,5
3,0,1,0,0,1,69,4761,1,1,7,1,1,1,100.0,2,5,1,0,3.0,2.0,2.0,3.0,0,1,0,0,0.25,5,4
3,0,1,0,0,0,30,900,1,1,3,2,1,1,60.0,3,6,7,0,5.0,5.0,5.0,5.0,0,0,0,0,0.0,2,3
3,0,1,0,0,0,63,3969,1,1,3,1,2,3,15.0,2,1,1,0,2.0,2.0,3.0,2.0,0,1,1,0,0.5,4,4
3,0,1,0,0,0,60,3600,2,0,4,1,1,1,20.0,3,5,1,0,4.0,3.0,4.0,3.0,0,1,0,1,0.5,5,4
3,0,1,0,0,0,33,1089,1,1,5,1,1,3,15.0,2,1,1,0,3.0,4.0,4.0,3.0,0,0,0,0,0.0,3,3
3,0,1,0,0,0,18,324,2,0,4,1,1,3,50.0,1,7,7,0,,,,,0,1,0,1,0.5,3,3
3,0,1,0,1,1,65,4225,1,1,3,1,1,1,210.0,3,3,1,0,4.0,4.0,4.0,4.0,0,0,0,0,0.0,4,4
3,0,1,0,0,0,60,3600,1,1,2,1,1,1,110.0,2,1,5,0,4.0,3.0,1.0,2.0,1,1,0,1,0.75,3,3
3,0,1,1,0,1,47,2209,1,1,5,1,1,1,95.0,3,1,1,0,4.0,3.0,3.0,3.0,0,0,0,0,0.0,3,4
3,0,1,0,0,0,67,4489,2,0,4,1,1,1,271.0,3,1,1,0,4.0,3.0,3.0,2.0,0,1,0,1,0.5,5,5
3,0,1,0,0,0,31,961,1,1,5,2,1,1,4000.0,2,1,1,0,5.0,3.0,5.0,3.0,0,0,0,0,0.0,5,5
3,0,1,0,0,1,21,441,2,0,6,1,1,1,419.0,3,3,7,0,3.0,3.0,2.0,2.0,1,0,1,0,0.5,5,4
3,0,1,0,0,0,64,4096,2,0,4,1,1,3,5.0,2,1,8,0,3.0,3.0,3.0,3.0,0,1,0,1,0.5,5,5
3,0,1,0,0,0,37,1369,2,0,7,1,1,2,7.0,2,3,1,0,3.0,1.0,3.0,2.0,1,1,1,0,0.75,3,3
3,0,1,0,0,0,69,4761,2,0,5,1,1,2,5.0,2,5,1,0,2.0,1.0,1.0,1.0,0,1,1,1,0.75,5,5
3,0,1,0,0,0,29,841,2,0,3,1,1,1,158.0,2,3,1,0,1.0,1.0,1.0,1.0,1,1,1,1,1.0,3,3
3,0,1,0,0,0,64,4096,2,0,2,1,1,2,10.0,2,1,1,0,4.0,2.0,3.0,3.0,0,1,1,1,0.75,5,3
3,0,1,0,0,0,51,2601,1,1,3,1,1,1,100.0,3,3,1,0,5.0,4.0,3.0,5.0,0,0,1,0,0.25,4,5
3,0,1,0,0,0,57,3249,1,1,1,1,1,4,55.0,1,8,8,0,,,,,0,0,0,0,0.0,5,5
3,0,1,0,0,1,52,2704,2,0,4,2,1,1,50.0,3,1,7,0,3.0,1.0,1.0,4.0,0,1,1,0,0.5,5,4
3,0,1,0,0,0,48,2304,1,1,6,1,1,1,300.0,3,1,1,0,4.0,2.0,2.0,3.0,0,1,1,0,0.5,3,1
3,0,1,0,0,0,64,4096,1,1,3,1,1,1,30.0,3,4,7,0,4.0,3.0,3.0,5.0,0,1,0,0,0.25,4,4
3,0,1,0,0,1,50,2500,2,0,3,1,1,1,178.0,3,1,7,0,4.0,2.0,2.0,3.0,1,1,0,0,0.5,5,5
3,0,1,0,0,0,44,1936,2,0,5,3,2,2,30.0,2,3,2,1,2.0,1.0,1.0,1.0,1,1,1,1,1.0,5,5
3,0,1,0,0,0,33,1089,1,1,8,1,1,1,50.0,3,3,7,0,3.0,4.0,3.0,3.0,0,0,0,1,0.25,2,2
3,0,1,0,0,0,66,4356,2,0,5,1,1,2,15.0,2,1,1,0,3.0,3.0,4.0,4.0,1,1,1,0,0.75,4,5
3,0,1,0,0,0,59,3481,2,0,1,1,1,2,10.0,1,1,7,0,,,,,1,1,1,0,0.75,5,5
3,0,1,1,0,1,58,3364,1,1,1,1,1,4,0.0,1,3,1,0,,,,,1,1,1,1,1.0,5,4
3,0,1,0,0,0,72,5184,1,1,4,1,1,1,60.0,3,3,7,0,3.0,2.0,1.0,1.0,0,1,1,1,0.75,4,4
3,0,1,0,0,0,59,3481,2,0,4,1,1,2,150.0,2,5,1,0,2.0,1.0,1.0,1.0,0,1,0,1,0.5,5,5
3,0,1,0,0,0,37,1369,2,0,5,2,2,1,123.0,3,1,4,0,3.0,2.0,2.0,2.0,0,0,0,1,0.25,4,3
3,0,1,0,0,0,54,2916,1,1,6,1,1,3,59.0,2,2,7,0,3.0,2.0,2.0,3.0,1,1,1,1,1.0,4,4
3,0,1,0,0,1,18,324,1,1,1,1,1,2,159.0,1,3,7,0,,,,,0,1,0,0,0.25,4,4
3,0,1,0,0,1,66,4356,1,1,5,1,1,1,30.0,3,3,1,0,3.0,2.0,4.0,4.0,1,1,1,0,0.75,4,4
3,0,1,0,0,1,27,729,1,1,1,1,1,1,139.0,2,3,1,0,2.0,1.0,2.0,1.0,1,1,1,1,1.0,5,4
3,0,1,1,0,0,39,1521,1,1,1,3,3,1,200.0,2,9,4,0,3.0,3.0,3.0,3.0,0,0,0,0,0.0,3,3
3,0,1,0,0,0,56,3136,2,0,5,1,1,1,150.0,2,1,1,0,4.0,1.0,1.0,1.0,1,1,0,0,0.5,5,4
3,0,1,0,0,0,53,2809,2,0,3,1,1,2,0.0,1,1,7,0,,,,,1,1,1,1,1.0,5,5
3,0,1,0,1,1,65,4225,2,0,4,1,1,1,10.0,3,4,1,0,4.0,3.0,3.0,4.0,0,0,0,0,0.0,5,5
3,0,1,0,0,1,43,1849,1,1,7,1,1,1,35.0,3,5,1,0,4.0,2.0,4.0,4.0,0,1,0,0,0.25,5,5
3,0,1,0,0,0,48,2304,1,1,1,1,2,1,200.0,3,8,1,0,3.0,1.0,1.0,1.0,1,1,0,0,0.5,5,5
3,0,1,0,0,0,65,4225,2,0,3,1,1,2,10.0,2,1,1,0,5.0,4.0,4.0,4.0,0,0,0,1,0.25,5,5
3,0,1,0,0,0,58,3364,1,1,4,2,1,1,108.0,3,1,1,0,3.0,2.0,1.0,3.0,0,0,1,0,0.25,5,5
3,0,1,0,0,0,28,784,1,1,4,1,1,1,85.0,3,1,7,0,4.0,2.0,2.0,4.0,1,0,0,1,0.5,5,3
3,0,1,0,0,1,39,1521,1,1,6,1,1,1,120.0,2,4,1,0,3.0,1.0,2.0,1.0,0,1,1,0,0.5,5,3
3,0,1,0,0,0,54,2916,1,1,6,1,1,2,15.0,3,5,1,0,3.0,1.0,2.0,2.0,0,1,0,0,0.25,4,3
3,0,1,0,0,0,62,3844,1,1,1,1,1,1,80.0,3,3,1,0,3.0,4.0,3.0,2.0,1,0,1,0,0.5,5,5
3,0,1,0,0,0,59,3481,1,1,3,1,1,3,4.0,1,8,7,0,,,,,0,1,1,1,0.75,5,4
3,0,1,0,0,0,60,3600,1,1,3,1,1,1,60.0,3,1,7,0,4.0,3.0,4.0,4.0,0,1,1,0,0.5,4,4
3,0,1,0,0,1,43,1849,2,0,8,1,1,1,15.0,3,3,1,0,4.0,3.0,4.0,3.0,1,1,0,1,0.75,4,3
3,0,1,1,1,1,35,1225,2,0,2,1,1,1,80.0,2,2,1,0,3.0,4.0,2.0,2.0,0,0,0,0,0.0,3,5
3,0,1,0,0,0,53,2809,2,0,1,1,1,1,25.0,3,3,1,0,4.0,3.0,5.0,4.0,1,1,1,1,1.0,5,1
3,0,1,0,0,1,45,2025,2,0,1,1,1,1,15.0,2,1,7,0,4.0,1.0,1.0,1.0,1,1,1,1,1.0,5,5
3,0,1,0,0,0,61,3721,2,0,2,1,1,1,5.0,3,1,1,0,4.0,2.0,2.0,2.0,0,0,0,0,0.0,4,4
3,0,1,0,0,1,34,1156,1,1,1,1,1,3,2.0,1,3,7,0,,,,,1,1,1,1,1.0,5,5
3,0,1,0,0,0,62,3844,1,1,4,1,1,1,38.0,2,1,1,0,3.0,1.0,1.0,2.0,1,1,0,0,0.5,4,4
3,0,1,1,0,1,64,4096,1,1,4,1,1,2,10.0,3,1,1,0,3.0,3.0,3.0,3.0,0,0,0,0,0.0,3,3
3,0,1,0,0,0,54,2916,1,1,4,2,2,1,500.0,3,1,1,0,3.0,2.0,3.0,3.0,0,1,0,1,0.5,3,3
3,0,1,0,0,0,70,4900,2,0,2,1,1,1,20.0,3,3,1,0,4.0,2.0,3.0,4.0,1,1,1,1,1.0,4,4
3,0,1,0,0,0,59,3481,2,0,4,1,1,2,4.0,2,8,7,0,2.0,1.0,1.0,2.0,1,1,1,0,0.75,2,2
3,0,1,0,0,1,41,1681,2,0,6,1,1,1,64.0,3,1,1,0,4.0,2.0,3.0,4.0,0,0,0,0,0.0,5,4
3,0,1,0,1,1,19,361,1,1,5,1,1,3,300.0,2,1,8,0,1.0,1.0,5.0,1.0,0,1,1,1,0.75,5,3
3,0,1,0,1,1,27,729,2,0,3,1,1,1,300.0,2,3,1,0,4.0,2.0,1.0,1.0,0,1,0,0,0.25,3,3
3,0,1,1,1,1,32,1024,2,0,5,1,1,2,120.0,2,1,7,0,3.0,3.0,3.0,3.0,0,0,0,0,0.0,3,3
3,0,1,1,0,0,71,5041,1,1,2,1,1,1,5.0,2,2,1,0,3.0,2.0,5.0,3.0,0,1,1,1,0.75,5,5
3,0,1,0,0,0,67,4489,2,0,2,1,1,3,6.0,1,1,7,0,,,,,1,1,1,1,1.0,2,2
3,0,1,0,0,0,18,324,1,1,3,1,2,1,395.0,2,1,7,0,2.0,1.0,3.0,4.0,0,1,0,0,0.25,5,5
3,0,1,0,0,0,27,729,2,0,2,1,1,1,180.0,3,3,7,0,3.0,4.0,4.0,4.0,0,0,0,0,0.0,2,5
3,0,1,0,0,0,61,3721,1,1,4,1,1,2,57.0,3,1,1,0,4.0,4.0,3.0,5.0,1,1,0,0,0.5,4,4
3,0,1,0,0,0,52,2704,1,1,5,1,1,1,125.0,3,3,1,0,5.0,5.0,5.0,5.0,0,0,0,0,0.0,5,5
3,0,1,0,0,1,70,4900,1,1,4,2,2,2,5.0,2,3,1,0,3.0,2.0,2.0,3.0,0,1,1,1,0.75,5,5
3,0,1,0,0,0,22,484,2,0,4,1,1,1,80.0,2,3,7,0,3.0,2.0,1.0,1.0,0,0,0,1,0.25,5,5
3,0,1,0,0,0,44,1936,1,1,4,1,1,3,30.0,2,1,7,0,2.0,2.0,2.0,2.0,1,1,1,1,1.0,4,4
3,0,1,0,0,0,62,3844,1,1,4,1,1,2,,2,1,1,0,3.0,1.0,1.0,5.0,1,1,1,0,0.75,5,5
3,0,1,0,0,0,22,484,1,1,3,1,1,1,385.0,3,3,7,0,3.0,5.0,1.0,3.0,0,0,1,0,0.25,5,4
3,0,1,0,0,0,73,5329,1,1,4,1,1,1,210.0,3,1,7,0,4.0,1.0,2.0,3.0,0,1,0,0,0.25,4,4
3,0,1,0,0,0,48,2304,1,1,3,1,1,4,50.0,2,5,1,0,2.0,1.0,2.0,2.0,0,1,1,1,0.75,5,5
3,0,1,0,0,0,69,4761,1,1,2,1,1,1,40.0,3,2,1,0,3.0,1.0,1.0,4.0,0,1,0,1,0.5,5,5
3,0,1,0,1,1,48,2304,1,1,7,1,1,2,23.0,3,3,7,0,4.0,2.0,1.0,1.0,1,1,1,1,1.0,5,4
3,0,1,0,0,0,65,4225,1,1,2,1,1,1,40.0,2,1,1,0,2.0,2.0,2.0,2.0,1,1,1,0,0.75,5,4
3,0,1,0,1,1,38,1444,1,1,4,1,1,1,188.0,3,3,7,0,4.0,3.0,3.0,3.0,0,0,1,1,0.5,5,3
3,0,1,0,0,1,28,784,2,0,5,1,1,1,164.0,3,1,1,0,4.0,1.0,3.0,1.0,0,0,0,1,0.25,5,4
3,0,1,0,0,0,66,4356,1,1,3,1,1,1,20.0,2,1,7,0,4.0,2.0,2.0,3.0,0,1,1,0,0.5,5,5
3,0,1,0,0,0,65,4225,2,0,2,1,1,1,10.0,1,3,1,0,,,,,0,1,1,1,0.75,5,5
3,0,1,0,0,0,55,3025,1,1,6,1,1,3,4.0,1,5,1,0,,,,,1,1,1,0,0.75,5,2
3,0,1,0,0,1,56,3136,1,1,1,1,1,3,,2,4,1,0,3.0,1.0,1.0,2.0,0,0,1,0,0.25,5,5
3,0,1,0,0,1,56,3136,2,0,3,1,1,1,20.0,2,1,1,0,5.0,4.0,4.0,4.0,0,0,0,0,0.0,5,4
3,0,1,0,0,0,67,4489,1,1,4,1,1,4,20.0,2,3,1,0,1.0,1.0,1.0,1.0,0,1,1,0,0.5,5,5
3,0,1,0,0,1,66,4356,2,0,4,2,1,1,50.0,3,4,7,0,4.0,1.0,1.0,4.0,0,0,1,0,0.25,4,4
3,0,1,1,0,0,56,3136,1,1,3,1,1,1,35.0,3,1,1,0,4.0,2.0,1.0,4.0,0,0,0,1,0.25,5,4
3,0,1,0,0,0,20,400,2,0,1,1,1,4,10.0,1,3,8,0,,,,,1,1,0,1,0.75,5,2
3,0,1,0,0,0,42,1764,2,0,4,1,1,2,154.0,2,2,1,0,5.0,3.0,5.0,2.0,0,0,0,0,0.0,5,5
3,0,1,0,0,0,63,3969,2,0,4,1,1,1,90.0,3,1,1,0,5.0,5.0,5.0,5.0,0,0,1,0,0.25,5,5
3,0,1,1,0,1,48,2304,2,0,4,1,1,3,5.0,1,1,1,0,,,,,0,0,1,1,0.5,3,4
3,0,1,0,0,0,55,3025,1,1,4,1,1,2,20.0,2,2,7,0,5.0,5.0,3.0,4.0,0,0,0,0,0.0,3,3
3,0,1,0,0,0,61,3721,1,1,4,1,1,2,3.0,2,1,7,0,1.0,1.0,1.0,1.0,1,1,0,0,0.5,4,3
3,0,1,0,0,0,57,3249,2,0,1,1,1,1,20.0,2,3,7,0,4.0,1.0,3.0,4.0,1,0,1,1,0.75,5,2
3,0,1,0,0,0,69,4761,2,0,3,1,1,2,,2,1,1,0,1.0,1.0,1.0,1.0,0,1,1,0,0.5,5,5
3,0,1,1,0,0,18,324,2,0,7,1,1,1,2372.0,3,1,7,0,2.0,2.0,4.0,2.0,0,0,1,0,0.25,5,5
3,0,1,0,0,0,53,2809,1,1,3,1,1,2,40.0,2,1,7,0,4.0,2.0,1.0,3.0,1,1,1,0,0.75,5,4
3,0,1,0,0,0,19,361,2,0,4,1,1,1,160.0,2,1,7,0,4.0,1.0,1.0,1.0,0,0,0,1,0.25,5,4
3,0,1,0,0,1,30,900,2,0,6,1,1,1,130.0,3,6,7,0,1.0,1.0,1.0,4.0,0,0,0,1,0.25,5,3
3,0,1,0,0,0,56,3136,1,1,4,1,1,1,58.0,3,1,1,0,4.0,1.0,1.0,1.0,1,1,1,0,0.75,5,4
3,0,1,0,0,0,48,2304,2,0,1,1,1,2,20.0,3,1,1,0,5.0,2.0,2.0,4.0,1,1,1,1,1.0,5,4
3,0,1,1,0,0,59,3481,2,0,3,1,1,1,10.0,3,1,7,0,4.0,1.0,1.0,1.0,1,1,1,1,1.0,3,3
3,0,1,0,0,0,19,361,1,1,3,1,1,1,15.0,3,1,1,0,4.0,3.0,5.0,4.0,0,0,0,0,0.0,5,4
3,0,1,0,0,1,49,2401,1,1,5,1,1,2,4.0,2,5,7,0,2.0,3.0,2.0,1.0,0,0,0,1,0.25,4,4
3,0,1,0,0,0,58,3364,2,0,5,1,1,2,10.0,2,1,7,0,3.0,1.0,1.0,1.0,1,1,1,1,1.0,5,5
3,0,1,0,0,0,62,3844,2,0,1,1,1,1,30.0,3,1,7,0,4.0,1.0,1.0,2.0,0,1,1,1,0.75,1,1
3,0,1,0,0,1,32,1024,1,1,1,2,2,1,281.0,3,3,4,0,5.0,4.0,1.0,2.0,1,0,0,1,0.5,5,5
3,0,1,0,0,0,27,729,2,0,4,1,1,1,250.0,2,1,7,0,3.0,1.0,2.0,3.0,0,0,0,0,0.0,4,4
3,0,1,0,0,0,45,2025,2,0,1,1,1,1,540.0,2,1,1,0,3.0,2.0,3.0,3.0,1,1,1,1,1.0,4,4
3,0,1,0,0,1,48,2304,1,1,8,1,1,1,150.0,2,1,7,0,5.0,3.0,5.0,5.0,1,0,1,1,0.75,5,4
3,0,1,0,1,1,48,2304,2,0,9,1,1,3,,2,2,1,0,2.0,2.0,2.0,2.0,1,1,1,1,1.0,1,1
3,0,1,0,0,0,51,2601,2,0,8,1,1,2,40.0,1,2,1,0,,,,,0,1,1,1,0.75,4,3
3,0,1,1,0,1,36,1296,2,0,8,1,1,1,100.0,3,3,1,0,4.0,3.0,3.0,3.0,0,0,0,0,0.0,4,4
3,0,1,0,0,0,33,1089,2,0,8,1,1,1,800.0,3,1,7,0,3.0,3.0,4.0,3.0,0,0,0,0,0.0,3,2
3,0,1,0,0,0,32,1024,2,0,9,1,1,1,1441.0,3,1,7,0,5.0,5.0,5.0,2.0,1,0,1,1,0.75,2,1
3,0,1,0,0,0,33,1089,2,0,8,1,1,1,422.0,2,1,1,0,4.0,3.0,2.0,2.0,0,0,0,1,0.25,4,4
3,0,1,0,0,0,44,1936,2,0,8,1,1,2,110.0,3,3,1,0,4.0,2.0,4.0,2.0,0,1,1,1,0.75,4,4
3,0,1,0,1,1,64,4096,1,1,9,1,1,3,100.0,2,4,1,0,2.0,2.0,2.0,2.0,0,0,0,1,0.25,3,3
3,0,1,0,0,1,64,4096,1,1,8,1,1,3,50.0,2,1,1,0,4.0,3.0,3.0,4.0,0,1,0,1,0.5,3,4
3,0,1,0,0,0,51,2601,1,1,8,2,1,3,11.0,2,1,6,0,1.0,1.0,1.0,1.0,0,1,0,1,0.5,5,5
3,0,1,0,0,1,29,841,1,1,9,1,1,1,500.0,3,3,7,0,5.0,5.0,5.0,5.0,0,0,0,0,0.0,5,5
3,0,1,0,0,1,39,1521,1,1,8,1,1,2,80.0,3,1,1,0,5.0,2.0,2.0,2.0,0,0,1,1,0.5,5,5
3,0,1,0,0,1,61,3721,1,1,9,1,1,3,50.0,2,4,7,0,4.0,1.0,2.0,3.0,0,0,0,0,0.0,3,1
3,0,1,0,0,1,33,1089,1,1,9,1,1,3,300.0,1,3,7,0,,,,,0,1,0,1,0.5,4,2
3,0,1,0,0,0,28,784,1,1,9,1,1,1,47.0,3,2,1,0,4.0,2.0,4.0,3.0,0,0,0,0,0.0,4,2
3,0,1,0,0,0,48,2304,1,1,9,1,1,2,20.0,1,1,7,0,,,,,1,1,1,0,0.75,5,5
3,0,1,0,0,0,56,3136,1,1,8,1,1,2,5.0,2,1,1,0,3.0,1.0,2.0,3.0,0,1,0,0,0.25,5,4
3,0,1,0,0,1,40,1600,1,1,8,1,1,1,60.0,2,3,1,0,5.0,3.0,2.0,4.0,1,1,1,0,0.75,5,5
3,0,1,0,0,0,55,3025,1,1,8,1,1,4,10.0,1,1,7,0,,,,,0,0,0,1,0.25,3,3
3,0,1,0,0,1,36,1296,1,1,8,1,1,3,0.0,2,2,1,0,1.0,2.0,2.0,2.0,0,0,1,0,0.25,4,3
3,0,1,0,0,0,41,1681,1,1,9,1,1,1,249.0,3,3,7,0,4.0,3.0,3.0,4.0,0,0,0,0,0.0,4,4
3,0,1,1,1,1,36,1296,1,1,9,1,1,1,225.0,3,1,1,0,4.0,4.0,5.0,4.0,0,0,0,0,0.0,5,2
3,0,1,0,0,1,48,2304,1,1,8,1,1,1,50.0,3,2,7,0,4.0,2.0,4.0,4.0,0,1,0,1,0.5,4,5
3,0,1,0,0,0,67,4489,1,1,9,1,1,4,30.0,2,4,7,0,2.0,2.0,2.0,2.0,0,1,0,1,0.5,4,5
3,0,1,0,0,0,39,1521,1,1,9,1,1,1,1000.0,3,3,1,0,4.0,4.0,4.0,2.0,1,0,1,1,0.75,5,3
3,0,1,1,0,0,61,3721,1,1,9,1,1,4,120.0,2,3,7,0,2.0,2.0,3.0,2.0,0,1,1,1,0.75,4,3
3,0,1,0,0,0,49,2401,1,1,8,1,1,2,50.0,3,2,1,0,3.0,3.0,3.0,4.0,0,1,1,1,0.75,4,4
3,0,1,0,0,1,45,2025,1,1,8,1,1,1,1500.0,2,2,7,0,4.0,2.0,5.0,3.0,0,1,1,1,0.75,4,1
3,0,1,0,0,1,54,2916,1,1,9,1,1,1,100.0,2,6,1,0,5.0,5.0,5.0,5.0,0,0,0,0,0.0,4,5
3,0,1,0,0,1,38,1444,1,1,9,2,2,1,35.0,2,3,4,0,3.0,3.0,5.0,4.0,0,0,1,1,0.5,4,4
3,0,1,0,1,1,43,1849,1,1,8,1,2,1,15.0,3,3,1,0,4.0,4.0,4.0,4.0,0,1,1,1,0.75,5,4
3,0,1,0,0,0,57,3249,1,1,9,1,2,1,0.0,2,9,7,0,2.0,1.0,2.0,1.0,0,1,0,0,0.25,5,4
3,0,1,0,0,1,56,3136,1,1,9,1,1,1,665.0,3,1,1,0,4.0,4.0,4.0,5.0,0,1,0,0,0.25,5,5
3,0,1,1,1,1,29,841,1,1,9,2,2,1,1000.0,2,3,6,0,5.0,5.0,5.0,4.0,0,0,0,0,0.0,4,4
3,0,1,0,0,1,22,484,1,1,8,2,1,2,3.0,1,1,7,0,,,,,1,1,1,1,1.0,3,3
3,0,1,0,1,1,40,1600,1,1,9,1,1,1,450.0,3,3,7,0,5.0,3.0,3.0,4.0,1,1,1,1,1.0,5,5
3,0,1,0,0,0,56,3136,1,1,9,1,1,2,100.0,2,8,5,0,2.0,1.0,1.0,2.0,1,1,1,1,1.0,4,4
3,0,1,0,0,0,44,1936,1,1,9,1,1,1,150.0,2,2,1,0,4.0,2.0,3.0,3.0,0,0,0,0,0.0,5,5
3,0,1,0,0,0,43,1849,1,1,8,1,1,2,45.0,2,1,7,0,3.0,1.0,3.0,2.0,0,1,1,1,0.75,3,1
3,0,1,0,1,1,66,4356,1,1,8,1,1,1,425.0,3,2,5,0,5.0,1.0,1.0,1.0,0,0,1,0,0.25,5,4
3,0,1,0,0,0,63,3969,1,1,8,1,1,1,30.0,2,5,1,0,3.0,1.0,2.0,3.0,1,1,1,0,0.75,4,4
3,0,1,0,0,1,25,625,1,1,9,1,1,1,400.0,3,3,1,0,3.0,4.0,4.0,3.0,0,1,1,0,0.5,5,4
3,0,1,0,0,1,58,3364,1,1,9,1,1,2,50.0,2,4,1,0,4.0,3.0,2.0,2.0,0,0,0,1,0.25,5,4
3,0,1,0,0,1,62,3844,1,1,8,1,1,2,10.0,2,1,7,0,3.0,1.0,2.0,4.0,0,0,1,1,0.5,5,5
3,0,1,0,0,1,72,5184,1,1,9,2,2,3,6.0,1,5,7,0,,,,,0,1,1,1,0.75,4,4
3,0,1,0,0,1,35,1225,1,1,8,1,1,2,25.0,2,3,1,0,4.0,3.0,5.0,4.0,0,0,0,0,0.0,5,4
3,0,1,1,0,0,64,4096,1,1,9,1,1,1,40.0,3,1,1,0,5.0,4.0,4.0,5.0,0,0,0,0,0.0,5,5
3,0,1,0,0,1,39,1521,1,1,9,1,2,1,300.0,3,4,1,0,3.0,2.0,2.0,3.0,0,1,0,0,0.25,4,3
3,0,1,0,0,0,52,2704,1,1,9,1,1,3,30.0,2,3,1,0,2.0,2.0,2.0,2.0,0,0,1,1,0.5,4,4
3,0,1,0,0,0,46,2116,1,1,9,2,1,2,80.0,1,1,1,0,,,,,1,1,1,1,1.0,5,5
3,0,1,1,1,1,34,1156,1,1,9,1,1,2,34.0,2,8,1,0,5.0,5.0,5.0,5.0,0,0,0,0,0.0,5,5
3,0,1,0,0,1,55,3025,1,1,9,1,1,1,5.0,3,5,8,0,4.0,1.0,3.0,3.0,0,1,1,0,0.5,4,3
3,0,1,0,0,0,37,1369,1,1,8,2,2,1,3700.0,3,3,4,0,4.0,4.0,4.0,4.0,0,0,0,0,0.0,4,3
3,0,1,0,0,1,33,1089,1,1,8,1,1,2,200.0,2,3,1,0,3.0,3.0,3.0,3.0,0,0,0,0,0.0,4,4
3,0,1,0,0,0,51,2601,1,1,8,1,1,1,150.0,3,1,1,0,5.0,5.0,5.0,5.0,0,1,0,0,0.25,5,5
3,0,1,0,0,1,24,576,1,1,9,1,1,1,330.0,2,3,7,0,3.0,1.0,1.0,3.0,0,0,0,0,0.0,5,5
3,0,1,1,1,1,50,2500,1,1,9,1,1,1,15000.0,3,1,1,0,4.0,5.0,4.0,4.0,0,0,0,0,0.0,4,5
3,0,1,0,0,0,71,5041,1,1,9,1,1,1,60.0,3,3,7,0,5.0,2.0,2.0,5.0,0,0,0,0,0.0,5,5
3,0,1,0,0,0,70,4900,1,1,9,1,1,3,2.0,2,3,1,0,1.0,1.0,1.0,1.0,0,1,1,0,0.5,3,4
3,0,1,0,0,0,59,3481,1,1,9,1,1,1,60.0,3,3,7,0,4.0,2.0,1.0,3.0,0,0,1,0,0.25,5,5
3,0,1,1,1,1,25,625,1,1,8,1,1,1,300.0,3,3,4,0,4.0,3.0,4.0,3.0,0,0,0,0,0.0,3,3
3,0,1,0,0,0,71,5041,1,1,9,1,1,3,0.0,1,2,1,0,,,,,1,1,1,1,1.0,3,3
3,0,1,0,1,1,24,576,1,1,9,2,2,1,500.0,3,3,4,0,4.0,3.0,5.0,3.0,0,0,0,0,0.0,4,3
3,0,1,1,0,0,39,1521,1,1,8,1,1,2,50.0,3,1,1,0,4.0,5.0,4.0,5.0,0,0,0,0,0.0,4,5
3,0,1,0,0,1,66,4356,1,1,9,1,1,1,25.0,2,1,1,0,2.0,1.0,1.0,2.0,0,1,0,0,0.25,5,5
3,0,1,0,0,1,41,1681,1,1,8,1,1,3,120.0,3,1,1,0,4.0,3.0,4.0,4.0,0,0,0,1,0.25,4,3
3,0,1,0,0,1,44,1936,1,1,8,1,1,1,50.0,3,1,1,0,4.0,2.0,3.0,4.0,0,0,1,0,0.25,4,2
3,0,1,1,1,1,35,1225,1,1,9,1,1,1,350.0,3,3,1,0,4.0,5.0,4.0,4.0,0,0,0,0,0.0,4,4
3,0,1,0,1,1,58,3364,1,1,9,1,1,1,125.0,2,4,1,0,3.0,4.0,3.0,2.0,0,1,1,1,0.75,3,2
3,0,1,0,0,0,61,3721,1,1,8,1,1,1,10.0,2,4,8,0,2.0,1.0,2.0,3.0,0,1,1,1,0.75,5,5
3,0,1,0,0,0,61,3721,1,1,9,2,2,4,5.0,1,1,2,1,,,,,0,1,1,0,0.5,4,3
3,0,1,0,1,1,57,3249,1,1,8,1,1,2,96.0,2,1,1,0,5.0,2.0,3.0,5.0,0,0,0,0,0.0,5,4
3,0,1,0,0,1,44,1936,1,1,9,1,1,1,80.0,3,3,1,0,5.0,1.0,1.0,1.0,1,1,1,0,0.75,5,5
3,0,1,0,0,0,57,3249,1,1,9,1,1,1,10.0,3,3,1,0,3.0,3.0,3.0,4.0,0,0,0,0,0.0,4,4
3,0,1,0,0,1,36,1296,1,1,9,2,1,2,95.0,3,2,7,0,5.0,3.0,3.0,4.0,0,0,0,0,0.0,5,5
3,0,1,0,0,0,51,2601,1,1,8,1,1,2,250.0,3,5,7,0,3.0,3.0,4.0,4.0,0,0,0,0,0.0,3,3
3,0,1,1,0,0,37,1369,1,1,9,1,1,1,15.0,2,1,2,1,3.0,2.0,4.0,4.0,1,1,1,1,1.0,5,1
3,0,1,0,0,0,51,2601,1,1,9,1,1,2,50.0,2,2,1,0,5.0,4.0,3.0,4.0,0,1,1,0,0.5,4,4
3,0,1,0,0,1,50,2500,1,1,9,1,1,1,25.0,2,4,7,0,5.0,1.0,1.0,5.0,0,0,1,1,0.5,4,3
3,0,1,0,1,1,54,2916,1,1,9,1,1,3,50.0,2,1,7,0,3.0,1.0,1.0,3.0,1,1,1,1,1.0,5,5
3,0,1,0,0,0,42,1764,1,1,9,1,1,1,25.0,3,3,7,0,5.0,1.0,3.0,1.0,0,1,1,0,0.5,4,2
3,0,1,0,0,0,70,4900,1,1,8,1,1,1,3.0,2,3,1,0,1.0,1.0,1.0,1.0,1,1,1,1,1.0,5,5
3,0,1,0,0,0,76,5776,1,1,8,1,1,2,30.0,2,1,1,0,1.0,1.0,1.0,1.0,0,1,0,0,0.25,4,4
3,0,1,0,0,1,48,2304,1,1,9,1,1,1,0.0,1,3,6,0,,,,,0,0,0,0,0.0,4,4
3,0,1,1,0,0,28,784,1,1,9,1,2,1,200.0,3,1,6,0,5.0,3.0,4.0,4.0,1,1,1,0,0.75,5,5
3,0,1,0,0,1,28,784,1,1,8,1,1,1,100.0,3,2,7,0,4.0,4.0,3.0,4.0,0,0,0,0,0.0,4,3
3,0,1,0,0,0,47,2209,1,1,8,1,1,2,35.0,2,1,1,0,4.0,2.0,2.0,3.0,0,1,0,0,0.25,5,4
3,0,1,0,0,0,54,2916,1,1,9,1,1,1,80.0,3,4,7,0,5.0,4.0,4.0,5.0,0,0,0,0,0.0,5,5
3,0,1,0,0,1,41,1681,1,1,8,1,1,1,81.0,2,1,7,0,4.0,1.0,1.0,1.0,1,1,1,0,0.75,5,1
3,0,1,0,0,1,18,324,1,1,9,2,2,2,205.0,2,3,6,0,2.0,1.0,4.0,2.0,0,1,0,1,0.5,5,4
3,0,1,0,0,1,48,2304,1,1,9,1,1,1,250.0,3,3,6,0,5.0,3.0,3.0,5.0,0,0,0,0,0.0,5,5
3,0,1,0,1,1,65,4225,1,1,9,1,1,1,10.0,2,1,7,0,1.0,1.0,1.0,2.0,0,0,1,1,0.5,4,1
3,0,1,0,1,1,46,2116,1,1,9,1,1,1,219.0,3,2,7,0,5.0,4.0,3.0,4.0,0,0,0,0,0.0,5,5
3,0,1,0,0,0,60,3600,1,1,8,1,1,3,150.0,2,4,7,0,4.0,3.0,3.0,3.0,0,1,0,0,0.25,5,5
3,0,1,0,1,1,46,2116,1,1,9,1,1,1,113.0,2,1,7,0,4.0,3.0,4.0,4.0,1,0,0,0,0.25,5,4
3,0,1,0,0,0,50,2500,1,1,8,1,1,1,20.0,1,3,7,0,,,,,1,1,1,0,0.75,4,2
3,0,1,0,0,0,36,1296,1,1,8,1,1,1,250.0,2,6,1,0,4.0,3.0,5.0,3.0,0,0,0,0,0.0,5,4
3,0,1,0,0,0,52,2704,1,1,8,1,1,1,1309.0,2,1,1,0,4.0,4.0,1.0,4.0,0,1,0,1,0.5,5,2
3,0,1,0,0,0,65,4225,1,1,8,1,1,2,5.0,2,3,1,0,2.0,2.0,2.0,3.0,0,0,0,0,0.0,3,3
3,0,1,0,1,1,42,1764,1,1,9,1,1,4,100.0,2,8,1,0,4.0,2.0,1.0,1.0,0,0,1,0,0.25,5,4
3,0,1,0,0,1,64,4096,1,1,8,1,1,2,10.0,2,3,7,0,1.0,1.0,1.0,1.0,1,0,1,0,0.5,5,5
3,0,1,0,0,1,19,361,1,1,8,1,1,1,50.0,3,2,1,0,4.0,3.0,3.0,3.0,0,0,0,0,0.0,4,3
3,0,1,0,0,0,50,2500,1,1,9,1,1,3,10.0,2,2,7,0,2.0,1.0,3.0,2.0,0,0,0,0,0.0,4,4
3,0,1,0,1,1,38,1444,1,1,8,1,1,1,150.0,3,6,7,0,4.0,1.0,1.0,2.0,0,1,0,0,0.25,5,5
3,0,1,0,0,0,38,1444,1,1,8,1,1,1,128.0,3,3,1,0,3.0,1.0,2.0,4.0,0,1,1,1,0.75,4,3
3,0,1,1,0,0,58,3364,1,1,9,1,1,1,342.0,3,1,3,0,4.0,3.0,5.0,3.0,0,1,1,1,0.75,3,1
3,0,1,0,0,1,68,4624,1,1,8,1,1,1,135.0,1,2,7,0,,,,,0,0,1,0,0.25,2,3
3,0,1,1,1,1,30,900,1,1,8,1,1,1,30.0,3,3,7,0,5.0,5.0,4.0,3.0,0,0,0,0,0.0,5,2
3,0,1,1,0,1,63,3969,1,1,8,1,1,1,50.0,3,3,7,0,5.0,3.0,4.0,4.0,1,1,1,0,0.75,5,5
3,0,1,0,0,0,42,1764,1,1,9,1,1,1,10.0,2,2,7,0,4.0,2.0,2.0,2.0,1,1,1,1,1.0,3,3
3,0,1,0,0,0,68,4624,1,1,9,1,1,1,3000.0,3,1,1,0,5.0,2.0,2.0,5.0,0,1,0,0,0.25,5,5
3,0,1,0,0,1,34,1156,1,1,8,1,1,1,200.0,3,3,7,0,4.0,4.0,3.0,4.0,0,0,0,1,0.25,4,4
3,0,1,0,0,1,57,3249,1,1,8,1,2,2,12.0,2,2,1,0,3.0,2.0,2.0,4.0,0,0,0,0,0.0,5,5
3,0,1,0,0,1,56,3136,1,1,8,1,1,1,40.0,2,2,7,0,3.0,2.0,3.0,3.0,0,1,0,0,0.25,5,3
3,0,1,0,0,0,68,4624,1,1,8,1,1,1,580.0,3,3,1,0,3.0,1.0,1.0,3.0,0,0,1,1,0.5,4,4
3,0,1,0,0,1,33,1089,1,1,9,1,1,2,250.0,2,1,7,0,3.0,1.0,1.0,1.0,1,1,1,1,1.0,3,3
3,0,1,0,0,0,74,5476,1,1,9,1,1,1,50.0,2,1,7,0,1.0,1.0,1.0,1.0,1,1,1,1,1.0,5,4
3,0,1,0,0,1,45,2025,1,1,8,1,1,3,0.0,1,2,7,0,,,,,0,1,1,0,0.5,4,4
3,0,1,0,0,0,66,4356,1,1,8,1,1,3,10.0,1,1,1,0,,,,,0,1,1,1,0.75,3,2
3,0,1,0,1,1,44,1936,1,1,9,1,1,1,120.0,3,2,7,0,4.0,4.0,4.0,4.0,0,0,1,0,0.25,5,4
3,0,1,0,0,0,75,5625,1,1,8,2,2,1,1437.0,3,3,1,0,2.0,2.0,4.0,4.0,0,0,0,0,0.0,3,3
3,0,1,0,0,1,39,1521,1,1,9,1,1,1,380.0,3,2,1,0,4.0,2.0,5.0,4.0,0,1,1,1,0.75,5,3
3,0,1,0,0,1,75,5625,1,1,8,2,1,4,7.0,2,1,1,0,2.0,1.0,1.0,2.0,0,0,0,0,0.0,4,3
3,0,1,0,0,0,61,3721,1,1,8,1,1,2,0.0,1,1,7,0,,,,,0,1,0,0,0.25,4,4
3,0,1,0,1,1,62,3844,1,1,8,1,1,3,12.0,2,4,7,0,3.0,1.0,1.0,1.0,0,1,1,0,0.5,5,3
3,0,1,0,0,0,71,5041,1,1,8,1,1,1,60.0,2,7,1,0,4.0,1.0,1.0,4.0,0,1,0,0,0.25,5,5
3,0,1,0,0,1,66,4356,1,1,9,1,1,2,10.0,2,1,1,0,5.0,1.0,1.0,1.0,1,1,1,0,0.75,4,3
3,0,1,0,0,1,34,1156,1,1,8,1,1,1,50.0,3,3,1,0,4.0,3.0,4.0,4.0,0,0,0,0,0.0,5,2
3,0,1,1,1,1,54,2916,1,1,8,1,1,1,0.0,1,1,1,0,,,,,1,1,1,0,0.75,5,5
3,0,1,0,0,0,66,4356,1,1,9,1,1,4,10.0,2,4,1,0,2.0,2.0,2.0,3.0,0,0,0,0,0.0,3,4
3,0,1,0,0,0,63,3969,1,1,8,1,1,1,25.0,2,3,1,0,4.0,3.0,3.0,4.0,0,1,1,0,0.5,5,5
3,0,1,0,0,1,58,3364,1,1,9,1,1,3,120.0,2,1,7,0,4.0,1.0,2.0,1.0,0,1,1,0,0.5,4,2
3,0,1,0,0,1,43,1849,1,1,9,1,1,1,150.0,1,3,1,0,,,,,0,1,1,0,0.5,5,5
3,0,1,0,0,1,32,1024,1,1,9,1,1,1,12.0,2,3,1,0,3.0,3.0,3.0,4.0,0,1,1,1,0.75,3,3
3,0,1,0,1,1,66,4356,1,1,8,2,1,1,163.0,3,3,1,0,5.0,2.0,1.0,2.0,1,0,0,0,0.25,5,5
3,0,1,1,0,1,64,4096,1,1,9,1,1,1,50.0,3,3,1,0,5.0,4.0,5.0,5.0,0,0,0,0,0.0,5,5
3,0,1,0,0,0,68,4624,1,1,8,1,1,1,50.0,3,1,1,0,4.0,1.0,3.0,4.0,0,1,1,0,0.5,5,5
3,0,1,0,0,0,42,1764,1,1,8,1,1,1,220.0,3,5,7,0,3.0,2.0,3.0,3.0,0,1,0,0,0.25,5,5
3,0,1,1,1,1,33,1089,1,1,8,1,1,1,156.0,3,3,1,0,5.0,5.0,4.0,4.0,0,0,0,1,0.25,5,2
3,0,1,0,0,1,23,529,1,1,8,1,2,2,150.0,2,1,1,0,2.0,1.0,1.0,2.0,1,1,1,1,1.0,4,4
3,0,1,0,0,1,24,576,1,1,9,1,1,1,554.0,3,3,7,0,5.0,4.0,1.0,1.0,0,0,0,0,0.0,5,5
3,0,1,1,0,1,28,784,1,1,8,1,1,1,52.0,3,2,7,0,3.0,4.0,2.0,3.0,0,0,0,0,0.0,3,4
3,0,1,0,0,0,34,1156,1,1,8,1,1,2,373.0,2,9,1,0,5.0,1.0,1.0,1.0,1,0,1,1,0.75,5,5
3,0,1,0,0,1,65,4225,1,1,8,1,1,1,15.0,2,8,1,0,2.0,1.0,1.0,1.0,1,1,1,1,1.0,3,1
3,0,1,0,1,1,24,576,1,1,9,1,1,2,27.0,2,3,7,0,3.0,2.0,1.0,3.0,1,0,1,1,0.75,5,5
3,0,1,0,0,0,34,1156,1,1,8,1,2,2,50.0,3,3,7,0,4.0,3.0,4.0,5.0,0,0,0,1,0.25,5,5
3,0,1,0,0,0,47,2209,1,1,9,1,1,1,30.0,2,1,7,0,3.0,4.0,1.0,2.0,0,1,0,1,0.5,5,4
3,0,1,0,0,1,48,2304,1,1,9,1,1,1,221.0,3,3,1,0,4.0,4.0,4.0,4.0,0,0,0,0,0.0,4,4
3,0,1,1,1,1,26,676,1,1,8,1,1,2,240.0,3,1,1,0,4.0,4.0,3.0,3.0,0,0,0,0,0.0,4,4
3,0,1,0,0,1,60,3600,1,1,8,1,1,1,23.0,3,1,7,0,4.0,3.0,4.0,5.0,0,1,0,0,0.25,5,5
3,0,1,0,0,0,25,625,1,1,9,1,2,2,500.0,2,3,3,0,3.0,3.0,4.0,4.0,0,0,0,0,0.0,4,4
3,0,1,1,0,0,31,961,1,1,8,2,1,2,1317.0,2,2,1,0,3.0,3.0,5.0,4.0,0,0,0,0,0.0,2,3
3,0,1,0,1,1,36,1296,1,1,9,1,1,2,129.0,2,4,2,1,3.0,3.0,3.0,3.0,0,1,0,0,0.25,3,2
3,0,1,0,0,0,54,2916,1,1,8,1,1,3,50.0,1,1,1,0,,,,,0,0,0,0,0.0,3,3
3,0,1,0,1,1,39,1521,1,1,8,1,1,1,80.0,3,1,7,0,4.0,2.0,3.0,4.0,0,0,0,0,0.0,3,4
3,0,1,1,1,1,19,361,1,1,8,1,1,4,18.0,2,2,1,0,3.0,5.0,4.0,4.0,0,0,0,0,0.0,5,3
3,0,1,0,0,0,66,4356,1,1,8,1,1,1,66.0,3,4,1,0,3.0,1.0,1.0,3.0,0,1,1,0,0.5,3,3
3,0,1,1,1,1,22,484,1,1,8,1,1,1,65.0,3,3,7,0,3.0,4.0,2.0,4.0,0,0,0,0,0.0,3,2
3,0,1,0,0,0,22,484,1,1,8,1,1,1,400.0,2,3,1,0,2.0,3.0,3.0,3.0,0,0,1,1,0.5,4,4
3,0,1,0,0,1,21,441,1,1,8,1,2,1,15.0,2,3,7,0,3.0,2.0,3.0,3.0,1,1,1,1,1.0,5,2
3,0,1,0,1,1,48,2304,1,1,9,1,2,1,3000.0,2,1,6,0,4.0,5.0,2.0,3.0,0,0,0,1,0.25,5,5
3,0,1,1,0,0,65,4225,1,1,8,1,1,1,5000.0,2,2,1,0,4.0,2.0,3.0,4.0,0,0,0,0,0.0,5,5
3,0,1,0,0,0,44,1936,1,1,9,1,1,1,350.0,2,3,6,0,3.0,2.0,2.0,3.0,0,0,0,1,0.25,5,4
3,0,1,0,0,0,43,1849,1,1,9,1,1,3,33.0,3,2,7,0,4.0,2.0,2.0,4.0,1,1,1,1,1.0,4,4
3,0,1,0,0,0,35,1225,1,1,8,1,2,1,,3,3,1,0,5.0,5.0,5.0,5.0,0,0,0,0,0.0,5,5
3,0,1,0,1,1,44,1936,1,1,8,1,1,2,30.0,2,1,1,0,4.0,4.0,4.0,4.0,0,1,1,1,0.75,4,3
3,0,1,1,1,1,35,1225,1,1,9,1,1,1,200.0,3,1,1,0,3.0,2.0,1.0,2.0,1,1,0,1,0.75,5,3
3,0,1,0,0,1,69,4761,1,1,9,1,1,3,1.0,2,3,1,0,3.0,1.0,1.0,1.0,0,0,1,1,0.5,2,2
3,0,1,0,0,1,38,1444,1,1,8,1,1,2,50.0,3,3,7,0,5.0,3.0,2.0,4.0,0,1,1,0,0.5,5,3
3,0,1,0,0,1,21,441,1,1,8,1,1,2,50.0,2,1,7,0,3.0,2.0,2.0,3.0,0,0,1,1,0.5,5,5
3,0,1,0,1,1,52,2704,1,1,8,1,1,1,200.0,3,1,7,0,3.0,2.0,4.0,3.0,0,1,1,0,0.5,4,5
3,0,1,1,0,1,28,784,1,1,8,2,2,1,286.0,2,1,1,0,4.0,4.0,3.0,4.0,1,0,1,0,0.5,4,4
3,0,1,0,0,1,56,3136,1,1,9,1,1,3,20.0,2,1,1,0,3.0,2.0,3.0,3.0,0,0,0,0,0.0,3,3
3,0,1,0,1,1,32,1024,1,1,9,2,1,1,300.0,2,1,7,0,3.0,3.0,4.0,3.0,0,0,1,0,0.25,5,4
3,0,1,1,0,0,49,2401,1,1,8,1,1,1,45.0,3,1,1,0,4.0,2.0,2.0,3.0,0,1,1,0,0.5,5,5
3,0,1,1,0,0,18,324,1,1,8,1,1,4,1000.0,2,1,7,0,2.0,2.0,3.0,4.0,0,0,0,0,0.0,3,5
3,0,1,0,0,0,44,1936,1,1,8,1,1,1,218.0,3,3,7,0,4.0,3.0,4.0,4.0,0,0,0,0,0.0,5,4
3,0,1,0,1,1,42,1764,1,1,9,1,1,1,1000.0,3,4,7,0,4.0,1.0,1.0,2.0,0,0,1,0,0.25,4,4
3,0,1,0,0,0,55,3025,1,1,9,2,2,2,10.0,2,3,1,0,2.0,2.0,2.0,2.0,0,0,0,0,0.0,3,4
3,0,1,0,1,1,54,2916,1,1,9,1,1,3,35.0,2,3,1,0,2.0,1.0,1.0,4.0,0,0,1,0,0.25,5,4
3,0,1,1,0,1,30,900,1,1,9,1,1,1,400.0,3,4,3,0,3.0,3.0,3.0,4.0,0,0,0,0,0.0,3,3
3,0,1,0,0,0,50,2500,1,1,9,1,1,1,40.0,3,4,7,0,3.0,2.0,1.0,3.0,1,1,1,0,0.75,5,4
3,0,1,0,0,0,45,2025,1,1,9,2,2,1,896.0,3,3,4,0,3.0,2.0,5.0,3.0,0,0,0,0,0.0,5,3
3,0,1,0,0,1,38,1444,1,1,9,1,1,2,20.0,1,2,1,0,,,,,0,0,1,1,0.5,4,4
3,0,1,0,0,1,56,3136,1,1,9,1,1,3,50.0,2,4,1,0,4.0,1.0,2.0,3.0,0,1,1,0,0.5,4,4
3,0,1,1,0,0,26,676,1,1,9,1,1,1,500.0,3,3,1,0,5.0,5.0,5.0,5.0,0,0,0,0,0.0,4,4
3,0,1,0,1,1,32,1024,1,1,9,1,1,1,235.0,3,1,7,0,4.0,4.0,3.0,2.0,0,1,0,0,0.25,5,4
3,0,1,0,0,1,42,1764,1,1,9,1,1,1,5000.0,3,3,1,0,5.0,4.0,4.0,4.0,0,1,0,0,0.25,5,5
3,0,1,0,0,0,68,4624,1,1,9,1,1,1,60.0,3,3,7,0,5.0,3.0,2.0,5.0,0,0,0,0,0.0,5,5
3,0,1,0,0,0,30,900,1,1,9,1,1,2,30.0,3,3,6,0,4.0,2.0,3.0,3.0,0,1,0,0,0.25,3,4
3,0,1,0,0,1,65,4225,1,1,9,1,1,2,45.0,3,3,1,0,4.0,3.0,4.0,4.0,0,0,0,0,0.0,4,4
3,0,1,1,1,1,58,3364,1,1,9,1,1,2,40.0,3,3,2,1,4.0,4.0,3.0,3.0,0,0,0,0,0.0,4,3
3,0,1,0,1,1,50,2500,1,1,9,1,1,1,87.0,3,1,1,0,4.0,2.0,5.0,5.0,1,1,1,1,1.0,5,4
3,0,1,0,0,1,61,3721,1,1,9,1,1,3,200.0,2,1,2,1,5.0,1.0,1.0,1.0,0,0,0,0,0.0,5,5
3,0,1,0,0,0,63,3969,1,1,9,1,1,1,100.0,3,4,3,0,3.0,3.0,3.0,3.0,0,0,0,0,0.0,3,3
3,0,1,0,0,1,64,4096,1,1,9,1,1,1,124.0,2,3,1,0,4.0,1.0,1.0,4.0,1,1,1,0,0.75,5,4
3,0,1,0,1,1,44,1936,1,1,9,1,1,1,25.0,2,3,7,0,4.0,1.0,1.0,1.0,0,1,1,1,0.75,4,2
3,0,1,1,0,1,43,1849,1,1,9,2,2,3,12.0,2,1,2,1,4.0,5.0,4.0,4.0,0,0,0,0,0.0,4,4
3,0,1,0,0,0,70,4900,1,1,9,1,1,1,0.0,2,2,7,0,1.0,1.0,1.0,1.0,0,0,1,0,0.25,5,5
3,0,1,0,1,1,54,2916,1,1,9,1,1,2,100.0,3,1,1,0,4.0,4.0,4.0,4.0,0,0,0,0,0.0,4,5
3,0,1,0,0,0,42,1764,1,1,9,1,1,1,10.0,2,2,7,0,2.0,2.0,1.0,1.0,0,0,0,1,0.25,3,2
3,0,1,0,0,0,56,3136,1,1,9,1,1,3,20.0,2,1,1,0,4.0,3.0,4.0,3.0,0,1,0,1,0.5,5,4
3,0,1,0,0,0,49,2401,1,1,9,1,1,1,53.0,3,1,1,0,4.0,2.0,4.0,4.0,0,0,1,0,0.25,5,3
3,0,1,0,0,1,47,2209,1,1,9,1,1,1,250.0,2,3,1,0,4.0,4.0,2.0,3.0,0,1,0,0,0.25,4,3
3,0,1,1,0,0,67,4489,1,1,9,1,1,2,83.0,3,3,1,0,4.0,3.0,3.0,4.0,0,0,0,0,0.0,5,4
3,0,1,0,0,1,58,3364,1,1,9,1,1,3,10.0,2,1,1,0,5.0,5.0,1.0,1.0,0,0,0,1,0.25,5,1
3,0,1,0,0,0,61,3721,1,1,9,1,1,1,300.0,3,3,1,0,5.0,4.0,4.0,5.0,0,0,0,0,0.0,5,5
3,0,1,0,0,1,35,1225,1,1,9,1,1,1,150.0,3,1,1,0,4.0,3.0,4.0,3.0,1,1,1,1,1.0,4,4
3,0,1,0,0,0,49,2401,1,1,9,1,1,2,45.0,2,4,1,0,4.0,1.0,3.0,3.0,0,1,1,1,0.75,5,5
3,0,1,0,0,1,74,5476,1,1,9,1,1,4,5.0,2,1,7,0,2.0,1.0,1.0,1.0,0,1,0,1,0.5,5,4
3,0,1,0,0,0,59,3481,1,1,9,1,1,4,59.0,1,1,7,0,,,,,0,1,1,1,0.75,5,1
3,0,1,0,0,0,72,5184,1,1,9,1,1,1,575.0,3,3,1,0,4.0,3.0,3.0,4.0,0,1,1,1,0.75,5,3
3,0,1,0,0,1,49,2401,1,1,9,1,1,2,800.0,2,1,1,0,3.0,1.0,1.0,3.0,1,0,1,0,0.5,5,1
3,0,1,0,0,0,27,729,1,1,9,1,1,1,300.0,2,2,7,0,2.0,1.0,3.0,2.0,1,1,1,1,1.0,5,5
3,0,1,0,1,1,27,729,1,1,9,1,1,1,150.0,3,3,1,0,4.0,5.0,4.0,4.0,0,0,0,0,0.0,4,3
3,0,1,0,0,1,39,1521,1,1,9,1,1,2,150.0,3,1,7,0,4.0,2.0,4.0,3.0,1,1,1,0,0.75,4,3
3,0,1,0,0,0,63,3969,1,1,9,1,1,2,40.0,2,1,1,0,4.0,1.0,1.0,3.0,0,0,1,0,0.25,4,3
3,0,1,0,0,0,56,3136,1,1,9,1,1,4,20.0,2,1,1,0,4.0,1.0,1.0,3.0,0,1,1,0,0.5,5,4
3,0,1,0,0,0,51,2601,1,1,9,2,2,4,50.0,1,6,7,0,,,,,1,1,1,1,1.0,5,5
3,0,1,0,1,1,23,529,1,1,9,2,1,2,50.0,2,1,1,0,4.0,3.0,3.0,3.0,0,1,0,0,0.25,4,3
3,0,1,0,1,1,53,2809,1,1,9,2,1,2,2500.0,2,2,7,0,3.0,3.0,2.0,3.0,0,0,0,0,0.0,4,4
