iso_i,iso_n,j,lD_inj_py
AUS,AUT,1,-8.869349858822659
AUS,BEL,1,-7.835634538311242
AUS,CAN,1,-8.587899994991622
AUS,DEU,1,-7.45114858030534
AUS,ESP,1,-7.951918895528291
AUS,FIN,1,-10.832296089872404
AUS,FRA,1,-8.053331714304909
AUS,GBR,1,-8.266728773068643
AUS,IRL,1,-7.854082362766231
AUS,ISR,1,-6.2881553441101685
AUS,ITA,1,-5.902509782083242
AUS,JPN,1,-6.5572063796513875
AUS,KOR,1,-5.651009178663656
AUS,NLD,1,-7.831355232142427
AUS,NOR,1,-7.649989080261725
AUS,NZL,1,-4.650029215650297
AUS,PRT,1,-7.686435500916351
AUS,USA,1,-8.804473640493473
AUT,AUS,1,-12.526934244570896
AUT,BEL,1,-9.497275756911678
AUT,CAN,1,-12.818118503173357
AUT,DEU,1,-6.716156173875257
AUT,ESP,1,-10.729117307884831
AUT,FIN,1,-7.3282869407360245
AUT,FRA,1,-8.92279620942512
AUT,GBR,1,-9.700672142395396
AUT,IRL,1,-9.747596616797576
AUT,ISR,1,-8.365713482418858
AUT,ITA,1,-5.81475276917733
AUT,JPN,1,-13.932430113968378
AUT,KOR,1,-12.230343058549494
AUT,NLD,1,-8.79133438714423
AUT,NOR,1,-9.18075852609605
AUT,NZL,1,-12.65775932051172
AUT,PRT,1,-10.130784887546572
AUT,USA,1,-12.237124304284341
BEL,AUS,1,-9.349676779132606
BEL,AUT,1,-4.348942352219181
BEL,CAN,1,-7.752184394363486
BEL,DEU,1,-4.015521289918903
BEL,ESP,1,-5.041292177346444
BEL,FIN,1,-4.723228819932745
BEL,FRA,1,-3.198469671263443
BEL,GBR,1,-4.563977306656815
BEL,IRL,1,-4.8554553470379975
BEL,ISR,1,-6.942409950696388
BEL,ITA,1,-4.526706481564968
BEL,JPN,1,-9.24228564749249
BEL,KOR,1,-9.644617346651243
BEL,NLD,1,-2.489925691847543
BEL,NOR,1,-4.312506797962446
BEL,NZL,1,-9.458957398591497
BEL,PRT,1,-4.203515501179327
BEL,USA,1,-8.542728357705915
CAN,AUS,1,-7.933071303226153
CAN,AUT,1,-6.016306469360823
CAN,BEL,1,-4.079401489730754
CAN,DEU,1,-6.07091355189697
CAN,ESP,1,-5.307508452080859
CAN,FIN,1,-5.449017886720384
CAN,FRA,1,-6.576607733259822
CAN,GBR,1,-5.652484955597773
CAN,IRL,1,-5.683459227058059
CAN,ISR,1,-6.87405629440053
CAN,ITA,1,-5.1838147851079786
CAN,JPN,1,-5.2845477214822765
CAN,KOR,1,-5.0145104173451305
CAN,NLD,1,-6.784896200895924
CAN,NOR,1,-6.197207092930016
CAN,NZL,1,-5.928725919419661
CAN,PRT,1,-4.2610878626447
CAN,USA,1,-4.52500097933364
DEU,AUS,1,-7.22082226396346
DEU,AUT,1,-1.164838622877672
DEU,BEL,1,-3.1167967299480415
DEU,CAN,1,-7.8500001443920935
DEU,ESP,1,-4.525703176551076
DEU,FIN,1,-2.980211859695239
DEU,FRA,1,-4.359460622708066
DEU,GBR,1,-4.793989006239865
DEU,IRL,1,-3.7259928644921425
DEU,ISR,1,-5.081216530192769
DEU,ITA,1,-3.366707585826364
DEU,JPN,1,-8.01005998898228
DEU,KOR,1,-7.603220488342448
DEU,NLD,1,-2.7184100820128694
DEU,NOR,1,-5.1727556000540424
DEU,NZL,1,-8.048013650023911
DEU,PRT,1,-2.871519773546802
DEU,USA,1,-7.698903730689844
ESP,AUS,1,-8.883485500528838
ESP,AUT,1,-2.91535028435455
ESP,BEL,1,-3.8822665346591716
ESP,CAN,1,-7.199380414343702
ESP,DEU,1,-3.4021103534171857
ESP,FIN,1,-3.2149967164388418
ESP,FRA,1,-3.0333805540671457
ESP,GBR,1,-3.6700080224530707
ESP,IRL,1,-4.000324687788478
ESP,ISR,1,-7.4079975798685
ESP,ITA,1,-3.9111645598032423
ESP,JPN,1,-8.455873898460256
ESP,KOR,1,-10.699086468438098
ESP,NLD,1,-3.637726389028077
ESP,NOR,1,-3.8105451030989133
ESP,NZL,1,-9.76782486632562
ESP,PRT,1,-1.4106335487474357
ESP,USA,1,-7.744674629456151
FIN,AUS,1,-16.74697141195865
FIN,AUT,1,-9.52765816958502
FIN,BEL,1,-9.464303128156855
FIN,CAN,1,-11.900243873991286
FIN,DEU,1,-9.079584950454906
FIN,ESP,1,-9.091924288810182
FIN,FRA,1,-9.708177233624399
FIN,GBR,1,-9.738204179015328
FIN,IRL,1,-6.71235328949539
FIN,ISR,1,-9.418429444667451
FIN,ITA,1,-8.586463348888083
FIN,JPN,1,-12.293076068892752
FIN,KOR,1,-9.97864331797826
FIN,NLD,1,-11.316770495572024
FIN,NOR,1,-8.916245217409584
FIN,NZL,1,-13.168355302901915
FIN,PRT,1,-9.850959384035889
FIN,USA,1,-11.313615367240942
FRA,AUS,1,-8.457969326344504
FRA,AUT,1,-4.9422250193651625
FRA,BEL,1,-3.028646436677231
FRA,CAN,1,-8.555780858506537
FRA,DEU,1,-4.603480547030704
FRA,ESP,1,-3.703975155008782
FRA,FIN,1,-5.705198144030632
FRA,GBR,1,-4.788699659624328
FRA,IRL,1,-4.265310203515034
FRA,ISR,1,-5.565486357161216
FRA,ITA,1,-3.3641099849688847
FRA,JPN,1,-10.036579018679
FRA,KOR,1,-9.57542252051109
FRA,NLD,1,-4.158411777725213
FRA,NOR,1,-6.293158144155058
FRA,NZL,1,-9.465048484011405
FRA,PRT,1,-2.826589046621208
FRA,USA,1,-9.322931190867521
GBR,AUS,1,-6.2134729481227655
GBR,AUT,1,-5.954126365295033
GBR,BEL,1,-3.8180672470998998
GBR,CAN,1,-7.990230021666632
GBR,DEU,1,-5.745943244736698
GBR,ESP,1,-3.8165215662462697
GBR,FIN,1,-3.666362585816215
GBR,FRA,1,-4.14637276240326
GBR,IRL,1,-1.2871576573092844
GBR,ISR,1,-3.739746940761986
GBR,ITA,1,-4.894371707256788
GBR,JPN,1,-8.547171446609601
GBR,KOR,1,-9.028899393632123
GBR,NLD,1,-4.495352033567194
GBR,NOR,1,-4.337834415316863
GBR,NZL,1,-6.409648079758169
GBR,PRT,1,-3.0147418039890668
GBR,USA,1,-7.8393148060845
IRL,AUS,1,-9.114161236171757
IRL,AUT,1,-8.692635660118928
IRL,BEL,1,-8.485326818489346
IRL,CAN,1,-11.043771321800588
IRL,DEU,1,-9.180605703470505
IRL,ESP,1,-6.608110466172704
IRL,FIN,1,-7.484218060602268
IRL,FRA,1,-6.67299279025938
IRL,GBR,1,-5.1130396102230655
IRL,ISR,1,-11.645840177999212
IRL,ITA,1,-7.171850041997676
IRL,JPN,1,-10.702543229226464
IRL,KOR,1,-14.506693203836877
IRL,NLD,1,-7.798301578787818
IRL,NOR,1,-6.178679640011363
IRL,NZL,1,-12.742004172525178
IRL,PRT,1,-8.587731384457493
IRL,USA,1,-9.649264320787545
ISR,AUS,1,-9.04511854352411
ISR,AUT,1,-5.615704173525967
ISR,BEL,1,-5.173793834246239
ISR,CAN,1,-8.664156004946395
ISR,DEU,1,-6.299901290546978
ISR,ESP,1,-7.125644235317048
ISR,FIN,1,-5.1970924631389455
ISR,FRA,1,-5.226710393479653
ISR,GBR,1,-6.043881522983131
ISR,IRL,1,-6.15488003684454
ISR,ITA,1,-6.944427794601491
ISR,JPN,1,-10.105031450885457
ISR,KOR,1,-9.643925497456319
ISR,NLD,1,-5.192304006379427
ISR,NOR,1,-6.23001544162641
ISR,NZL,1,-10.851901299213466
ISR,PRT,1,-7.626857293799591
ISR,USA,1,-8.620166753719731
ITA,AUS,1,-8.157639410726818
ITA,AUT,1,-2.79676370650016
ITA,BEL,1,-4.706849789034396
ITA,CAN,1,-7.728074291124933
ITA,DEU,1,-4.041221119389089
ITA,ESP,1,-5.082199774303203
ITA,FIN,1,-5.03046332118638
ITA,FRA,1,-4.831411131287829
ITA,GBR,1,-5.5214851309695305
ITA,IRL,1,-5.770787878381965
ITA,ISR,1,-6.8784291084746805
ITA,JPN,1,-9.577094211093536
ITA,KOR,1,-9.782674315708832
ITA,NLD,1,-5.555593058244
ITA,NOR,1,-4.821229317251969
ITA,NZL,1,-8.103073060581215
ITA,PRT,1,-4.79763431029429
ITA,USA,1,-9.098294405742996
JPN,AUS,1,-6.774036181688944
JPN,AUT,1,-8.230205689254278
JPN,BEL,1,-7.929388604063906
JPN,CAN,1,-7.24611147727871
JPN,DEU,1,-7.895192944519918
JPN,ESP,1,-9.041379042671336
JPN,FIN,1,-9.148279636368478
JPN,FRA,1,-7.584991568479204
JPN,GBR,1,-7.205547478866473
JPN,IRL,1,-7.368521719809179
JPN,ISR,1,-8.294458905559855
JPN,ITA,1,-8.242105350979218
JPN,KOR,1,-4.712482322480286
JPN,NLD,1,-6.6996921607490965
JPN,NOR,1,-8.041080678057847
JPN,NZL,1,-6.16035394485511
JPN,PRT,1,-8.700226836261301
JPN,USA,1,-7.6815395501182095
KOR,AUS,1,-8.653619193528726
KOR,AUT,1,-9.741503521955877
KOR,BEL,1,-11.320793839567019
KOR,CAN,1,-8.386471008893883
KOR,DEU,1,-10.957216714111166
KOR,ESP,1,-10.553735453864146
KOR,FIN,1,-14.276655296523693
KOR,FRA,1,-9.212687258846818
KOR,GBR,1,-9.565959729597857
KOR,IRL,1,-13.007765452474157
KOR,ISR,1,-9.087063958720439
KOR,ITA,1,-12.018993851405426
KOR,JPN,1,-6.437083851073181
KOR,NLD,1,-9.18408302628761
KOR,NOR,1,-13.775815820024583
KOR,NZL,1,-8.05976336889582
KOR,PRT,1,-10.76610058906788
KOR,USA,1,-8.75584378388182
NLD,AUS,1,-5.553991657353422
NLD,AUT,1,-1.8850128685625562
NLD,BEL,1,-1.6659383084728914
NLD,CAN,1,-5.34476822018562
NLD,DEU,1,-2.048077754824899
NLD,ESP,1,-3.9007836951241446
NLD,FIN,1,-2.2837811096525855
NLD,FRA,1,-2.922325336227423
NLD,GBR,1,-2.6330347023489438
NLD,IRL,1,-2.56718313572024
NLD,ISR,1,-3.049140819746672
NLD,ITA,1,-3.2501229795062443
NLD,JPN,1,-7.077776997423511
NLD,KOR,1,-7.564137417437976
NLD,NOR,1,-3.1418915328269392
NLD,NZL,1,-6.0596689137752024
NLD,PRT,1,-2.88586678305615
NLD,USA,1,-6.120569809107883
NOR,AUS,1,-10.912066984343987
NOR,AUT,1,-6.613131950130758
NOR,BEL,1,-9.88970648939107
NOR,CAN,1,-11.96951043636686
NOR,DEU,1,-5.775181888501867
NOR,ESP,1,-6.57579599187179
NOR,FIN,1,-3.774599318418053
NOR,FRA,1,-5.131410032114473
NOR,GBR,1,-6.851700725674348
NOR,IRL,1,-9.151298349185414
NOR,ISR,1,-7.134103611260554
NOR,ITA,1,-10.412042281563949
NOR,JPN,1,-7.897098814892592
NOR,KOR,1,-8.724560881330397
NOR,NLD,1,-8.346400922846279
NOR,NZL,1,-9.325175843243796
NOR,PRT,1,-11.315948335632655
NOR,USA,1,-11.252488901357237
NZL,AUS,1,-4.811300244493747
NZL,AUT,1,-6.3158744456625975
NZL,BEL,1,-4.9754910820145835
NZL,CAN,1,-8.097210207289324
NZL,DEU,1,-6.46874097720387
NZL,ESP,1,-7.098340294807194
NZL,FIN,1,-7.96686808576996
NZL,FRA,1,-7.2458217819492905
NZL,GBR,1,-6.774732451552866
NZL,IRL,1,-6.8102309539701835
NZL,ISR,1,-10.496538871074618
NZL,ITA,1,-7.351607859066002
NZL,JPN,1,-7.277626707000358
NZL,KOR,1,-5.539572778412529
NZL,NLD,1,-6.503335103101017
NZL,NOR,1,-7.265808978075784
NZL,PRT,1,-9.127593285540714
NZL,USA,1,-8.413802354072914
PRT,AUS,1,-13.440602024260649
PRT,AUT,1,-10.274658303981747
PRT,BEL,1,-8.620320825419792
PRT,CAN,1,-10.676579984034987
PRT,DEU,1,-9.06580951875056
PRT,ESP,1,-5.465993419636355
PRT,FIN,1,-10.312717831540285
PRT,FRA,1,-8.112106860971567
PRT,GBR,1,-7.970907304897652
PRT,IRL,1,-7.98980376797781
PRT,ISR,1,-12.057399259850312
PRT,ITA,1,-7.429965310524802
PRT,JPN,1,-13.795159287395926
PRT,KOR,1,-13.179639157025868
PRT,NLD,1,-8.77185855111133
PRT,NOR,1,-8.479110391631751
PRT,NZL,1,-13.276207678814757
PRT,USA,1,-12.539100609059545
USA,AUS,1,-4.281699417062677
USA,AUT,1,-3.8615418868167337
USA,BEL,1,-3.6055229373838076
USA,CAN,1,-1.8594313364927766
USA,DEU,1,-3.9887979714280757
USA,ESP,1,-3.9352026517328147
USA,FIN,1,-4.72681327121731
USA,FRA,1,-4.433025935749912
USA,GBR,1,-4.307511461157931
USA,IRL,1,-3.2804303317698285
USA,ISR,1,-2.5026514778629103
USA,ITA,1,-4.003835053638108
USA,JPN,1,-3.3568093630745404
USA,KOR,1,-2.905707453224503
USA,NLD,1,-3.5183280867051057
USA,NOR,1,-5.136131475229677
USA,NZL,1,-4.3987424686199565
USA,PRT,1,-2.7551193616435796
AUS,AUT,2,-4.648542925479616
AUS,BEL,2,-4.684540418185216
AUS,CAN,2,-6.507378989713368
AUS,DEU,2,-5.705631755253071
AUS,ESP,2,-4.460498284309379
AUS,FIN,2,-3.7886292513330355
AUS,FRA,2,-4.333206594278105
AUS,GBR,2,-3.860311388348194
AUS,IRL,2,-4.835827370199869
AUS,ISR,2,-3.0245784077966187
AUS,ITA,2,-4.514174404586669
AUS,JPN,2,-3.104226969194344
AUS,KOR,2,-2.2913096124891883
AUS,NLD,2,-5.044160695645282
AUS,NOR,2,-8.011756357587108
AUS,NZL,2,-2.1872576620925663
AUS,PRT,2,-10.073031923700484
AUS,USA,2,-7.438959049910936
AUT,AUS,2,-12.861130193111691
AUT,BEL,2,-9.851388675605076
AUT,CAN,2,-12.056297669305772
AUT,DEU,2,-7.505178667801408
AUT,ESP,2,-10.627850916233324
AUT,FIN,2,-9.262443694322656
AUT,FRA,2,-10.616999641584439
AUT,GBR,2,-10.937840535851365
AUT,IRL,2,-9.574501012713416
AUT,ISR,2,-9.539006978899033
AUT,ITA,2,-8.156029838405757
AUT,JPN,2,-12.430586137125218
AUT,KOR,2,-8.509575816724537
AUT,NLD,2,-10.58208112618373
AUT,NOR,2,-8.172689330850169
AUT,NZL,2,-12.427310079249057
AUT,PRT,2,-8.939655757711833
AUT,USA,2,-11.438883665172286
BEL,AUS,2,-4.643084498845117
BEL,AUT,2,0.0
BEL,CAN,2,-3.645675566652968
BEL,DEU,2,-1.1787049721310252
BEL,ESP,2,-1.8120698169984895
BEL,FIN,2,-0.5437320969646517
BEL,FRA,2,0.0
BEL,GBR,2,0.0
BEL,IRL,2,-0.9028363151509424
BEL,ISR,2,0.0
BEL,ITA,2,-2.021554147648705
BEL,JPN,2,-2.8767393182858907
BEL,KOR,2,-6.153793801962357
BEL,NLD,2,0.0
BEL,NOR,2,0.0
BEL,NZL,2,-4.598886119601624
BEL,PRT,2,-1.2426929415580519
BEL,USA,2,-6.928399463825634
CAN,AUS,2,-5.125051086885752
CAN,AUT,2,-6.103108515844373
CAN,BEL,2,-5.619203779240892
CAN,DEU,2,-4.617723791006621
CAN,ESP,2,-5.473322408151918
CAN,FIN,2,-4.071223282173256
CAN,FRA,2,-5.48201263550193
CAN,GBR,2,-2.8503424576100453
CAN,IRL,2,-8.970514859215747
CAN,ISR,2,-6.850994488731444
CAN,ITA,2,-4.360506066271006
CAN,JPN,2,-4.797933725769275
CAN,KOR,2,-3.883301459987429
CAN,NLD,2,-4.391044773177397
CAN,NOR,2,-2.1847138432460556
CAN,NZL,2,-4.082081516998948
CAN,PRT,2,-7.501986113460993
CAN,USA,2,-2.0090203220383893
DEU,AUS,2,-7.123093821147687
DEU,AUT,2,0.0
DEU,BEL,2,-1.950789933340777
DEU,CAN,2,-7.940916212197725
DEU,ESP,2,-3.8722426181523772
DEU,FIN,2,-3.933051521729989
DEU,FRA,2,-0.8745946663909088
DEU,GBR,2,-4.437836028053619
DEU,IRL,2,-2.556986090792135
DEU,ISR,2,-2.393379502427581
DEU,ITA,2,-3.153511445109965
DEU,JPN,2,-8.148594439080892
DEU,KOR,2,-7.748567337826938
DEU,NLD,2,-0.42714924545355126
DEU,NOR,2,-1.011039887444512
DEU,NZL,2,-4.6440581005956
DEU,PRT,2,-3.617693184881129
DEU,USA,2,-7.494590426753203
ESP,AUS,2,-11.200330782920846
ESP,AUT,2,-5.217963788661693
ESP,BEL,2,-6.659441546984665
ESP,CAN,2,-7.044749243306821
ESP,DEU,2,-5.930030655315642
ESP,FIN,2,-5.33473802268772
ESP,FRA,2,-4.606717695077673
ESP,GBR,2,-5.045684981709105
ESP,IRL,2,-3.9272046771685667
ESP,ISR,2,-4.587645892682797
ESP,ITA,2,-5.030052892204171
ESP,JPN,2,-9.883725058538376
ESP,KOR,2,-8.35177285123584
ESP,NLD,2,-6.14929237044235
ESP,NOR,2,-1.6447925428822248
ESP,NZL,2,-8.689416590994247
ESP,PRT,2,0.0
ESP,USA,2,-8.701689220191401
FIN,AUS,2,-10.762597364572725
FIN,AUT,2,-5.658008423597265
FIN,BEL,2,-6.045189449971384
FIN,CAN,2,-11.759140229865928
FIN,DEU,2,-7.165822093534904
FIN,ESP,2,-6.334555380937769
FIN,FRA,2,-6.352125031429261
FIN,GBR,2,-7.207582396033103
FIN,IRL,2,-6.73498040646449
FIN,ISR,2,-4.992896673858604
FIN,ITA,2,-6.038032040231783
FIN,JPN,2,-9.21328223238386
FIN,KOR,2,-10.227263271693872
FIN,NLD,2,-5.194559230567129
FIN,NOR,2,-2.82753250939128
FIN,NZL,2,-15.261429724159798
FIN,PRT,2,-6.171442810612077
FIN,USA,2,-11.65189525496828
FRA,AUS,2,-8.726046979139559
FRA,AUT,2,-2.237593635393101
FRA,BEL,2,-4.350725856530404
FRA,CAN,2,-8.334449166027
FRA,DEU,2,-4.600185595125662
FRA,ESP,2,-3.604373346487267
FRA,FIN,2,-6.5701314382973015
FRA,GBR,2,-4.505546628519857
FRA,IRL,2,-4.448175866825999
FRA,ISR,2,-2.6265118272132773
FRA,ITA,2,-3.5700460697766427
FRA,JPN,2,-8.911012433193369
FRA,KOR,2,-8.571843104766565
FRA,NLD,2,-3.7872016742660417
FRA,NOR,2,-2.241762992488387
FRA,NZL,2,-6.559704854473702
FRA,PRT,2,-2.3749651523822797
FRA,USA,2,-8.658170568387654
GBR,AUS,2,-9.400822997714428
GBR,AUT,2,-2.7118267271796404
GBR,BEL,2,-2.6773611585525385
GBR,CAN,2,-3.6538847037974254
GBR,DEU,2,-2.5470692744709478
GBR,ESP,2,-4.587607931727786
GBR,FIN,2,-3.516379076478189
GBR,FRA,2,-3.0897327074557897
GBR,IRL,2,-0.5723237597332973
GBR,ISR,2,0.0
GBR,ITA,2,-4.538405958285594
GBR,JPN,2,-10.453424178696949
GBR,KOR,2,-5.685649293782108
GBR,NLD,2,-2.5804626667483817
GBR,NOR,2,-0.6572826481482175
GBR,NZL,2,-7.379395500123767
GBR,PRT,2,-2.2504898529792436
GBR,USA,2,-4.932960796709838
IRL,AUS,2,-10.741065482583334
IRL,AUT,2,-14.702455545514123
IRL,BEL,2,-7.034568198208127
IRL,CAN,2,-9.516030703528392
IRL,DEU,2,-7.342666390286967
IRL,ESP,2,-5.855940273698132
IRL,FIN,2,-4.928618369399158
IRL,FRA,2,-9.612159292475758
IRL,GBR,2,-6.306622127355479
IRL,ISR,2,-7.5926907615652555
IRL,ITA,2,-7.726054353646444
IRL,JPN,2,-14.356751742758973
IRL,KOR,2,-16.82540607232167
IRL,NLD,2,-7.776384186804055
IRL,NOR,2,-3.0313772333894375
IRL,NZL,2,-10.593273277045895
IRL,PRT,2,-8.430873872653446
IRL,USA,2,-11.238260177788462
ISR,AUS,2,-10.620304271188978
ISR,AUT,2,-8.497144430250136
ISR,BEL,2,-2.7571764707615234
ISR,CAN,2,-7.763152220710695
ISR,DEU,2,-8.204559750425812
ISR,ESP,2,-9.242249603685611
ISR,FIN,2,-12.044652821838419
ISR,FRA,2,-7.875406488674173
ISR,GBR,2,-6.292197509589052
ISR,IRL,2,-6.838920299530935
ISR,ITA,2,-7.952432977609752
ISR,JPN,2,-10.061653144279653
ISR,KOR,2,-9.878843965236392
ISR,NLD,2,-6.220734612525177
ISR,NOR,2,-7.66286907756759
ISR,NZL,2,-10.609697162392262
ISR,PRT,2,-5.635205453770077
ISR,USA,2,-10.218981357751524
ITA,AUS,2,-8.028190907989625
ITA,AUT,2,-2.696124416507572
ITA,BEL,2,-6.14203747565757
ITA,CAN,2,-6.818690053037466
ITA,DEU,2,-5.906758864338277
ITA,ESP,2,-3.890958078865166
ITA,FIN,2,-8.114205851919097
ITA,FRA,2,-3.6926487658861986
ITA,GBR,2,-5.464819845089651
ITA,IRL,2,-3.9910348225315357
ITA,ISR,2,-2.183655632085683
ITA,JPN,2,-9.49077000187498
ITA,KOR,2,-9.450542285691826
ITA,NLD,2,-4.237771182187154
ITA,NOR,2,-4.53959822077693
ITA,NZL,2,-6.61116118414164
ITA,PRT,2,-5.258108455621995
ITA,USA,2,-9.111008390670337
JPN,AUS,2,-5.095001377153464
JPN,AUT,2,-3.194906912496363
JPN,BEL,2,-4.94208163508325
JPN,CAN,2,-7.323892684524303
JPN,DEU,2,-6.626053750463786
JPN,ESP,2,-8.241896737115917
JPN,FIN,2,-7.440568799873219
JPN,FRA,2,-6.1410643833654674
JPN,GBR,2,-6.267325199507395
JPN,IRL,2,-4.5804850431297
JPN,ISR,2,-7.106386177619759
JPN,ITA,2,-6.156847815050069
JPN,KOR,2,-3.232498342776808
JPN,NLD,2,-5.9140081497640775
JPN,NOR,2,-9.510220144713719
JPN,NZL,2,-5.4758327525486425
JPN,PRT,2,-7.526499449230412
JPN,USA,2,-6.9791303527540975
KOR,AUS,2,-8.594545823835885
KOR,AUT,2,-12.00755217399812
KOR,BEL,2,-9.123170385659712
KOR,CAN,2,-10.704567349712583
KOR,DEU,2,-8.032570128603727
KOR,ESP,2,-9.425913267843748
KOR,FIN,2,-8.028905093784644
KOR,FRA,2,-11.305007023407263
KOR,GBR,2,-9.610637766001828
KOR,IRL,2,-8.920053484257922
KOR,ISR,2,-17.662302313144952
KOR,ITA,2,-9.965336963880928
KOR,JPN,2,-6.635899846767869
KOR,NLD,2,-11.688798262950405
KOR,NOR,2,-5.237797657192036
KOR,NZL,2,-6.913245317517196
KOR,PRT,2,-18.311106685829824
KOR,USA,2,-9.302081972593257
NLD,AUS,2,-8.275880007174543
NLD,AUT,2,-1.6263196001346278
NLD,BEL,2,-0.4041787938518864
NLD,CAN,2,-7.710442624970186
NLD,DEU,2,-3.81007545261316
NLD,ESP,2,-5.486348250742954
NLD,FIN,2,-4.729659662484019
NLD,FRA,2,-4.680885045246898
NLD,GBR,2,-5.088938025237702
NLD,IRL,2,-5.10669486516738
NLD,ISR,2,-4.119040472924042
NLD,ITA,2,-5.089020104281353
NLD,JPN,2,-7.680077066758138
NLD,KOR,2,-9.57933585417606
NLD,NOR,2,-1.8999577415621882
NLD,NZL,2,-11.216363711060932
NLD,PRT,2,-5.080321003751003
NLD,USA,2,-10.176370219347442
NOR,AUS,2,-13.72707420881914
NOR,AUT,2,-9.787328827108816
NOR,BEL,2,-6.593281597257349
NOR,CAN,2,-7.050844189743446
NOR,DEU,2,-6.414230431540473
NOR,ESP,2,-6.701662435106973
NOR,FIN,2,-8.027729531700638
NOR,FRA,2,-5.726980421198364
NOR,GBR,2,-4.75281191104444
NOR,IRL,2,-3.9544773923124668
NOR,ISR,2,-12.573155302162634
NOR,ITA,2,-7.732914691973314
NOR,JPN,2,-15.525608445679348
NOR,KOR,2,-15.324718555271343
NOR,NLD,2,-6.1058255779110775
NOR,NZL,2,-14.56615467631637
NOR,PRT,2,-6.095763051998995
NOR,USA,2,-9.09342478781333
NZL,AUS,2,-5.1497830006729375
NZL,AUT,2,-20.70251265176901
NZL,BEL,2,-14.565545452358826
NZL,CAN,2,-13.176206866484938
NZL,DEU,2,-12.198483594045515
NZL,ESP,2,-12.482873257333388
NZL,FIN,2,-15.204948487815297
NZL,FRA,2,-12.112854883685477
NZL,GBR,2,-11.971569999754163
NZL,IRL,2,-16.21059024834473
NZL,ISR,2,-11.86786001991975
NZL,ITA,2,-12.214709329774376
NZL,JPN,2,-8.464472480453065
NZL,KOR,2,-10.829931619586075
NZL,NLD,2,-14.360487180052349
NZL,NOR,2,-20.535404008986365
NZL,PRT,2,-9.223526842250617
NZL,USA,2,-12.24426821177772
PRT,AUS,2,-13.295041539739458
PRT,AUT,2,-7.082613968087727
PRT,BEL,2,-9.884691244232965
PRT,CAN,2,-12.59458390149262
PRT,DEU,2,-7.872144461603246
PRT,ESP,2,-5.270121981183846
PRT,FIN,2,-4.322421487254744
PRT,FRA,2,-8.436439075828169
PRT,GBR,2,-8.626875974581182
PRT,IRL,2,-7.422087667568721
PRT,ISR,2,-6.167100721461857
PRT,ITA,2,-7.771063011205399
PRT,JPN,2,-12.056566537402887
PRT,KOR,2,-14.35044097499781
PRT,NLD,2,-10.624330828829564
PRT,NOR,2,-6.0053080673094765
PRT,NZL,2,-14.13306533609411
PRT,USA,2,-10.474598791402101
USA,AUS,2,-5.74526937034663
USA,AUT,2,-0.6695698470194849
USA,BEL,2,-4.568462321824619
USA,CAN,2,-2.3004348342879046
USA,DEU,2,-4.779300545384247
USA,ESP,2,-3.8981740705953403
USA,FIN,2,-3.0397404729141027
USA,FRA,2,-4.655248296816202
USA,GBR,2,-3.839269828442749
USA,IRL,2,-4.734579177680288
USA,ISR,2,-0.6778464592116702
USA,ITA,2,-3.925200954193553
USA,JPN,2,-4.814212475996511
USA,KOR,2,-4.137698024278691
USA,NLD,2,-3.2532967766547545
USA,NOR,2,-4.020210275358057
USA,NZL,2,-5.110313144270862
USA,PRT,2,-3.270908448893307
AUS,AUT,3,-5.084436852822181
AUS,BEL,3,-5.074570983978861
AUS,CAN,3,-4.298404374014487
AUS,DEU,3,-4.757606275226976
AUS,ESP,3,-5.642472077191931
AUS,FIN,3,-4.263899575230045
AUS,FRA,3,-5.0129669246862925
AUS,GBR,3,-2.9763747056780203
AUS,IRL,3,-3.0273429062983657
AUS,ISR,3,-4.902918652475938
AUS,ITA,3,-5.122418777853575
AUS,JPN,3,-3.4764275111041676
AUS,KOR,3,-3.2429542721739195
AUS,NLD,3,-4.242116467095782
AUS,NOR,3,-4.723701509142625
AUS,NZL,3,-1.8142323944221732
AUS,PRT,3,-8.79094356821518
AUS,USA,3,-4.608255079888297
AUT,AUS,3,-8.96506218205941
AUT,BEL,3,-6.096299540244816
AUT,CAN,3,-9.470995147229903
AUT,DEU,3,-4.665064621226817
AUT,ESP,3,-6.271728366307006
AUT,FIN,3,-6.575198939906645
AUT,FRA,3,-6.721651409754738
AUT,GBR,3,-6.659034849163213
AUT,IRL,3,-6.210858018808217
AUT,ISR,3,-7.8210004535233875
AUT,ITA,3,-4.588686404248925
AUT,JPN,3,-9.31265210771436
AUT,KOR,3,-9.05860000754754
AUT,NLD,3,-6.334590968338542
AUT,NOR,3,-7.796916080728405
AUT,NZL,3,-9.278486814335588
AUT,PRT,3,-7.758333192443782
AUT,USA,3,-8.550231667770461
BEL,AUS,3,-7.481779247191793
BEL,AUT,3,-3.6058970578081633
BEL,CAN,3,-6.7068947036647755
BEL,DEU,3,-3.2604607711370317
BEL,ESP,3,-4.21331306144427
BEL,FIN,3,-3.8456277054784795
BEL,FRA,3,-2.569488012240635
BEL,GBR,3,-3.7318708794445206
BEL,IRL,3,-3.4940145218068093
BEL,ISR,3,-4.280457482187263
BEL,ITA,3,-3.592966125783894
BEL,JPN,3,-7.813003167902894
BEL,KOR,3,-6.847165751268789
BEL,NLD,3,-2.1542054867790297
BEL,NOR,3,-4.602884950212593
BEL,NZL,3,-7.173757746808058
BEL,PRT,3,-3.86972722901171
BEL,USA,3,-8.072873911430676
CAN,AUS,3,-5.7779110289701325
CAN,AUT,3,-6.434387485979325
CAN,BEL,3,-5.873365573129658
CAN,DEU,3,-6.217076866880215
CAN,ESP,3,-6.639696250845901
CAN,FIN,3,-5.964828106031233
CAN,FRA,3,-5.488564149029961
CAN,GBR,3,-5.381508272642538
CAN,IRL,3,-5.292413664272405
CAN,ISR,3,-6.396612323810573
CAN,ITA,3,-6.396913745422341
CAN,JPN,3,-4.874974049565267
CAN,KOR,3,-5.432358602535654
CAN,NLD,3,-6.325641013827145
CAN,NOR,3,-5.2004321754113425
CAN,NZL,3,-5.594890959097873
CAN,PRT,3,-5.6475780278188585
CAN,USA,3,-3.9074025285361644
DEU,AUS,3,-7.3947369979358655
DEU,AUT,3,-1.311162185413808
DEU,BEL,3,-3.039435707515923
DEU,CAN,3,-7.274350077852452
DEU,ESP,3,-3.3573546821224247
DEU,FIN,3,-2.9953215154113946
DEU,FRA,3,-3.2373271449732326
DEU,GBR,3,-3.902869535187372
DEU,IRL,3,-3.763741119062722
DEU,ISR,3,-5.189236708914001
DEU,ITA,3,-2.6729768607656372
DEU,JPN,3,-7.476527878028071
DEU,KOR,3,-7.730545293089522
DEU,NLD,3,-2.388740786503815
DEU,NOR,3,-4.351214672087037
DEU,NZL,3,-7.467522897301887
DEU,PRT,3,-3.3033081868480676
DEU,USA,3,-7.578354760166691
ESP,AUS,3,-7.735124777971643
ESP,AUT,3,-5.115900188990846
ESP,BEL,3,-4.9631061966734045
ESP,CAN,3,-7.8381918564539035
ESP,DEU,3,-4.785397488440319
ESP,FIN,3,-5.143793068106474
ESP,FRA,3,-3.7617528488218768
ESP,GBR,3,-5.304168970649176
ESP,IRL,3,-5.537820162297352
ESP,ISR,3,-6.744831112027171
ESP,ITA,3,-3.53086742553042
ESP,JPN,3,-8.232720997877081
ESP,KOR,3,-7.4544961148123114
ESP,NLD,3,-5.161714282787152
ESP,NOR,3,-5.624168141209729
ESP,NZL,3,-7.914939161682147
ESP,PRT,3,-1.7674979135238604
ESP,USA,3,-7.918592336497635
FIN,AUS,3,-11.121710051539972
FIN,AUT,3,-6.899439045322849
FIN,BEL,3,-7.060656626796911
FIN,CAN,3,-10.02576055897731
FIN,DEU,3,-7.472760197311384
FIN,ESP,3,-8.843177833382784
FIN,FRA,3,-8.058362050078806
FIN,GBR,3,-8.223501989731423
FIN,IRL,3,-6.979309896772666
FIN,ISR,3,-8.138564651434125
FIN,ITA,3,-8.669742709551022
FIN,JPN,3,-10.167016690146582
FIN,KOR,3,-10.042659051802271
FIN,NLD,3,-7.77587390480519
FIN,NOR,3,-6.475226185468978
FIN,NZL,3,-10.649982725350574
FIN,PRT,3,-7.238268548954373
FIN,USA,3,-10.069914262440234
FRA,AUS,3,-7.251919454555649
FRA,AUT,3,-3.671143676152245
FRA,BEL,3,-2.378200328900112
FRA,CAN,3,-6.186051234118231
FRA,DEU,3,-3.5348972812962987
FRA,ESP,3,-3.5316519687592995
FRA,FIN,3,-3.866657690979544
FRA,GBR,3,-3.719831492768461
FRA,IRL,3,-3.742094573302136
FRA,ISR,3,-5.5356030682742645
FRA,ITA,3,-3.2016328204982156
FRA,JPN,3,-6.578023097861966
FRA,KOR,3,-7.038715088729081
FRA,NLD,3,-3.770521364766666
FRA,NOR,3,-4.60286495936478
FRA,NZL,3,-7.09793590659501
FRA,PRT,3,-3.331274401631305
FRA,USA,3,-6.6615565992632835
GBR,AUS,3,-6.250772396677936
GBR,AUT,3,-4.567705034259639
GBR,BEL,3,-3.788706551280577
GBR,CAN,3,-6.177355844026163
GBR,DEU,3,-4.534179376860967
GBR,ESP,3,-3.52952453368432
GBR,FIN,3,-4.024648358931908
GBR,FRA,3,-3.6092331148517784
GBR,IRL,3,-1.1125572032295976
GBR,ISR,3,-4.070648189122747
GBR,ITA,3,-4.183698472047382
GBR,JPN,3,-7.518515463354614
GBR,KOR,3,-6.147036490934376
GBR,NLD,3,-3.7782289344982054
GBR,NOR,3,-4.221430254239753
GBR,NZL,3,-6.221613372643079
GBR,PRT,3,-3.6691344829595236
GBR,USA,3,-6.712704749362865
IRL,AUS,3,-5.86871279209641
IRL,AUT,3,-5.023039667196423
IRL,BEL,3,-4.88186142805281
IRL,CAN,3,-7.202289628574276
IRL,DEU,3,-4.440170423829734
IRL,ESP,3,-4.112932382105724
IRL,FIN,3,-5.492376943284707
IRL,FRA,3,-4.662130537705554
IRL,GBR,3,-3.357948511186906
IRL,ISR,3,-5.545748914359946
IRL,ITA,3,-4.747130181400182
IRL,JPN,3,-8.751697386330461
IRL,KOR,3,-8.389270213684393
IRL,NLD,3,-4.437660599981987
IRL,NOR,3,-6.568157595001244
IRL,NZL,3,-6.990036899470244
IRL,PRT,3,-4.933390453023993
IRL,USA,3,-7.628487170538174
ISR,AUS,3,-9.273647948323621
ISR,AUT,3,-7.180687550016652
ISR,BEL,3,-6.31306888118554
ISR,CAN,3,-8.868900619457248
ISR,DEU,3,-6.888811520303528
ISR,ESP,3,-7.242006751894946
ISR,FIN,3,-8.085165435846148
ISR,FRA,3,-6.579053380089993
ISR,GBR,3,-6.987993006174494
ISR,IRL,3,-6.5484850753556305
ISR,ITA,3,-6.877160609691602
ISR,JPN,3,-8.953377842850642
ISR,KOR,3,-9.933396997414047
ISR,NLD,3,-6.880853831923309
ISR,NOR,3,-8.306091503822449
ISR,NZL,3,-9.815257757449164
ISR,PRT,3,-7.989552606626692
ISR,USA,3,-8.757917260847416
ITA,AUS,3,-7.057261092751892
ITA,AUT,3,-3.3415213250906755
ITA,BEL,3,-4.793985559167888
ITA,CAN,3,-6.710878632049582
ITA,DEU,3,-4.14343797230321
ITA,ESP,3,-4.887673290640844
ITA,FIN,3,-5.098539703931645
ITA,FRA,3,-4.222890294659866
ITA,GBR,3,-4.859096947645611
ITA,IRL,3,-5.485570166500209
ITA,ISR,3,-5.901433884174364
ITA,JPN,3,-7.814834653355572
ITA,KOR,3,-8.251958967678497
ITA,NLD,3,-5.211598514742693
ITA,NOR,3,-5.575562134975573
ITA,NZL,3,-7.414709238822015
ITA,PRT,3,-5.085323381975374
ITA,USA,3,-7.0803416120933145
JPN,AUS,3,-7.337338014713703
JPN,AUT,3,-6.78165006971484
JPN,BEL,3,-7.250176325047545
JPN,CAN,3,-7.480359278681803
JPN,DEU,3,-7.3471820867241275
JPN,ESP,3,-7.508701655321162
JPN,FIN,3,-8.22057467185293
JPN,FRA,3,-7.216788627754489
JPN,GBR,3,-7.7308007521605235
JPN,IRL,3,-7.6456452955543055
JPN,ISR,3,-8.61693942552094
JPN,ITA,3,-7.92960304119399
JPN,KOR,3,-5.6886449480204355
JPN,NLD,3,-6.747004568784583
JPN,NOR,3,-7.736493186728645
JPN,NZL,3,-6.955497830705702
JPN,PRT,3,-9.053178776837576
JPN,USA,3,-7.138706421628369
KOR,AUS,3,-7.273783665753326
KOR,AUT,3,-8.438435495839911
KOR,BEL,3,-8.298926663587169
KOR,CAN,3,-7.646846910464834
KOR,DEU,3,-8.427522886994707
KOR,ESP,3,-6.010285646357122
KOR,FIN,3,-8.265347234818822
KOR,FRA,3,-8.760649478073898
KOR,GBR,3,-8.838739933473583
KOR,IRL,3,-9.893339725890804
KOR,ISR,3,-6.748273668326922
KOR,ITA,3,-6.938617585666229
KOR,JPN,3,-5.595699725136303
KOR,NLD,3,-8.375697610571276
KOR,NOR,3,-6.65523005938692
KOR,NZL,3,-6.966463592829308
KOR,PRT,3,-7.824713157735596
KOR,USA,3,-7.595646056890403
NLD,AUS,3,-6.945152743719648
NLD,AUT,3,-2.7639519603571365
NLD,BEL,3,-1.925387575621788
NLD,CAN,3,-6.78279604748267
NLD,DEU,3,-2.596757641840912
NLD,ESP,3,-3.3931715814706616
NLD,FIN,3,-3.1248862689924186
NLD,FRA,3,-2.7403102297004973
NLD,GBR,3,-3.1756277721210573
NLD,IRL,3,-2.932681893075265
NLD,ISR,3,-4.55446749910086
NLD,ITA,3,-2.5477863557864815
NLD,JPN,3,-7.384941041261804
NLD,KOR,3,-6.727672102258314
NLD,NOR,3,-4.156047837304413
NLD,NZL,3,-6.580427198993872
NLD,PRT,3,-3.0284439815362694
NLD,USA,3,-6.612880861327672
NOR,AUS,3,-8.832421270703565
NOR,AUT,3,-7.787999557241566
NOR,BEL,3,-8.850353060193902
NOR,CAN,3,-8.565493231998325
NOR,DEU,3,-6.669055198671019
NOR,ESP,3,-7.807226435816638
NOR,FIN,3,-4.997343757005389
NOR,FRA,3,-6.655593178147427
NOR,GBR,3,-6.824302720766351
NOR,IRL,3,-9.097937661804178
NOR,ISR,3,-6.986738486564514
NOR,ITA,3,-9.795913084750989
NOR,JPN,3,-7.740570945961785
NOR,KOR,3,-9.110941395996381
NOR,NLD,3,-7.803919299078643
NOR,NZL,3,-10.662523759425055
NOR,PRT,3,-5.179668340047897
NOR,USA,3,-9.142862458227361
NZL,AUS,3,-4.279840662752509
NZL,AUT,3,-5.062096510096785
NZL,BEL,3,-4.203375145800584
NZL,CAN,3,-5.565805070565213
NZL,DEU,3,-4.858160219610956
NZL,ESP,3,-5.629226449584943
NZL,FIN,3,-5.476198877127453
NZL,FRA,3,-4.795046576315145
NZL,GBR,3,-4.535930191199695
NZL,IRL,3,-6.0819249802599815
NZL,ISR,3,-7.568389207577691
NZL,ITA,3,-5.526696057503668
NZL,JPN,3,-5.912064940137805
NZL,KOR,3,-5.341342899022498
NZL,NLD,3,-4.716881245982934
NZL,NOR,3,-6.999450193822015
NZL,PRT,3,-5.272566695948769
NZL,USA,3,-6.033316260752989
PRT,AUS,3,-11.071257168784332
PRT,AUT,3,-6.9658088821411805
PRT,BEL,3,-6.540891553031747
PRT,CAN,3,-8.763533327009023
PRT,DEU,3,-7.403519930522538
PRT,ESP,3,-5.1291936472213795
PRT,FIN,3,-7.616631811153049
PRT,FRA,3,-6.184342730555585
PRT,GBR,3,-6.794657841106639
PRT,IRL,3,-6.6432067607211245
PRT,ISR,3,-9.100832353547867
PRT,ITA,3,-5.840704392835418
PRT,JPN,3,-10.660590182207835
PRT,KOR,3,-11.218398643411865
PRT,NLD,3,-6.820979665390611
PRT,NOR,3,-7.280103769937455
PRT,NZL,3,-10.798604587773156
PRT,USA,3,-10.12417672697463
USA,AUS,3,-4.649007388449715
USA,AUT,3,-4.117066649185104
USA,BEL,3,-4.2334820417858765
USA,CAN,3,-2.160370575177825
USA,DEU,3,-3.764261797908259
USA,ESP,3,-3.6752372953077836
USA,FIN,3,-4.129328806254835
USA,FRA,3,-4.010821463938621
USA,GBR,3,-3.748879818660817
USA,IRL,3,-2.8753601900727883
USA,ISR,3,-3.060571575441034
USA,ITA,3,-4.150280679471627
USA,JPN,3,-3.402306342348683
USA,KOR,3,-3.778179731607522
USA,NLD,3,-3.405238950684047
USA,NOR,3,-3.47827373027972
USA,NZL,3,-4.2374299703261125
USA,PRT,3,-3.0279848712309363
AUS,AUT,4,-6.407398859984586
AUS,BEL,4,-7.696014878176385
AUS,CAN,4,-6.007666973139107
AUS,DEU,4,-5.795595957306735
AUS,ESP,4,-6.621223715814717
AUS,FIN,4,-6.8997884153345685
AUS,FRA,4,-6.18549676603443
AUS,GBR,4,-5.179292888289833
AUS,IRL,4,-5.8364328747029335
AUS,ISR,4,-4.561448880730165
AUS,ITA,4,-3.155528378357034
AUS,JPN,4,-5.314194218422252
AUS,KOR,4,-3.7498774489197695
AUS,NLD,4,-6.3250905262484
AUS,NOR,4,-6.5750433003881295
AUS,NZL,4,-1.816148402152045
AUS,PRT,4,-7.4762421932316
AUS,USA,4,-5.463368068229736
AUT,AUS,4,-7.303501923554231
AUT,BEL,4,-5.009262399569971
AUT,CAN,4,-7.172042595881571
AUT,DEU,4,-2.96302023842017
AUT,ESP,4,-4.508859264399465
AUT,FIN,4,-3.8183430389315247
AUT,FRA,4,-4.021374025282022
AUT,GBR,4,-4.788311531662179
AUT,IRL,4,-5.447359343545251
AUT,ISR,4,-4.350086836388888
AUT,ITA,4,-3.645393998963267
AUT,JPN,4,-7.629881715554365
AUT,KOR,4,-7.403189972754763
AUT,NLD,4,-5.086434322971577
AUT,NOR,4,-4.414083658924661
AUT,NZL,4,-7.204824051788124
AUT,PRT,4,-3.7533826513317305
AUT,USA,4,-7.890984982018342
BEL,AUS,4,-5.836748126126594
BEL,AUT,4,-2.9785474968991443
BEL,CAN,4,-5.9664181777263945
BEL,DEU,4,-2.617210940962015
BEL,ESP,4,-2.758338720450832
BEL,FIN,4,-3.2381663708679
BEL,FRA,4,-1.615506372492445
BEL,GBR,4,-2.2987781503035727
BEL,IRL,4,-2.6032030020960066
BEL,ISR,4,-3.785413098012764
BEL,ITA,4,-2.518657043424058
BEL,JPN,4,-6.139444846990253
BEL,KOR,4,-6.383487223605934
BEL,NLD,4,-1.3345319645431148
BEL,NOR,4,-3.522202593659499
BEL,NZL,4,-5.334460501705458
BEL,PRT,4,-2.0723089095223792
BEL,USA,4,-6.151659620870001
CAN,AUS,4,-5.951703163121881
CAN,AUT,4,-5.648079646092306
CAN,BEL,4,-4.919800370094652
CAN,DEU,4,-5.109025404455714
CAN,ESP,4,-6.20990216732771
CAN,FIN,4,-4.677880414363431
CAN,FRA,4,-5.976524403491027
CAN,GBR,4,-5.356537643056
CAN,IRL,4,-5.536115201948348
CAN,ISR,4,-4.0104879546491645
CAN,ITA,4,-6.2707885940912185
CAN,JPN,4,-6.22830830836298
CAN,KOR,4,-5.724935142376122
CAN,NLD,4,-4.822130412697916
CAN,NOR,4,-4.5949422833647455
CAN,NZL,4,-6.446020934971496
CAN,PRT,4,-5.561149816497522
CAN,USA,4,-2.919148189054253
DEU,AUS,4,-4.857945130797514
DEU,AUT,4,0.0
DEU,BEL,4,-1.2699256375978607
DEU,CAN,4,-4.672439649102635
DEU,ESP,4,-2.1490993046810782
DEU,FIN,4,-1.6668248995485246
DEU,FRA,4,-1.7167946151852156
DEU,GBR,4,-2.499716895201238
DEU,IRL,4,-1.8439375033336989
DEU,ISR,4,-2.7503209066692795
DEU,ITA,4,-2.101115225157966
DEU,JPN,4,-5.000942411658731
DEU,KOR,4,-4.760322255468015
DEU,NLD,4,-0.8812115939832454
DEU,NOR,4,-2.5800643226803945
DEU,NZL,4,-5.133792329221837
DEU,PRT,4,-1.3953579020320437
DEU,USA,4,-5.235583600028226
ESP,AUS,4,-6.975073071447246
ESP,AUT,4,-3.945934904072824
ESP,BEL,4,-3.92953225885825
ESP,CAN,4,-6.803869843475513
ESP,DEU,4,-4.4480774855563485
ESP,FIN,4,-5.090291269649246
ESP,FRA,4,-2.936994007022082
ESP,GBR,4,-4.582839432332293
ESP,IRL,4,-3.8568756904510217
ESP,ISR,4,-3.9579754281295587
ESP,ITA,4,-4.036693139867757
ESP,JPN,4,-6.029648530714226
ESP,KOR,4,-7.215111939281811
ESP,NLD,4,-4.848039955727872
ESP,NOR,4,-5.096771311486865
ESP,NZL,4,-7.147027466679431
ESP,PRT,4,-1.200678567863356
ESP,USA,4,-6.8818110050944625
FIN,AUS,4,-7.428631746866359
FIN,AUT,4,-5.103320722207392
FIN,BEL,4,-5.94504257154543
FIN,CAN,4,-7.0135825792583955
FIN,DEU,4,-5.250870026713377
FIN,ESP,4,-4.895423642765304
FIN,FRA,4,-5.928939265769443
FIN,GBR,4,-6.065546686395206
FIN,IRL,4,-6.789324188830035
FIN,ISR,4,-7.844893726503995
FIN,ITA,4,-6.076507365671392
FIN,JPN,4,-7.940481166246864
FIN,KOR,4,-7.253263433914792
FIN,NLD,4,-4.401613317731458
FIN,NOR,4,-3.4613912738322474
FIN,NZL,4,-6.974502768075106
FIN,PRT,4,-5.797776314365539
FIN,USA,4,-7.720169637788966
FRA,AUS,4,-5.552761834200554
FRA,AUT,4,-3.023190460267905
FRA,BEL,4,-1.7034316443990343
FRA,CAN,4,-5.621259162030213
FRA,DEU,4,-3.306461686694667
FRA,ESP,4,-2.3243623467376837
FRA,FIN,4,-3.950348930794278
FRA,GBR,4,-3.375152838411408
FRA,IRL,4,-3.6131385384399257
FRA,ISR,4,-3.640591492289728
FRA,ITA,4,-2.70381056587485
FRA,JPN,4,-4.0467143629408
FRA,KOR,4,-5.137037791192223
FRA,NLD,4,-3.6167701880551553
FRA,NOR,4,-3.996184012228455
FRA,NZL,4,-6.037070078843749
FRA,PRT,4,-2.0010709067046157
FRA,USA,4,-5.716171434946769
GBR,AUS,4,-4.457823543900108
GBR,AUT,4,-2.765076825500296
GBR,BEL,4,-2.467637803332597
GBR,CAN,4,-4.752299484629547
GBR,DEU,4,-2.6678038662886303
GBR,ESP,4,-2.5169234842326484
GBR,FIN,4,-2.756140535131894
GBR,FRA,4,-2.190989243802948
GBR,IRL,4,0.0
GBR,ISR,4,-3.208367921761621
GBR,ITA,4,-2.5624996235205715
GBR,JPN,4,-4.47172527040952
GBR,KOR,4,-4.422783638236138
GBR,NLD,4,-2.8230656662178446
GBR,NOR,4,-2.6020900098003237
GBR,NZL,4,-4.458469421676238
GBR,PRT,4,-2.1161884444986527
GBR,USA,4,-4.957677284126914
IRL,AUS,4,-7.525646268821236
IRL,AUT,4,-5.655612687094398
IRL,BEL,4,-4.538611945032289
IRL,CAN,4,-7.381246057512101
IRL,DEU,4,-4.693270576958049
IRL,ESP,4,-4.4973214540573405
IRL,FIN,4,-5.507569407819135
IRL,FRA,4,-4.835332411686722
IRL,GBR,4,-3.2017154995030372
IRL,ISR,4,-6.15945137361146
IRL,ITA,4,-5.5371297710796386
IRL,JPN,4,-7.405409411193685
IRL,KOR,4,-9.020797307828897
IRL,NLD,4,-4.755359349848689
IRL,NOR,4,-5.016934076045303
IRL,NZL,4,-7.900454343710403
IRL,PRT,4,-5.284819789872661
IRL,USA,4,-6.803113172042427
ISR,AUS,4,-7.604630163611876
ISR,AUT,4,-5.994132371374784
ISR,BEL,4,-4.838175940836113
ISR,CAN,4,-6.0648723435075755
ISR,DEU,4,-5.888368134468417
ISR,ESP,4,-6.1064920019851865
ISR,FIN,4,-6.880451885068272
ISR,FRA,4,-5.785278449421698
ISR,GBR,4,-5.802763364859473
ISR,IRL,4,-6.414649120773307
ISR,ITA,4,-6.458982470801919
ISR,JPN,4,-8.656335540023631
ISR,KOR,4,-8.77998797828482
ISR,NLD,4,-4.4284141560468
ISR,NOR,4,-6.854393751323004
ISR,NZL,4,-7.187035971044988
ISR,PRT,4,-7.65006953473044
ISR,USA,4,-5.624904455138731
ITA,AUS,4,-5.577811646591085
ITA,AUT,4,-2.339592723506062
ITA,BEL,4,-3.443526193651748
ITA,CAN,4,-5.116922215616423
ITA,DEU,4,-3.09287154833294
ITA,ESP,4,-2.7193986932468674
ITA,FIN,4,-4.040402972730403
ITA,FRA,4,-2.3963655300876745
ITA,GBR,4,-3.798817057387632
ITA,IRL,4,-3.85146569076576
ITA,ISR,4,-3.681965347954185
ITA,JPN,4,-4.214348499214388
ITA,KOR,4,-4.607304020895377
ITA,NLD,4,-3.6085457671044696
ITA,NOR,4,-3.7334293402516154
ITA,NZL,4,-6.034335305281521
ITA,PRT,4,-2.655566748758233
ITA,USA,4,-5.153184233329732
JPN,AUS,4,-6.122888549064319
JPN,AUT,4,-5.386457109671464
JPN,BEL,4,-5.755093078729962
JPN,CAN,4,-5.967802417039851
JPN,DEU,4,-5.338105497124228
JPN,ESP,4,-5.5158903715684895
JPN,FIN,4,-5.6267581182685165
JPN,FRA,4,-4.854728641667353
JPN,GBR,4,-6.18032141004092
JPN,IRL,4,-5.658729954956217
JPN,ISR,4,-6.203698448929005
JPN,ITA,4,-5.099613006675503
JPN,KOR,4,-3.7047200003644596
JPN,NLD,4,-5.865727049708471
JPN,NOR,4,-6.09989031502862
JPN,NZL,4,-6.356027827414179
JPN,PRT,4,-7.42618619655007
JPN,USA,4,-5.700496309982043
KOR,AUS,4,-5.7815189400878
KOR,AUT,4,-5.4316717826163305
KOR,BEL,4,-5.565320492763696
KOR,CAN,4,-5.477967889926735
KOR,DEU,4,-5.216761904383059
KOR,ESP,4,-4.952337058215749
KOR,FIN,4,-5.353382627028813
KOR,FRA,4,-4.71792312723429
KOR,GBR,4,-5.761234496834664
KOR,IRL,4,-5.426286880632407
KOR,ISR,4,-5.0048025376148395
KOR,ITA,4,-5.768103913293466
KOR,JPN,4,-4.664428254030071
KOR,NLD,4,-5.3422375943879565
KOR,NOR,4,-5.127104146832741
KOR,NZL,4,-5.565242057854164
KOR,PRT,4,-6.714442861682437
KOR,USA,4,-5.077502860673492
NLD,AUS,4,-4.949496628140028
NLD,AUT,4,-1.780958932262188
NLD,BEL,4,-0.30687975716327553
NLD,CAN,4,-5.22514894521224
NLD,DEU,4,-1.6073009518408052
NLD,ESP,4,-1.8454126409365568
NLD,FIN,4,-2.6010574471916375
NLD,FRA,4,-1.736953099527242
NLD,GBR,4,-1.9109641036796166
NLD,IRL,4,-1.7617349046450244
NLD,ISR,4,-2.452944467457839
NLD,ITA,4,-2.4117180835844643
NLD,JPN,4,-5.612530129551782
NLD,KOR,4,-5.838145134188704
NLD,NOR,4,-2.566810588928549
NLD,NZL,4,-5.329647186549702
NLD,PRT,4,-1.4372112849794165
NLD,USA,4,-5.904798042164441
NOR,AUS,4,-8.442104240658011
NOR,AUT,4,-6.640954077968039
NOR,BEL,4,-7.972941773558519
NOR,CAN,4,-7.262815761831788
NOR,DEU,4,-7.213610384732325
NOR,ESP,4,-6.700918364797926
NOR,FIN,4,-4.0059193932057156
NOR,FRA,4,-7.475510457223449
NOR,GBR,4,-6.924037090190521
NOR,IRL,4,-7.433174452091903
NOR,ISR,4,-9.726108281910637
NOR,ITA,4,-7.325790616146395
NOR,JPN,4,-8.605290806797552
NOR,KOR,4,-7.7960227891261225
NOR,NLD,4,-6.40728427877775
NOR,NZL,4,-7.6775733453628545
NOR,PRT,4,-7.565115003835902
NOR,USA,4,-8.353378326191216
NZL,AUS,4,-2.5113849621439144
NZL,AUT,4,-6.0448865080568455
NZL,BEL,4,-4.1819112252842885
NZL,CAN,4,-6.326914932338075
NZL,DEU,4,-5.626726221650967
NZL,ESP,4,-7.580957915400648
NZL,FIN,4,-5.749319348776701
NZL,FRA,4,-6.351884083753906
NZL,GBR,4,-4.673915355392854
NZL,IRL,4,-5.495044408883591
NZL,ISR,4,-8.785601682305842
NZL,ITA,4,-3.792057583741305
NZL,JPN,4,-5.960965409127568
NZL,KOR,4,-5.883294815009607
NZL,NLD,4,-6.516867038456401
NZL,NOR,4,-5.623578883946228
NZL,PRT,4,-5.564600355219874
NZL,USA,4,-6.4926070056696705
PRT,AUS,4,-8.305398336400968
PRT,AUT,4,-4.268493206975155
PRT,BEL,4,-5.004076350105917
PRT,CAN,4,-6.933380384460728
PRT,DEU,4,-4.604762737768982
PRT,ESP,4,-3.2314456892243513
PRT,FIN,4,-4.587320712459413
PRT,FRA,4,-3.68196375172739
PRT,GBR,4,-4.745667539235479
PRT,IRL,4,-4.111578992857442
PRT,ISR,4,-6.640088737059111
PRT,ITA,4,-5.539094153265083
PRT,JPN,4,-8.086616404310524
PRT,KOR,4,-8.627494203442074
PRT,NLD,4,-4.453899731294083
PRT,NOR,4,-4.406287283647313
PRT,NZL,4,-8.412343137669529
PRT,USA,4,-7.296109677793545
USA,AUS,4,-3.8700936932448733
USA,AUT,4,-3.682919532294401
USA,BEL,4,-2.8675056566110775
USA,CAN,4,-1.2398867187635876
USA,DEU,4,-3.7193354997795134
USA,ESP,4,-4.123293536684102
USA,FIN,4,-4.216651584516331
USA,FRA,4,-3.6598027433674383
USA,GBR,4,-3.6261874047463754
USA,IRL,4,-2.8259463811039347
USA,ISR,4,-2.115903554962587
USA,ITA,4,-3.5770985501785675
USA,JPN,4,-3.5545948803560905
USA,KOR,4,-3.582688675276215
USA,NLD,4,-3.5360453015702995
USA,NOR,4,-3.7771703894002155
USA,NZL,4,-3.9237054504613105
USA,PRT,4,-4.4644980416278415
AUS,AUT,5,-8.467895227528215
AUS,BEL,5,-6.928463602696414
AUS,CAN,5,-8.640103623040552
AUS,DEU,5,-8.396558787273129
AUS,ESP,5,-7.356854934260008
AUS,FIN,5,-5.567909187490114
AUS,FRA,5,-6.864524869391161
AUS,GBR,5,-6.09645431533966
AUS,IRL,5,-10.093361089446965
AUS,ISR,5,-9.115532714590133
AUS,ITA,5,-7.691329834581511
AUS,JPN,5,-3.7462849432831016
AUS,KOR,5,-4.3730572761388835
AUS,NLD,5,-8.53022161065341
AUS,NOR,5,-9.381471892219354
AUS,NZL,5,-3.2982003747863304
AUS,PRT,5,-4.395847726132638
AUS,USA,5,-8.201457986028824
AUT,AUS,5,-9.58809451475084
AUT,BEL,5,-6.277662224350328
AUT,CAN,5,-7.490233984501596
AUT,DEU,5,-4.139204331229288
AUT,ESP,5,-6.118069470830914
AUT,FIN,5,-6.219834077912338
AUT,FRA,5,-5.71821482023819
AUT,GBR,5,-7.180489992199872
AUT,IRL,5,-5.998999587657276
AUT,ISR,5,-6.975363374360502
AUT,ITA,5,-2.7867561974768806
AUT,JPN,5,-7.404702925288578
AUT,KOR,5,-9.723489952358225
AUT,NLD,5,-5.753637504112132
AUT,NOR,5,-5.68005568004148
AUT,NZL,5,-10.060494947520567
AUT,PRT,5,-6.1134559814230265
AUT,USA,5,-8.870003512437378
BEL,AUS,5,-7.71421418126965
BEL,AUT,5,-5.423758082809096
BEL,CAN,5,-6.7822519740794895
BEL,DEU,5,-4.282676101935111
BEL,ESP,5,-4.879884117971065
BEL,FIN,5,-4.355681699295653
BEL,FRA,5,-2.9871140754563434
BEL,GBR,5,-4.435663728237728
BEL,IRL,5,-4.333445593897768
BEL,ISR,5,-5.770647221634929
BEL,ITA,5,-5.390860292401454
BEL,JPN,5,-9.054834680583024
BEL,KOR,5,-9.107868915294276
BEL,NLD,5,-2.6580336141123895
BEL,NOR,5,-4.090449924654775
BEL,NZL,5,-8.514592748194652
BEL,PRT,5,-4.592460417381536
BEL,USA,5,-7.914790972230115
CAN,AUS,5,-5.564026072851782
CAN,AUT,5,-4.9157656759903485
CAN,BEL,5,-3.472133258845925
CAN,DEU,5,-5.155596475878083
CAN,ESP,5,-5.71932384768796
CAN,FIN,5,-4.711001536892187
CAN,FRA,5,-5.421720249951683
CAN,GBR,5,-4.945955165413119
CAN,IRL,5,-4.536854649633952
CAN,ISR,5,-4.898301158047383
CAN,ITA,5,-4.576917720787785
CAN,JPN,5,-4.41961234479394
CAN,KOR,5,-5.298338041068302
CAN,NLD,5,-4.16958080194391
CAN,NOR,5,-5.289570306990081
CAN,NZL,5,-4.746617755468922
CAN,PRT,5,-5.729439381259809
CAN,USA,5,-3.3089886546371363
DEU,AUS,5,-7.239894841266913
DEU,AUT,5,-1.514942101647299
DEU,BEL,5,-2.522222279298103
DEU,CAN,5,-6.211477060041107
DEU,ESP,5,-4.206006758330264
DEU,FIN,5,-3.2308377430514588
DEU,FRA,5,-3.321047785304068
DEU,GBR,5,-4.546372082937137
DEU,IRL,5,-4.273765726856454
DEU,ISR,5,-4.940290741739612
DEU,ITA,5,-3.0664239842438086
DEU,JPN,5,-7.884322599186244
DEU,KOR,5,-6.751973037205599
DEU,NLD,5,-3.3433696066749583
DEU,NOR,5,-2.7572355212517676
DEU,NZL,5,-7.798619488971943
DEU,PRT,5,-3.9134296401534554
DEU,USA,5,-7.014313204035239
ESP,AUS,5,-8.464534740880374
ESP,AUT,5,-6.454652487329486
ESP,BEL,5,-5.109847670664189
ESP,CAN,5,-7.861005570494413
ESP,DEU,5,-5.540326602341734
ESP,FIN,5,-6.093972611079227
ESP,FRA,5,-4.080118188762745
ESP,GBR,5,-5.3656393629216925
ESP,IRL,5,-5.091178110295601
ESP,ISR,5,-5.103856861293259
ESP,ITA,5,-4.521488526420137
ESP,JPN,5,-10.448550664082909
ESP,KOR,5,-8.608828913534149
ESP,NLD,5,-5.508430610719573
ESP,NOR,5,-4.649908305463008
ESP,NZL,5,-9.302324997563675
ESP,PRT,5,-1.7416922147089342
ESP,USA,5,-8.276472081767597
FIN,AUS,5,-9.125779205149046
FIN,AUT,5,-5.1306178683462065
FIN,BEL,5,-6.116972166518556
FIN,CAN,5,-9.428620197726952
FIN,DEU,5,-5.453780730001519
FIN,ESP,5,-5.982206416478146
FIN,FRA,5,-5.303464732422897
FIN,GBR,5,-5.534609781246152
FIN,IRL,5,-5.193910125299746
FIN,ISR,5,-4.923826825668744
FIN,ITA,5,-5.648900917477139
FIN,JPN,5,-7.501435314661395
FIN,KOR,5,-7.8455729124097555
FIN,NLD,5,-5.24252577918136
FIN,NOR,5,-3.67113311450402
FIN,NZL,5,-10.812162696848217
FIN,PRT,5,-6.695120793433784
FIN,USA,5,-10.979454102493788
FRA,AUS,5,-6.172012777856154
FRA,AUT,5,-4.86666124024765
FRA,BEL,5,-2.136704202856339
FRA,CAN,5,-7.746549861132302
FRA,DEU,5,-4.213462827183725
FRA,ESP,5,-3.5182506943701894
FRA,FIN,5,-5.558636107191971
FRA,GBR,5,-5.030040884699719
FRA,IRL,5,-5.571731727868305
FRA,ISR,5,-5.464439680373533
FRA,ITA,5,-3.5040605956835145
FRA,JPN,5,-9.648573352090182
FRA,KOR,5,-9.281566025674723
FRA,NLD,5,-3.9860006581933995
FRA,NOR,5,-4.9405963338938665
FRA,NZL,5,-5.42154524492764
FRA,PRT,5,-3.549274822073508
FRA,USA,5,-7.8989176556696465
GBR,AUS,5,-8.629970855558778
GBR,AUT,5,-5.958819414080645
GBR,BEL,5,-4.259127588748356
GBR,CAN,5,-8.08204709670236
GBR,DEU,5,-5.620758387338742
GBR,ESP,5,-6.27201541841986
GBR,FIN,5,-5.198762668628725
GBR,FRA,5,-5.648914193425281
GBR,IRL,5,-1.5012988019622255
GBR,ISR,5,-5.687145377705063
GBR,ITA,5,-6.5718166279454655
GBR,JPN,5,-10.147968578840658
GBR,KOR,5,-9.943113065932279
GBR,NLD,5,-4.839968181086454
GBR,NOR,5,-3.522855368322565
GBR,NZL,5,-7.9685817489913475
GBR,PRT,5,-5.566405053249033
GBR,USA,5,-9.248067215916215
IRL,AUS,5,-15.946937372467097
IRL,AUT,5,-8.387318142292674
IRL,BEL,5,-5.39841170590692
IRL,CAN,5,-10.942992304711751
IRL,DEU,5,-8.091874913402334
IRL,ESP,5,-7.967677423304252
IRL,FIN,5,-5.0587136711632645
IRL,FRA,5,-5.713681537359967
IRL,GBR,5,-4.038165552552851
IRL,ISR,5,-5.48483861351597
IRL,ITA,5,-7.376539873979761
IRL,JPN,5,-14.67889955802925
IRL,KOR,5,-11.740985115677512
IRL,NLD,5,-5.719940145382468
IRL,NOR,5,-4.090933392646656
IRL,NZL,5,-8.611090715850839
IRL,PRT,5,-7.917052962827029
IRL,USA,5,-9.286578952245922
ISR,AUS,5,-10.749860924020707
ISR,AUT,5,-8.551419138304293
ISR,BEL,5,-10.049645251204424
ISR,CAN,5,-10.562689270877177
ISR,DEU,5,-8.7795383407494
ISR,ESP,5,-8.880713165104446
ISR,FIN,5,-8.361953842589921
ISR,FRA,5,-9.209836194718019
ISR,GBR,5,-8.139135216167006
ISR,IRL,5,-7.3495820674837855
ISR,ITA,5,-8.557097473995285
ISR,JPN,5,-12.348593853906591
ISR,KOR,5,-16.188831877375165
ISR,NLD,5,-8.622877906683392
ISR,NOR,5,-9.971867980119455
ISR,NZL,5,-13.683389114816558
ISR,PRT,5,-8.781100362342066
ISR,USA,5,-11.271890809463594
ITA,AUS,5,-8.753651740430696
ITA,AUT,5,-4.3310201964135
ITA,BEL,5,-5.726634290728428
ITA,CAN,5,-8.143418716437557
ITA,DEU,5,-5.261494783685269
ITA,ESP,5,-5.46639027301834
ITA,FIN,5,-6.521818229251376
ITA,FRA,5,-5.15868440324837
ITA,GBR,5,-6.609418685470062
ITA,IRL,5,-6.392093491651343
ITA,ISR,5,-5.114128073795242
ITA,JPN,5,-9.201101406156424
ITA,KOR,5,-8.296310456999267
ITA,NLD,5,-7.155204565988889
ITA,NOR,5,-6.18030252287832
ITA,NZL,5,-8.84473741871434
ITA,PRT,5,-5.172016194010843
ITA,USA,5,-9.400081287891405
JPN,AUS,5,-8.523772258102397
JPN,AUT,5,-5.945479131138426
JPN,BEL,5,-8.911120099995589
JPN,CAN,5,-8.087772670693731
JPN,DEU,5,-7.0745926344258185
JPN,ESP,5,-8.07029870878086
JPN,FIN,5,-7.548391307347884
JPN,FRA,5,-7.58375267864102
JPN,GBR,5,-7.801545810197427
JPN,IRL,5,-7.523905007400438
JPN,ISR,5,-10.217466212316554
JPN,ITA,5,-7.874364749849437
JPN,KOR,5,-6.069916177460274
JPN,NLD,5,-6.682761835979927
JPN,NOR,5,-7.097849168937473
JPN,NZL,5,-8.117677951339655
JPN,PRT,5,-7.449943489636646
JPN,USA,5,-8.40890124175085
KOR,AUS,5,-9.914848893752474
KOR,AUT,5,-7.021298694339773
KOR,BEL,5,-9.901801342274084
KOR,CAN,5,-9.330936327217831
KOR,DEU,5,-10.1727472501174
KOR,ESP,5,-10.806189644968047
KOR,FIN,5,-10.908008134648352
KOR,FRA,5,-10.252251265585041
KOR,GBR,5,-8.909146569993013
KOR,IRL,5,-9.910553733199439
KOR,ISR,5,-7.820151257848224
KOR,ITA,5,-10.077134577027834
KOR,JPN,5,-7.2872019522699505
KOR,NLD,5,-10.282105683544067
KOR,NOR,5,-8.564149727317044
KOR,NZL,5,-8.586286401564928
KOR,PRT,5,-11.306290167706159
KOR,USA,5,-9.980261423848683
NLD,AUS,5,-8.463796944034092
NLD,AUT,5,-3.991442251670949
NLD,BEL,5,-1.2902646017536992
NLD,CAN,5,-9.222308770199644
NLD,DEU,5,-3.4965137208091726
NLD,ESP,5,-5.5943969382611405
NLD,FIN,5,-4.597820080346227
NLD,FRA,5,-3.984319566568563
NLD,GBR,5,-4.654197239445772
NLD,IRL,5,-4.684149305453713
NLD,ISR,5,-6.00488393413692
NLD,ITA,5,-4.322922913564334
NLD,JPN,5,-9.673611950946343
NLD,KOR,5,-7.713614226123902
NLD,NOR,5,-3.7851005699570583
NLD,NZL,5,-9.229578590945666
NLD,PRT,5,-3.688944596924542
NLD,USA,5,-9.343413690133717
NOR,AUS,5,-14.441041688102914
NOR,AUT,5,-9.855270800823998
NOR,BEL,5,-7.291213397793955
NOR,CAN,5,-11.578475976731845
NOR,DEU,5,-7.466765647952945
NOR,ESP,5,-11.306467293444463
NOR,FIN,5,-6.50365559895118
NOR,FRA,5,-9.005562075224786
NOR,GBR,5,-7.220149907403753
NOR,IRL,5,-7.097741534111157
NOR,ISR,5,-11.515765725019705
NOR,ITA,5,-11.820925332804052
NOR,JPN,5,-10.930311879951688
NOR,KOR,5,-12.991399894264989
NOR,NLD,5,-7.790226349598606
NOR,NZL,5,-14.098205552421714
NOR,PRT,5,-10.086621908589798
NOR,USA,5,-11.510959375669824
NZL,AUS,5,-4.134777540023851
NZL,AUT,5,-11.999241304310488
NZL,BEL,5,-14.010383982152028
NZL,CAN,5,-10.406265297357006
NZL,DEU,5,-10.547079821330794
NZL,ESP,5,-7.615743888239547
NZL,FIN,5,-20.208595931996996
NZL,FRA,5,-10.916830800299412
NZL,GBR,5,-9.328136848420762
NZL,IRL,5,-10.789467755828849
NZL,ISR,5,-10.2111163859769
NZL,ITA,5,-11.128138176378435
NZL,JPN,5,-5.946633076187202
NZL,KOR,5,-6.278942728226332
NZL,NLD,5,-9.608346366329727
NZL,NOR,5,-10.293523802436685
NZL,PRT,5,-20.46495596798449
NZL,USA,5,-7.350178959814273
PRT,AUS,5,-6.826353621218436
PRT,AUT,5,-5.331486492942208
PRT,BEL,5,-6.358581281074274
PRT,CAN,5,-8.113647815090289
PRT,DEU,5,-5.528216935774279
PRT,ESP,5,-4.253802389401784
PRT,FIN,5,-6.849691885856987
PRT,FRA,5,-4.620354036492776
PRT,GBR,5,-6.8727796124308975
PRT,IRL,5,-8.596195957613643
PRT,ISR,5,-5.120647818047339
PRT,ITA,5,-5.343271682118307
PRT,JPN,5,-9.866076045428052
PRT,KOR,5,-8.85885570631728
PRT,NLD,5,-6.760145407042743
PRT,NOR,5,-7.254978032663864
PRT,NZL,5,-7.938330012240118
PRT,USA,5,-9.02274902713862
USA,AUS,5,-4.763114443628157
USA,AUT,5,-3.229689309065308
USA,BEL,5,-2.548277989867052
USA,CAN,5,-1.004232442355356
USA,DEU,5,-2.9148049523978665
USA,ESP,5,-1.942954788578473
USA,FIN,5,-2.7975077009424902
USA,FRA,5,-3.7378082468877265
USA,GBR,5,-2.85088507747978
USA,IRL,5,-2.3320953260133557
USA,ISR,5,-2.8534126973876015
USA,ITA,5,-2.0351260790519543
USA,JPN,5,-4.455793353586064
USA,KOR,5,-3.791741273142285
USA,NLD,5,-3.7741819824737037
USA,NOR,5,-2.3971183411575696
USA,NZL,5,-4.42353415206317
USA,PRT,5,-1.3442386780920943
AUS,AUT,6,-7.052623552550197
AUS,BEL,6,-6.426500932404803
AUS,CAN,6,-7.018212052984635
AUS,DEU,6,-7.5934813142361275
AUS,ESP,6,-6.965297082378366
AUS,FIN,6,-7.367249588767228
AUS,FRA,6,-7.003584381305612
AUS,GBR,6,-6.002947811117237
AUS,IRL,6,-4.961484579883936
AUS,ISR,6,-8.036254107133246
AUS,ITA,6,-6.72217087898636
AUS,JPN,6,-7.978450958763867
AUS,KOR,6,-5.901845373057371
AUS,NLD,6,-7.053086810713602
AUS,NOR,6,-6.913133553164847
AUS,NZL,6,-1.9809524968681678
AUS,PRT,6,-6.013466707171443
AUS,USA,6,-7.205332171666121
AUT,AUS,6,-7.340659814606784
AUT,BEL,6,-5.579260680635857
AUT,CAN,6,-7.751803328925648
AUT,DEU,6,-3.954042881314836
AUT,ESP,6,-5.3914657203799266
AUT,FIN,6,-5.095641432335194
AUT,FRA,6,-4.787617399189985
AUT,GBR,6,-5.042350969077294
AUT,IRL,6,-5.927260742757323
AUT,ISR,6,-5.489688293840862
AUT,ITA,6,-4.219604737630011
AUT,JPN,6,-8.802935026452927
AUT,KOR,6,-9.301752681408054
AUT,NLD,6,-4.866550218002272
AUT,NOR,6,-5.846055635838038
AUT,NZL,6,-7.457296563260231
AUT,PRT,6,-5.39999015016568
AUT,USA,6,-8.751207917211627
BEL,AUS,6,-7.07105384664793
BEL,AUT,6,-4.007077362577036
BEL,CAN,6,-7.0435024070483365
BEL,DEU,6,-3.70536195836941
BEL,ESP,6,-3.9910599820658486
BEL,FIN,6,-4.686346018880734
BEL,FRA,6,-2.6725402875085966
BEL,GBR,6,-4.47275434712674
BEL,IRL,6,-4.816334260119515
BEL,ISR,6,-4.629217190689136
BEL,ITA,6,-3.5901173686091448
BEL,JPN,6,-8.722756911124689
BEL,KOR,6,-8.803016922189434
BEL,NLD,6,-2.4033598079047467
BEL,NOR,6,-4.665919100709996
BEL,NZL,6,-6.396615842493759
BEL,PRT,6,-3.732598041764931
BEL,USA,6,-8.010199304141688
CAN,AUS,6,-6.979870107965072
CAN,AUT,6,-5.690641472404917
CAN,BEL,6,-4.666526718165286
CAN,DEU,6,-4.780380764852567
CAN,ESP,6,-5.179525501042901
CAN,FIN,6,-6.020474799271361
CAN,FRA,6,-4.60822465376043
CAN,GBR,6,-4.76443937522855
CAN,IRL,6,-4.787179883161508
CAN,ISR,6,-4.743128266306814
CAN,ITA,6,-3.739000635083756
CAN,JPN,6,-5.013383360735285
CAN,KOR,6,-4.7207762644086735
CAN,NLD,6,-5.60776599308053
CAN,NOR,6,-4.776345927212683
CAN,NZL,6,-7.374313138661975
CAN,PRT,6,-5.6911417429624445
CAN,USA,6,-3.1827706485429355
DEU,AUS,6,-6.480823743289507
DEU,AUT,6,-0.9320578877281329
DEU,BEL,6,-2.746800665036047
DEU,CAN,6,-6.0055050459994845
DEU,ESP,6,-3.174474326034085
DEU,FIN,6,-3.125059692606661
DEU,FRA,6,-2.5481526695780294
DEU,GBR,6,-3.4111726202331614
DEU,IRL,6,-3.818223373680035
DEU,ISR,6,-4.279740976414575
DEU,ITA,6,-2.622644700095692
DEU,JPN,6,-6.315445356350248
DEU,KOR,6,-6.377144004194779
DEU,NLD,6,-2.5601797514671
DEU,NOR,6,-2.7789618168706145
DEU,NZL,6,-5.961711867141317
DEU,PRT,6,-3.00327120149855
DEU,USA,6,-6.159736752205385
ESP,AUS,6,-9.775035997913381
ESP,AUT,6,-4.791573944842241
ESP,BEL,6,-5.709489620442697
ESP,CAN,6,-8.217970245569648
ESP,DEU,6,-5.705964955429539
ESP,FIN,6,-5.901674987162786
ESP,FRA,6,-4.043790953407226
ESP,GBR,6,-5.637001657999125
ESP,IRL,6,-5.760416795143509
ESP,ISR,6,-6.195501168431638
ESP,ITA,6,-4.444389055397056
ESP,JPN,6,-9.243769492230225
ESP,KOR,6,-9.830534515807178
ESP,NLD,6,-5.889178468874787
ESP,NOR,6,-6.028481078330426
ESP,NZL,6,-9.15157283964544
ESP,PRT,6,-1.618485105025317
ESP,USA,6,-8.540256532464024
FIN,AUS,6,-7.099256415566269
FIN,AUT,6,-4.440020265052502
FIN,BEL,6,-4.443343912988772
FIN,CAN,6,-6.764105908278688
FIN,DEU,6,-4.136628301396635
FIN,ESP,6,-4.3110620962722725
FIN,FRA,6,-4.6636046327788625
FIN,GBR,6,-4.903343581389318
FIN,IRL,6,-5.429838705105967
FIN,ISR,6,-5.88671692070977
FIN,ITA,6,-4.956131407559221
FIN,JPN,6,-7.10895069860992
FIN,KOR,6,-8.052646454913925
FIN,NLD,6,-4.583485794868129
FIN,NOR,6,-3.7004507292291633
FIN,NZL,6,-6.903202906193592
FIN,PRT,6,-4.724608670375654
FIN,USA,6,-6.944626123853483
FRA,AUS,6,-7.792534831798636
FRA,AUT,6,-4.142417715098346
FRA,BEL,6,-2.9341501192907202
FRA,CAN,6,-6.07377169175959
FRA,DEU,6,-3.935452238411473
FRA,ESP,6,-3.320486886253419
FRA,FIN,6,-4.976456268862982
FRA,GBR,6,-4.437805183199076
FRA,IRL,6,-4.8235560976261755
FRA,ISR,6,-5.650400820187986
FRA,ITA,6,-3.439997249023522
FRA,JPN,6,-6.705602356266848
FRA,KOR,6,-7.210187356650441
FRA,NLD,6,-4.225765284937776
FRA,NOR,6,-4.885983879500837
FRA,NZL,6,-7.5002002707902165
FRA,PRT,6,-3.5237535187979616
FRA,USA,6,-7.468151465439855
GBR,AUS,6,-5.586736675271922
GBR,AUT,6,-4.201839723824318
GBR,BEL,6,-3.896715533930998
GBR,CAN,6,-5.811094968490933
GBR,DEU,6,-4.032553442541499
GBR,ESP,6,-3.789092874013815
GBR,FIN,6,-3.9221650131236223
GBR,FRA,6,-3.7561068460672797
GBR,IRL,6,-1.1764179714644523
GBR,ISR,6,-5.157298262263567
GBR,ITA,6,-3.9049640155925114
GBR,JPN,6,-6.115431488558493
GBR,KOR,6,-6.182207975300729
GBR,NLD,6,-3.8867924705894077
GBR,NOR,6,-3.3703479048283715
GBR,NZL,6,-5.547077409139601
GBR,PRT,6,-3.661337720822273
GBR,USA,6,-6.260444052931696
IRL,AUS,6,-9.220238061107274
IRL,AUT,6,-5.843259944345949
IRL,BEL,6,-6.778765189038202
IRL,CAN,6,-9.860152785142935
IRL,DEU,6,-5.9266248776627375
IRL,ESP,6,-6.229710291495895
IRL,FIN,6,-5.941318464236074
IRL,FRA,6,-6.417383042693649
IRL,GBR,6,-5.873881673005762
IRL,ISR,6,-7.145600826077436
IRL,ITA,6,-5.644015213744758
IRL,JPN,6,-8.98902801294365
IRL,KOR,6,-8.49482131868613
IRL,NLD,6,-6.008517647547196
IRL,NOR,6,-5.3761646974630395
IRL,NZL,6,-10.136966553229959
IRL,PRT,6,-5.469918452360751
IRL,USA,6,-10.796035034561724
ISR,AUS,6,-8.322409451826713
ISR,AUT,6,-7.289964301679158
ISR,BEL,6,-6.582479910903881
ISR,CAN,6,-8.3146758413592
ISR,DEU,6,-7.265832019724951
ISR,ESP,6,-6.576204935846926
ISR,FIN,6,-8.31393234076484
ISR,FRA,6,-6.884240445681154
ISR,GBR,6,-6.742933575962751
ISR,IRL,6,-7.514603584475543
ISR,ITA,6,-7.484078278505946
ISR,JPN,6,-8.166569715400152
ISR,KOR,6,-8.359389045007378
ISR,NLD,6,-6.687031144132114
ISR,NOR,6,-8.127199880601914
ISR,NZL,6,-10.368637856211365
ISR,PRT,6,-7.519352607057241
ISR,USA,6,-8.004444313617348
ITA,AUS,6,-7.976119469066617
ITA,AUT,6,-4.160912983546138
ITA,BEL,6,-5.3168717289860705
ITA,CAN,6,-7.456110639635481
ITA,DEU,6,-4.7462007627033795
ITA,ESP,6,-4.4498684900741345
ITA,FIN,6,-5.945865204989607
ITA,FRA,6,-4.030453629119789
ITA,GBR,6,-5.734705879579607
ITA,IRL,6,-6.049967387421013
ITA,ISR,6,-5.707016835248327
ITA,JPN,6,-8.672815457279947
ITA,KOR,6,-8.188302385611538
ITA,NLD,6,-5.678782943751168
ITA,NOR,6,-5.697878243483906
ITA,NZL,6,-7.8655738294144
ITA,PRT,6,-4.69072705682278
ITA,USA,6,-8.139303050644848
JPN,AUS,6,-7.291134173835012
JPN,AUT,6,-6.363947011663528
JPN,BEL,6,-6.815518330727119
JPN,CAN,6,-6.8697319308601745
JPN,DEU,6,-6.0774331760594205
JPN,ESP,6,-7.185512696185302
JPN,FIN,6,-5.95571461892548
JPN,FRA,6,-6.705324462580808
JPN,GBR,6,-6.879247008755961
JPN,IRL,6,-7.091223680781935
JPN,ISR,6,-7.53764581118066
JPN,ITA,6,-7.33371864229891
JPN,KOR,6,-5.372535916673877
JPN,NLD,6,-6.812595713705109
JPN,NOR,6,-6.310297714335064
JPN,NZL,6,-6.883166125125175
JPN,PRT,6,-8.143324540521835
JPN,USA,6,-6.795387453746983
KOR,AUS,6,-5.611918531514162
KOR,AUT,6,-8.106525307025786
KOR,BEL,6,-7.939686515615742
KOR,CAN,6,-6.432319457789813
KOR,DEU,6,-7.518397663743455
KOR,ESP,6,-7.277334632447216
KOR,FIN,6,-4.0887042912408615
KOR,FRA,6,-7.654041845620066
KOR,GBR,6,-6.532414522257865
KOR,IRL,6,-5.290203324258205
KOR,ISR,6,-7.006346485845895
KOR,ITA,6,-6.5414925934839205
KOR,JPN,6,-4.879040030133985
KOR,NLD,6,-7.115169183475324
KOR,NOR,6,-6.197481169456842
KOR,NZL,6,-5.86547763963416
KOR,PRT,6,-7.869794799842834
KOR,USA,6,-5.837685559595077
NLD,AUS,6,-7.715331501359151
NLD,AUT,6,-3.673896063430833
NLD,BEL,6,-2.3868498430886005
NLD,CAN,6,-7.050656477012243
NLD,DEU,6,-3.3992046899086334
NLD,ESP,6,-4.218220994778777
NLD,FIN,6,-4.11761193195377
NLD,FRA,6,-3.7463206678210126
NLD,GBR,6,-3.997236679419748
NLD,IRL,6,-4.127866839604904
NLD,ISR,6,-5.23524344540646
NLD,ITA,6,-3.807847496007132
NLD,JPN,6,-7.900177609353974
NLD,KOR,6,-7.734527929561786
NLD,NOR,6,-3.3950165491223867
NLD,NZL,6,-7.139181556439598
NLD,PRT,6,-3.4738066771585254
NLD,USA,6,-7.730345565420291
NOR,AUS,6,-9.380431720120065
NOR,AUT,6,-6.648004880519383
NOR,BEL,6,-5.735543454221645
NOR,CAN,6,-10.040058892275843
NOR,DEU,6,-6.09905179396923
NOR,ESP,6,-6.9078482864461845
NOR,FIN,6,-6.251931358478355
NOR,FRA,6,-6.902042930191545
NOR,GBR,6,-6.111581397387204
NOR,IRL,6,-5.623179174607271
NOR,ISR,6,-6.84419465827748
NOR,ITA,6,-7.935825942001932
NOR,JPN,6,-9.922475112813373
NOR,KOR,6,-9.795420632606145
NOR,NLD,6,-6.905034186351245
NOR,NZL,6,-11.394640986168529
NOR,PRT,6,-8.119268357558841
NOR,USA,6,-8.989318331330864
NZL,AUS,6,-3.646945719379391
NZL,AUT,6,-8.4077651966885
NZL,BEL,6,-7.146670957890763
NZL,CAN,6,-8.069371916117078
NZL,DEU,6,-9.624182955933025
NZL,ESP,6,-9.80385242280573
NZL,FIN,6,-9.250387296137953
NZL,FRA,6,-8.70167589269245
NZL,GBR,6,-7.233078011163743
NZL,IRL,6,-7.41910377452883
NZL,ISR,6,-8.340027037892643
NZL,ITA,6,-10.463995987174956
NZL,JPN,6,-5.382410237484688
NZL,KOR,6,-5.180056017439814
NZL,NLD,6,-7.955648956560889
NZL,NOR,6,-8.699011739051196
NZL,PRT,6,-10.590655203421564
NZL,USA,6,-8.119582549935283
PRT,AUS,6,-12.85610211759662
PRT,AUT,6,-5.579886368083831
PRT,BEL,6,-6.57351663184957
PRT,CAN,6,-10.511240821582234
PRT,DEU,6,-5.651600262277086
PRT,ESP,6,-4.560976970208143
PRT,FIN,6,-5.579777468540362
PRT,FRA,6,-5.760002260468396
PRT,GBR,6,-6.81786168866259
PRT,IRL,6,-6.878322399995206
PRT,ISR,6,-6.933890648557993
PRT,ITA,6,-5.593311486878392
PRT,JPN,6,-11.614565207097794
PRT,KOR,6,-12.05889706417084
PRT,NLD,6,-4.999005498592207
PRT,NOR,6,-8.07729345579565
PRT,NZL,6,-10.796450738350899
PRT,USA,6,-9.194678803728076
USA,AUS,6,-5.184708941233659
USA,AUT,6,-4.25423565578642
USA,BEL,6,-4.22751188703568
USA,CAN,6,-1.8887209505400118
USA,DEU,6,-4.221127868003357
USA,ESP,6,-4.289482561316493
USA,FIN,6,-4.744162290147981
USA,FRA,6,-4.044183835005702
USA,GBR,6,-3.984228245499701
USA,IRL,6,-3.755763309096721
USA,ISR,6,-3.681046533016563
USA,ITA,6,-3.4237467425985595
USA,JPN,6,-4.126443677234464
USA,KOR,6,-4.355045820867568
USA,NLD,6,-3.5684916194857146
USA,NOR,6,-4.249008218199165
USA,NZL,6,-5.1728087502661335
USA,PRT,6,-4.817407587720901
AUS,AUT,7,-10.771826329238838
AUS,BEL,7,-14.598077579822936
AUS,CAN,7,-7.6163159812010965
AUS,DEU,7,-5.64487211661018
AUS,ESP,7,-12.102398309946276
AUS,FIN,7,-11.47930693050669
AUS,FRA,7,-6.1923123435173215
AUS,GBR,7,-9.978513976585592
AUS,IRL,7,-9.569480882771767
AUS,ISR,7,-8.684876126453151
AUS,ITA,7,-13.102486504716692
AUS,JPN,7,-5.061011247484072
AUS,KOR,7,-6.209975625232771
AUS,NLD,7,-9.578623240044632
AUS,NOR,7,-12.957161909925064
AUS,NZL,7,-1.8802280839382641
AUS,PRT,7,-10.380297434104904
AUS,USA,7,-10.848593308966425
AUT,AUS,7,-20.028549609176686
AUT,BEL,7,-9.954058390934438
AUT,CAN,7,-18.142731267257666
AUT,DEU,7,-10.47329173997754
AUT,ESP,7,-13.383425564996987
AUT,FIN,7,-12.056883028941188
AUT,FRA,7,-12.878664057643961
AUT,GBR,7,-13.056193071846264
AUT,IRL,7,-12.316061421513881
AUT,ISR,7,-13.347417930759235
AUT,ITA,7,-10.209224056398263
AUT,JPN,7,-17.66158520205871
AUT,KOR,7,-15.37708791370023
AUT,NLD,7,-13.456233861489386
AUT,NOR,7,-9.744756166318549
AUT,NZL,7,-13.734900453887658
AUT,PRT,7,-12.00137347913364
AUT,USA,7,-19.89273120168193
BEL,AUS,7,-8.747787669810855
BEL,AUT,7,-0.7773032366442956
BEL,CAN,7,-7.011942243541246
BEL,DEU,7,-3.323832157331677
BEL,ESP,7,-4.93308221236211
BEL,FIN,7,-2.8355130649781874
BEL,FRA,7,-3.4586537471538574
BEL,GBR,7,-4.429519629642295
BEL,IRL,7,-2.4582259080818862
BEL,ISR,7,-3.1648710945428142
BEL,ITA,7,-4.2569552353185625
BEL,JPN,7,-10.033207067014164
BEL,KOR,7,-10.392219643462814
BEL,NLD,7,-3.0897389852644195
BEL,NOR,7,0.0
BEL,NZL,7,-7.867898222926363
BEL,PRT,7,-2.7071273001895597
BEL,USA,7,-8.459444791033135
CAN,AUS,7,-6.138679364868239
CAN,AUT,7,-4.733345431045554
CAN,BEL,7,-6.238216066395277
CAN,DEU,7,-3.6001155645777843
CAN,ESP,7,-2.944439662882142
CAN,FIN,7,-3.3343831039991967
CAN,FRA,7,-3.1954645744439096
CAN,GBR,7,-3.4982749225695535
CAN,IRL,7,-3.8325398824971826
CAN,ISR,7,-1.387589953296489
CAN,ITA,7,-8.745400183549776
CAN,JPN,7,-5.399573596513688
CAN,KOR,7,-5.275289301777037
CAN,NLD,7,-4.03870038628494
CAN,NOR,7,-3.3912266355110763
CAN,NZL,7,-6.077659031905868
CAN,PRT,7,-9.551422706565916
CAN,USA,7,-4.469078475226264
DEU,AUS,7,-8.064066958859792
DEU,AUT,7,0.0
DEU,BEL,7,-3.4836121766984744
DEU,CAN,7,-8.806812497861182
DEU,ESP,7,-3.723961339667884
DEU,FIN,7,-3.0550664133227796
DEU,FRA,7,-3.659510548943885
DEU,GBR,7,-3.7999852628379607
DEU,IRL,7,-1.9937635055414689
DEU,ISR,7,-3.2627313085795455
DEU,ITA,7,-3.9047736784202343
DEU,JPN,7,-9.019524579329703
DEU,KOR,7,-8.93890474000687
DEU,NLD,7,-3.7498436145843534
DEU,NOR,7,-0.8237915824079016
DEU,NZL,7,-7.657256239697468
DEU,PRT,7,-2.268404805867527
DEU,USA,7,-8.299220707889692
ESP,AUS,7,-9.581133451223158
ESP,AUT,7,-5.5518542811944185
ESP,BEL,7,-4.676605592813671
ESP,CAN,7,-8.497385250142761
ESP,DEU,7,-7.50002862386361
ESP,FIN,7,-2.834256013596301
ESP,FRA,7,-5.400923440614502
ESP,GBR,7,-6.269361363660799
ESP,IRL,7,-6.97552116001421
ESP,ISR,7,-6.787019499703897
ESP,ITA,7,-5.8796891965099185
ESP,JPN,7,-13.42351963004268
ESP,KOR,7,-13.185694209054805
ESP,NLD,7,-6.635737926771939
ESP,NOR,7,-3.691914173709255
ESP,NZL,7,-10.79712975797026
ESP,PRT,7,-1.626887418760067
ESP,USA,7,-9.714460055630257
FIN,AUS,7,-13.67868447879507
FIN,AUT,7,-8.498994656605685
FIN,BEL,7,-6.5557117961668325
FIN,CAN,7,-8.900884535160962
FIN,DEU,7,-6.752649002631809
FIN,ESP,7,-8.352009455001111
FIN,FRA,7,-8.242719997361217
FIN,GBR,7,-8.500391986417036
FIN,IRL,7,-11.505220644159607
FIN,ISR,7,-7.250097203453787
FIN,ITA,7,-13.627804894644573
FIN,JPN,7,-14.141764818076016
FIN,KOR,7,-15.544372708550545
FIN,NLD,7,-10.085383127775245
FIN,NOR,7,-1.8438067559228903
FIN,NZL,7,-14.389858054524103
FIN,PRT,7,-6.3733945067415245
FIN,USA,7,-11.99819358213405
FRA,AUS,7,-7.954242126544935
FRA,AUT,7,-2.4419698306006676
FRA,BEL,7,-2.096909941124341
FRA,CAN,7,-8.277473963153748
FRA,DEU,7,-3.498313967352502
FRA,ESP,7,-3.5190723441450196
FRA,FIN,7,-1.9621478424520147
FRA,GBR,7,-3.2369789253198578
FRA,IRL,7,-2.2574189932034194
FRA,ISR,7,-2.0672107327038973
FRA,ITA,7,-2.796901017431061
FRA,JPN,7,-5.557133981633987
FRA,KOR,7,-7.459394734657346
FRA,NLD,7,-3.7376619192476466
FRA,NOR,7,0.0
FRA,NZL,7,-9.08739942114604
FRA,PRT,7,-2.428465036724057
FRA,USA,7,-8.013588399531134
GBR,AUS,7,-8.062118271339214
GBR,AUT,7,-2.418393414970142
GBR,BEL,7,-2.6389351127893463
GBR,CAN,7,-7.012531637946804
GBR,DEU,7,-3.6636241941780305
GBR,ESP,7,-3.164351357210172
GBR,FIN,7,-2.782735321474809
GBR,FRA,7,-3.5618158210790685
GBR,IRL,7,0.0
GBR,ISR,7,-3.611122033748176
GBR,ITA,7,-3.1685291458679177
GBR,JPN,7,-7.577658327417035
GBR,KOR,7,-7.535951261226526
GBR,NLD,7,-3.0530659399421936
GBR,NOR,7,0.0
GBR,NZL,7,-7.257844707328259
GBR,PRT,7,-0.9674041183011717
GBR,USA,7,-7.3039825496965065
IRL,AUS,7,-16.28325845133468
IRL,AUT,7,-8.582274035334262
IRL,BEL,7,-11.076063928801661
IRL,CAN,7,-17.190349731608045
IRL,DEU,7,-13.964859903729772
IRL,ESP,7,-13.309050964466993
IRL,FIN,7,-12.6998288706109
IRL,FRA,7,-9.906868573935254
IRL,GBR,7,-5.215353045824935
IRL,ISR,7,-16.05126541427465
IRL,ITA,7,-12.763417151485944
IRL,JPN,7,-11.954865401943753
IRL,KOR,7,-13.777990260191718
IRL,NLD,7,-10.678206879062417
IRL,NOR,7,-9.795052548149393
IRL,NZL,7,-14.029446179590572
IRL,PRT,7,-11.031163002138802
IRL,USA,7,-12.72412976399373
ISR,AUS,7,-25.134030657604463
ISR,AUT,7,-20.93922319015141
ISR,BEL,7,-10.39081871716373
ISR,CAN,7,-11.123541333324606
ISR,DEU,7,-11.467133765578168
ISR,ESP,7,-7.301528683737265
ISR,FIN,7,-21.819018435279123
ISR,FRA,7,-9.34603017687252
ISR,GBR,7,-18.621469118442988
ISR,IRL,7,-20.976621930085706
ISR,ITA,7,-6.728266925809927
ISR,JPN,7,-15.469268093748202
ISR,KOR,7,-15.301919204742752
ISR,NLD,7,-12.452289365178393
ISR,NOR,7,-19.79680475014672
ISR,NZL,7,-23.649966119930177
ISR,PRT,7,-9.008355229465716
ISR,USA,7,-12.713058861132655
ITA,AUS,7,-11.737367735700786
ITA,AUT,7,-1.3379792459851583
ITA,BEL,7,-7.021314532442668
ITA,CAN,7,-9.255159146436796
ITA,DEU,7,-8.310112033249688
ITA,ESP,7,-4.018806000786224
ITA,FIN,7,-9.420924048226519
ITA,FRA,7,-5.849016159769256
ITA,GBR,7,-7.4306496451782245
ITA,IRL,7,-8.456258389438128
ITA,ISR,7,-3.6513676929492282
ITA,JPN,7,-13.779495278045701
ITA,KOR,7,-11.782078754457729
ITA,NLD,7,-8.237596562751033
ITA,NOR,7,-7.824654691402217
ITA,NZL,7,-12.328408865140762
ITA,PRT,7,-7.600270627111598
ITA,USA,7,-10.551957786915747
JPN,AUS,7,-4.473639555128233
JPN,AUT,7,-6.264551768461309
JPN,BEL,7,-5.608260027407224
JPN,CAN,7,-9.837603775465073
JPN,DEU,7,-7.21368455381849
JPN,ESP,7,-7.910837631615036
JPN,FIN,7,-8.932255567666173
JPN,FRA,7,-7.770506551813278
JPN,GBR,7,-10.19200166861568
JPN,IRL,7,-9.734076553622653
JPN,ISR,7,-6.549186457948573
JPN,ITA,7,-4.8622507661132355
JPN,KOR,7,-5.586982222902508
JPN,NLD,7,-7.5343327643501095
JPN,NOR,7,-6.161457135219313
JPN,NZL,7,-4.00859867429904
JPN,PRT,7,-11.586829979345438
JPN,USA,7,-9.853768489552419
KOR,AUS,7,-4.086935137554093
KOR,AUT,7,-8.993308700374474
KOR,BEL,7,-4.933490653168045
KOR,CAN,7,-9.785682911968081
KOR,DEU,7,-10.242944739668424
KOR,ESP,7,-6.660340794607302
KOR,FIN,7,-9.980339854010488
KOR,FRA,7,-7.471810061180056
KOR,GBR,7,-6.134914751346717
KOR,IRL,7,-8.575713238648612
KOR,ISR,7,-5.445532577483808
KOR,ITA,7,-8.125040042844516
KOR,JPN,7,-3.2508194719674863
KOR,NLD,7,-4.970135489796601
KOR,NOR,7,-8.508267503411775
KOR,NZL,7,-3.4175874158282955
KOR,PRT,7,-15.088590489444641
KOR,USA,7,-8.001525093401622
NLD,AUS,7,-6.677953298041307
NLD,AUT,7,-0.19319545979967634
NLD,BEL,7,0.0
NLD,CAN,7,-6.127145961523898
NLD,DEU,7,-0.23800895881042172
NLD,ESP,7,-2.4283656765910986
NLD,FIN,7,-0.6058066381549296
NLD,FRA,7,-2.3919679311399262
NLD,GBR,7,-2.2528119840232605
NLD,IRL,7,-0.30442718847298433
NLD,ISR,7,-2.0692469850718513
NLD,ITA,7,-3.0029696909110757
NLD,JPN,7,-6.568381774224108
NLD,KOR,7,-5.774298628474274
NLD,NOR,7,0.0
NLD,NZL,7,-6.995189762869463
NLD,PRT,7,-0.8626535603627628
NLD,USA,7,-6.168573985090005
NOR,AUS,7,-13.722682946337144
NOR,AUT,7,-9.95335346045147
NOR,BEL,7,-7.352633275488694
NOR,CAN,7,-10.933789386217441
NOR,DEU,7,-8.655810277638487
NOR,ESP,7,-9.610008147610326
NOR,FIN,7,-4.29551790914669
NOR,FRA,7,-9.197405911497532
NOR,GBR,7,-7.15533186402381
NOR,IRL,7,-3.629942158958153
NOR,ISR,7,-22.629993116674576
NOR,ITA,7,-9.051844961460333
NOR,JPN,7,-16.133109972934985
NOR,KOR,7,-11.743683714239594
NOR,NLD,7,-8.677665410701234
NOR,NZL,7,-17.724039589387957
NOR,PRT,7,-7.890209441568756
NOR,USA,7,-12.399910994225689
NZL,AUS,7,-7.225160557419158
NZL,AUT,7,-19.404724141754436
NZL,BEL,7,-23.746458294865384
NZL,CAN,7,-23.75958214088466
NZL,DEU,7,-15.343274480059613
NZL,ESP,7,-23.778322092920853
NZL,FIN,7,-20.284519386882145
NZL,FRA,7,-19.89396387536275
NZL,GBR,7,-14.93051312271935
NZL,IRL,7,-19.44212288168873
NZL,ISR,7,-19.05865776617822
NZL,ITA,7,-9.699423166109241
NZL,JPN,7,-8.219750772951326
NZL,KOR,7,-17.937260969028884
NZL,NLD,7,-14.859051608285323
NZL,NOR,7,-18.26230570174974
NZL,PRT,7,-21.217503756447158
NZL,USA,7,-20.66582444591439
PRT,AUS,7,-15.333585965858475
PRT,AUT,7,-12.857888987297022
PRT,BEL,7,-8.629360708309587
PRT,CAN,7,-11.029215702094973
PRT,DEU,7,-10.63718811252847
PRT,ESP,7,-6.00493588255524
PRT,FIN,7,-9.49999139947796
PRT,FRA,7,-8.321143956806218
PRT,GBR,7,-7.148951539276343
PRT,IRL,7,-6.190364574307733
PRT,ISR,7,-11.525949389369734
PRT,ITA,7,-7.177001597314671
PRT,JPN,7,-26.830411117151144
PRT,KOR,7,-16.64166845220575
PRT,NLD,7,-8.125888996399933
PRT,NOR,7,-19.42911171397934
PRT,NZL,7,-17.545700818137806
PRT,USA,7,-11.682591738966746
USA,AUS,7,-1.5100044464657056
USA,AUT,7,-0.05562828775898687
USA,BEL,7,-1.1743657291389829
USA,CAN,7,-1.6092167556392143
USA,DEU,7,-2.39454159450899
USA,ESP,7,-0.9439171149324892
USA,FIN,7,0.0
USA,FRA,7,-1.896107225774042
USA,GBR,7,-0.7318961085981721
USA,IRL,7,0.0
USA,ISR,7,0.0
USA,ITA,7,-0.41368895685866747
USA,JPN,7,-1.6626928828230678
USA,KOR,7,-3.301658939038565
USA,NLD,7,-1.7190312051870942
USA,NOR,7,0.0
USA,NZL,7,-1.597876992989418
USA,PRT,7,-0.5113713118755392
AUS,AUT,8,-5.164278350484746
AUS,BEL,8,-5.37130446005392
AUS,CAN,8,-3.454024128122086
AUS,DEU,8,-5.52478497446681
AUS,ESP,8,-5.567037363296764
AUS,FIN,8,-5.53834503715219
AUS,FRA,8,-5.393501063556418
AUS,GBR,8,-4.219675749301643
AUS,IRL,8,-4.114664710330021
AUS,ISR,8,-4.83107048703549
AUS,ITA,8,-5.757391646580745
AUS,JPN,8,-5.140141231197511
AUS,KOR,8,-4.541242690488098
AUS,NLD,8,-4.157922022242707
AUS,NOR,8,-4.912331488877919
AUS,NZL,8,-1.0922952399534342
AUS,PRT,8,-4.6733391013192
AUS,USA,8,-5.498140739115676
AUT,AUS,8,-6.871097721445185
AUT,BEL,8,-4.417864665858847
AUT,CAN,8,-6.4555062947577015
AUT,DEU,8,-3.597919791935556
AUT,ESP,8,-4.526307043665291
AUT,FIN,8,-4.006910181082729
AUT,FRA,8,-4.373568473417131
AUT,GBR,8,-5.241669543134524
AUT,IRL,8,-5.832624747906799
AUT,ISR,8,-5.361324530959925
AUT,ITA,8,-3.79341732746807
AUT,JPN,8,-6.670246025091427
AUT,KOR,8,-6.212533244880062
AUT,NLD,8,-5.4203399722645536
AUT,NOR,8,-4.397258823055038
AUT,NZL,8,-6.801429856196899
AUT,PRT,8,-4.137852083079327
AUT,USA,8,-6.3615055923662815
BEL,AUS,8,-4.297047428602695
BEL,AUT,8,-1.603226080067056
BEL,CAN,8,-4.30513606897759
BEL,DEU,8,-1.4405424441156487
BEL,ESP,8,-1.7801535842425995
BEL,FIN,8,-1.8224217797960236
BEL,FRA,8,-0.984081578935847
BEL,GBR,8,-1.6917038183157156
BEL,IRL,8,-1.9486438920912859
BEL,ISR,8,-1.7951258387644065
BEL,ITA,8,-1.0703685357089534
BEL,JPN,8,-4.613656316889441
BEL,KOR,8,-3.975628995815038
BEL,NLD,8,-0.933704897775335
BEL,NOR,8,-1.5420479371797118
BEL,NZL,8,-4.112876656555092
BEL,PRT,8,-1.6489217529290978
BEL,USA,8,-4.644109705117664
CAN,AUS,8,-5.3734557112028645
CAN,AUT,8,-4.683855563610218
CAN,BEL,8,-5.207296029411082
CAN,DEU,8,-4.820186257569089
CAN,ESP,8,-5.161053625189327
CAN,FIN,8,-5.572707540042067
CAN,FRA,8,-4.4894241972446345
CAN,GBR,8,-4.675077833490348
CAN,IRL,8,-4.6035970298092534
CAN,ISR,8,-4.677930128902417
CAN,ITA,8,-5.27456655410319
CAN,JPN,8,-5.255990912889878
CAN,KOR,8,-4.546894828082565
CAN,NLD,8,-5.521804750657487
CAN,NOR,8,-4.389973734962376
CAN,NZL,8,-4.34590949474303
CAN,PRT,8,-5.0485848592139595
CAN,USA,8,-2.9073406405346054
DEU,AUS,8,-3.669261761296739
DEU,AUT,8,0.0
DEU,BEL,8,-0.7333745514097112
DEU,CAN,8,-3.3074866531212184
DEU,ESP,8,-1.4344626339624003
DEU,FIN,8,-1.2746528447059489
DEU,FRA,8,-1.0040852707226033
DEU,GBR,8,-1.7846805230266662
DEU,IRL,8,-1.868949874794485
DEU,ISR,8,-2.124486816050735
DEU,ITA,8,-1.1472243297753728
DEU,JPN,8,-3.446953108079578
DEU,KOR,8,-3.3124245796534906
DEU,NLD,8,-1.2284287815176578
DEU,NOR,8,-1.1665616978599003
DEU,NZL,8,-3.692240733282949
DEU,PRT,8,-1.330267111891147
DEU,USA,8,-3.6937501375889292
ESP,AUS,8,-5.800527791732533
ESP,AUT,8,-2.959186139470696
ESP,BEL,8,-4.192405152558548
ESP,CAN,8,-5.899316820062138
ESP,DEU,8,-3.594857367639773
ESP,FIN,8,-4.216715255184772
ESP,FRA,8,-2.7413439759859717
ESP,GBR,8,-3.484416435473873
ESP,IRL,8,-4.103546040575737
ESP,ISR,8,-4.134020611531694
ESP,ITA,8,-2.8944885091293178
ESP,JPN,8,-5.7338351835135395
ESP,KOR,8,-5.898616624035817
ESP,NLD,8,-3.345238897456075
ESP,NOR,8,-3.7231139021161885
ESP,NZL,8,-6.076860121033807
ESP,PRT,8,-0.9411382806287891
ESP,USA,8,-5.8106652769114415
FIN,AUS,8,-7.1912992614012765
FIN,AUT,8,-4.440306329689978
FIN,BEL,8,-4.469257125691037
FIN,CAN,8,-6.724348181240892
FIN,DEU,8,-4.9201748311134486
FIN,ESP,8,-5.191404900149701
FIN,FRA,8,-4.960885129492606
FIN,GBR,8,-4.836414368460488
FIN,IRL,8,-5.892705896017187
FIN,ISR,8,-5.570494061791258
FIN,ITA,8,-5.476970212486416
FIN,JPN,8,-7.22270731541373
FIN,KOR,8,-6.751637372726778
FIN,NLD,8,-4.692765289991641
FIN,NOR,8,-2.8856696773574426
FIN,NZL,8,-7.170456183292883
FIN,PRT,8,-5.756897960498797
FIN,USA,8,-6.738996732694687
FRA,AUS,8,-4.707930306225076
FRA,AUT,8,-2.489771189134749
FRA,BEL,8,-2.4587743752343796
FRA,CAN,8,-4.485775263738642
FRA,DEU,8,-2.758597763220573
FRA,ESP,8,-2.2752577057233174
FRA,FIN,8,-3.0013732094356156
FRA,GBR,8,-2.6791002247619486
FRA,IRL,8,-3.0440942211907167
FRA,ISR,8,-3.3962347944202342
FRA,ITA,8,-2.1402847118237656
FRA,JPN,8,-4.628893814491679
FRA,KOR,8,-4.812115024758829
FRA,NLD,8,-3.0438952171091413
FRA,NOR,8,-2.49430788236801
FRA,NZL,8,-4.901153256711653
FRA,PRT,8,-2.278986525807521
FRA,USA,8,-4.776344921530938
GBR,AUS,8,-3.56218889379528
GBR,AUT,8,-2.3423234149343233
GBR,BEL,8,-2.087303139692097
GBR,CAN,8,-3.7457002026272055
GBR,DEU,8,-2.2451941593997864
GBR,ESP,8,-2.3332019345822794
GBR,FIN,8,-2.3638472244045023
GBR,FRA,8,-1.7852471377563617
GBR,IRL,8,-0.9732637475006987
GBR,ISR,8,-2.9185269818439536
GBR,ITA,8,-2.434146151261646
GBR,JPN,8,-4.233513844627802
GBR,KOR,8,-4.5704773682799615
GBR,NLD,8,-2.0461246003107543
GBR,NOR,8,-1.623523649961408
GBR,NZL,8,-3.9759957599923053
GBR,PRT,8,-2.285788062100565
GBR,USA,8,-4.119809346350898
IRL,AUS,8,-4.23180493040179
IRL,AUT,8,-3.215680286730653
IRL,BEL,8,-0.8664506906452062
IRL,CAN,8,-3.8182295712191894
IRL,DEU,8,-1.9550817166209202
IRL,ESP,8,-2.6532512731144484
IRL,FIN,8,-3.412068626764186
IRL,FRA,8,-1.9798563555915094
IRL,GBR,8,-2.5467584659583165
IRL,ISR,8,-4.774477390017236
IRL,ITA,8,-2.5465717696247476
IRL,JPN,8,-4.327365940423154
IRL,KOR,8,-5.973378593561398
IRL,NLD,8,-4.385757521721036
IRL,NOR,8,-2.365102519972459
IRL,NZL,8,-5.309003386717223
IRL,PRT,8,-2.7291796762522407
IRL,USA,8,-3.3212857345199076
ISR,AUS,8,-6.477944787012362
ISR,AUT,8,-5.831189888595741
ISR,BEL,8,-5.807985189906859
ISR,CAN,8,-6.068986165195483
ISR,DEU,8,-5.951417314884933
ISR,ESP,8,-5.101790621988814
ISR,FIN,8,-6.69129144541089
ISR,FRA,8,-5.318785862165459
ISR,GBR,8,-5.1089860453472085
ISR,IRL,8,-5.957782837186132
ISR,ITA,8,-4.436223159972501
ISR,JPN,8,-7.419789471273838
ISR,KOR,8,-6.996084240348361
ISR,NLD,8,-4.57525365389008
ISR,NOR,8,-6.689023338573387
ISR,NZL,8,-7.641533738628089
ISR,PRT,8,-5.614006189814717
ISR,USA,8,-5.675247532506212
ITA,AUS,8,-4.893235489649723
ITA,AUT,8,-2.5001467537239472
ITA,BEL,8,-3.371593229580353
ITA,CAN,8,-5.3053041467329916
ITA,DEU,8,-3.441202617818316
ITA,ESP,8,-2.876979891825883
ITA,FIN,8,-3.831981165382236
ITA,FRA,8,-2.8323376827380025
ITA,GBR,8,-3.66443993119685
ITA,IRL,8,-4.137026271909676
ITA,ISR,8,-3.5259009492956874
ITA,JPN,8,-5.312063721121893
ITA,KOR,8,-5.2759632036363575
ITA,NLD,8,-3.8398955242062742
ITA,NOR,8,-3.5447952271238345
ITA,NZL,8,-5.392965312313423
ITA,PRT,8,-2.973345535564261
ITA,USA,8,-5.517136784032734
JPN,AUS,8,-4.91515614352783
JPN,AUT,8,-3.8551906146943393
JPN,BEL,8,-4.180786098347986
JPN,CAN,8,-4.996670315290054
JPN,DEU,8,-4.012291620008801
JPN,ESP,8,-4.346401728260142
JPN,FIN,8,-4.241029457123503
JPN,FRA,8,-3.573027648521016
JPN,GBR,8,-4.160958992820318
JPN,IRL,8,-3.2402409855412015
JPN,ISR,8,-4.302935443276944
JPN,ITA,8,-4.157834979592218
JPN,KOR,8,-2.2865499151011344
JPN,NLD,8,-4.144537459136017
JPN,NOR,8,-4.024833604466907
JPN,NZL,8,-4.471059290776491
JPN,PRT,8,-4.991139402256699
JPN,USA,8,-4.405727331175611
KOR,AUS,8,-5.71153059442401
KOR,AUT,8,-5.89439987203278
KOR,BEL,8,-5.722755765995265
KOR,CAN,8,-5.689022263287064
KOR,DEU,8,-5.760267099347364
KOR,ESP,8,-5.637597727618236
KOR,FIN,8,-4.2400561239773245
KOR,FRA,8,-5.803807426260458
KOR,GBR,8,-5.891105292395087
KOR,IRL,8,-5.6504903486993445
KOR,ISR,8,-4.389492484657743
KOR,ITA,8,-5.1956268384779
KOR,JPN,8,-4.476866852019227
KOR,NLD,8,-5.881242892240449
KOR,NOR,8,-5.9739287451366465
KOR,NZL,8,-4.940693476780094
KOR,PRT,8,-5.497035146793015
KOR,USA,8,-5.866672828901015
NLD,AUS,8,-5.021405465702848
NLD,AUT,8,-1.5697691137721286
NLD,BEL,8,-1.3481290489295294
NLD,CAN,8,-4.737189351820541
NLD,DEU,8,-1.7293757791436584
NLD,ESP,8,-2.1492791441546424
NLD,FIN,8,-1.5948286707703834
NLD,FRA,8,-1.8134067333455706
NLD,GBR,8,-1.8459052811666012
NLD,IRL,8,-2.1411601742781095
NLD,ISR,8,-2.6876919981179777
NLD,ITA,8,-1.7419240100954836
NLD,JPN,8,-5.475144376038544
NLD,KOR,8,-4.830025532747344
NLD,NOR,8,-1.2905675515045965
NLD,NZL,8,-4.938436943182223
NLD,PRT,8,-1.7353743115517735
NLD,USA,8,-5.185604268325605
NOR,AUS,8,-7.981440159529063
NOR,AUT,8,-5.616298134189834
NOR,BEL,8,-6.735357801650855
NOR,CAN,8,-7.796009922874537
NOR,DEU,8,-5.709280515770775
NOR,ESP,8,-6.383386485075583
NOR,FIN,8,-3.2945432971908963
NOR,FRA,8,-6.315641277254182
NOR,GBR,8,-5.010685267656389
NOR,IRL,8,-3.2498235798047626
NOR,ISR,8,-7.368212856037209
NOR,ITA,8,-7.417853164599798
NOR,JPN,8,-6.78536398731471
NOR,KOR,8,-8.56826323713264
NOR,NLD,8,-4.979388560403363
NOR,NZL,8,-7.602887673614273
NOR,PRT,8,-6.727442568038205
NOR,USA,8,-7.5393486217282355
NZL,AUS,8,-3.956380893202388
NZL,AUT,8,-7.088448416813355
NZL,BEL,8,-6.505833622909629
NZL,CAN,8,-5.733856540336927
NZL,DEU,8,-5.518185120446299
NZL,ESP,8,-7.748141595579964
NZL,FIN,8,-8.469243275783047
NZL,FRA,8,-8.034101793947528
NZL,GBR,8,-6.449540872545537
NZL,IRL,8,-6.056910242814636
NZL,ISR,8,-6.75899564598495
NZL,ITA,8,-5.651550535846367
NZL,JPN,8,-5.258704932322264
NZL,KOR,8,-5.799435755626524
NZL,NLD,8,-6.431590837350614
NZL,NOR,8,-8.70887942767357
NZL,PRT,8,-8.111153862929793
NZL,USA,8,-6.966997122888133
PRT,AUS,8,-9.305032518859022
PRT,AUT,8,-6.60192405141164
PRT,BEL,8,-5.175539707184427
PRT,CAN,8,-9.336927969612944
PRT,DEU,8,-5.668333251840238
PRT,ESP,8,-3.414130018950831
PRT,FIN,8,-6.128759826824201
PRT,FRA,8,-5.491679715838292
PRT,GBR,8,-5.573084351534689
PRT,IRL,8,-6.577825967592364
PRT,ISR,8,-6.614203305729719
PRT,ITA,8,-5.5178308312417705
PRT,JPN,8,-8.767470846308974
PRT,KOR,8,-9.58994185821187
PRT,NLD,8,-4.597859879389084
PRT,NOR,8,-5.579206163193485
PRT,NZL,8,-9.313251235031633
PRT,USA,8,-8.89086981025131
USA,AUS,8,-2.4953071607027444
USA,AUT,8,-1.915852462748464
USA,BEL,8,-1.451216182085553
USA,CAN,8,-0.6799835913284169
USA,DEU,8,-1.870433693625976
USA,ESP,8,-2.620670649144467
USA,FIN,8,-2.7200119610003815
USA,FRA,8,-1.413315627632881
USA,GBR,8,-1.9089439342887498
USA,IRL,8,-1.199157585754445
USA,ISR,8,-2.0727511819408106
USA,ITA,8,-2.4056887908421447
USA,JPN,8,-2.542643602357104
USA,KOR,8,-2.0414594857809925
USA,NLD,8,-1.5020163714754204
USA,NOR,8,-1.6329240604617064
USA,NZL,8,-2.777639770384267
USA,PRT,8,-3.764709518285678
AUS,AUT,9,-5.8907127695160515
AUS,BEL,9,-6.929837779055465
AUS,CAN,9,-6.36970111676207
AUS,DEU,9,-6.827477367562916
AUS,ESP,9,-6.692687766977474
AUS,FIN,9,-6.573401445275859
AUS,FRA,9,-5.8424488838573625
AUS,GBR,9,-6.016806357961886
AUS,IRL,9,-4.84158904321809
AUS,ISR,9,-4.700901620823237
AUS,ITA,9,-6.537243669157781
AUS,JPN,9,-5.657535045791092
AUS,KOR,9,-4.946750004507561
AUS,NLD,9,-6.011393850029473
AUS,NOR,9,-6.936155316676372
AUS,NZL,9,-2.054130685587781
AUS,PRT,9,-8.343582165282108
AUS,USA,9,-6.601660397803187
AUT,AUS,9,-7.741856066696107
AUT,BEL,9,-4.881483121874618
AUT,CAN,9,-7.68216341514763
AUT,DEU,9,-3.126676440393057
AUT,ESP,9,-4.545223460138423
AUT,FIN,9,-4.756934128640667
AUT,FRA,9,-4.002821109611086
AUT,GBR,9,-5.332911215398959
AUT,IRL,9,-4.265200414250745
AUT,ISR,9,-5.7424836968882405
AUT,ITA,9,-3.4328520628192196
AUT,JPN,9,-6.797325072448137
AUT,KOR,9,-7.004100131720026
AUT,NLD,9,-4.553472313576165
AUT,NOR,9,-4.699897255259686
AUT,NZL,9,-7.302979807627516
AUT,PRT,9,-4.980492095503605
AUT,USA,9,-7.569626922873317
BEL,AUS,9,-5.846948071469438
BEL,AUT,9,-2.6537966289493564
BEL,CAN,9,-5.7530437843313615
BEL,DEU,9,-2.3395341197574524
BEL,ESP,9,-2.7061840905526235
BEL,FIN,9,-2.6429974220950285
BEL,FRA,9,-1.7177384870803407
BEL,GBR,9,-2.656680740924244
BEL,IRL,9,-3.051578754015531
BEL,ISR,9,-3.2268953694777336
BEL,ITA,9,-2.1335322748374237
BEL,JPN,9,-5.39980544010599
BEL,KOR,9,-5.6075308358341776
BEL,NLD,9,-1.3614365946556486
BEL,NOR,9,-2.9562145884784514
BEL,NZL,9,-6.062542256126433
BEL,PRT,9,-2.656857903987874
BEL,USA,9,-6.274162840152751
CAN,AUS,9,-6.395983011045547
CAN,AUT,9,-5.238897623823317
CAN,BEL,9,-5.600714550782164
CAN,DEU,9,-6.065330209693669
CAN,ESP,9,-6.327152776466623
CAN,FIN,9,-5.08476903502624
CAN,FRA,9,-5.509485209111895
CAN,GBR,9,-5.4995179418528926
CAN,IRL,9,-5.256227354404018
CAN,ISR,9,-5.680655860659067
CAN,ITA,9,-6.006094550534139
CAN,JPN,9,-6.261548280683075
CAN,KOR,9,-6.340941061512582
CAN,NLD,9,-6.007852172354316
CAN,NOR,9,-5.822051791314448
CAN,NZL,9,-6.009312314568509
CAN,PRT,9,-6.412070555050799
CAN,USA,9,-2.45085447795579
DEU,AUS,9,-5.507368175344798
DEU,AUT,9,-0.8719560949453451
DEU,BEL,9,-2.0353876789486023
DEU,CAN,9,-5.406996545830013
DEU,ESP,9,-2.4147831056370905
DEU,FIN,9,-2.495458684646536
DEU,FRA,9,-2.043445370359388
DEU,GBR,9,-2.8890989641538525
DEU,IRL,9,-3.0892674106710425
DEU,ISR,9,-3.4171878908030457
DEU,ITA,9,-1.892754945241105
DEU,JPN,9,-4.9165506935174825
DEU,KOR,9,-4.747096466595523
DEU,NLD,9,-1.7864979238689909
DEU,NOR,9,-2.5175839320846465
DEU,NZL,9,-5.408583383179893
DEU,PRT,9,-2.291761617062758
DEU,USA,9,-5.319332833401891
ESP,AUS,9,-6.94295809941657
ESP,AUT,9,-4.401119961797611
ESP,BEL,9,-4.3765349970480845
ESP,CAN,9,-6.557174635184988
ESP,DEU,9,-3.9861906912073914
ESP,FIN,9,-5.252513147292527
ESP,FRA,9,-3.0282405976232987
ESP,GBR,9,-4.622735000286171
ESP,IRL,9,-4.507975391993791
ESP,ISR,9,-5.269222116480043
ESP,ITA,9,-3.470410394367809
ESP,JPN,9,-6.884551239232322
ESP,KOR,9,-7.922782006054258
ESP,NLD,9,-4.477713393919309
ESP,NOR,9,-5.1462075513773655
ESP,NZL,9,-7.400708789658282
ESP,PRT,9,-1.3149658390013517
ESP,USA,9,-7.18900288137503
FIN,AUS,9,-8.282778268927022
FIN,AUT,9,-5.244718588949665
FIN,BEL,9,-5.816152653817447
FIN,CAN,9,-6.491554474190068
FIN,DEU,9,-5.099007524765085
FIN,ESP,9,-6.15644433409175
FIN,FRA,9,-5.4842936391430275
FIN,GBR,9,-5.874002694821037
FIN,IRL,9,-6.439573839855072
FIN,ISR,9,-7.097473739695327
FIN,ITA,9,-5.499508212804042
FIN,JPN,9,-8.547966455739843
FIN,KOR,9,-8.28734287151808
FIN,NLD,9,-5.149761031920361
FIN,NOR,9,-2.7868955168320313
FIN,NZL,9,-8.305759328736604
FIN,PRT,9,-5.128057497655174
FIN,USA,9,-8.0911060899785
FRA,AUS,9,-6.76636011043585
FRA,AUT,9,-3.568744518440671
FRA,BEL,9,-2.6873870116913268
FRA,CAN,9,-6.289437806482589
FRA,DEU,9,-3.0892991803455687
FRA,ESP,9,-2.811209523302605
FRA,FIN,9,-3.8598080282611478
FRA,GBR,9,-3.7718690040270086
FRA,IRL,9,-4.221346275083384
FRA,ISR,9,-4.794885813824396
FRA,ITA,9,-2.762535702506229
FRA,JPN,9,-6.23619440778334
FRA,KOR,9,-6.099134590041068
FRA,NLD,9,-3.689892660950552
FRA,NOR,9,-3.899867836475015
FRA,NZL,9,-6.5158927029907945
FRA,PRT,9,-3.0541687790901504
FRA,USA,9,-6.386467430541283
GBR,AUS,9,-5.618328577417142
GBR,AUT,9,-3.306792535211392
GBR,BEL,9,-2.978133998303051
GBR,CAN,9,-5.461617445567762
GBR,DEU,9,-3.188352503360186
GBR,ESP,9,-3.4192497962378767
GBR,FIN,9,-3.336809873843514
GBR,FRA,9,-3.04188936923349
GBR,IRL,9,-1.0564994373085113
GBR,ISR,9,-3.9115048640728993
GBR,ITA,9,-3.1516609897847623
GBR,JPN,9,-5.573588585442732
GBR,KOR,9,-5.8725286380007535
GBR,NLD,9,-3.3137479534933676
GBR,NOR,9,-3.1537542378740318
GBR,NZL,9,-5.403927463688516
GBR,PRT,9,-3.33727695363675
GBR,USA,9,-5.51021328895629
IRL,AUS,9,-8.065984179895924
IRL,AUT,9,-5.976077518869982
IRL,BEL,9,-6.162866121701632
IRL,CAN,9,-8.314840455654576
IRL,DEU,9,-4.986788116062356
IRL,ESP,9,-5.527785487522809
IRL,FIN,9,-5.5676082814217835
IRL,FRA,9,-4.532435520418325
IRL,GBR,9,-3.683275385880271
IRL,ISR,9,-6.854430718779464
IRL,ITA,9,-5.455280537652339
IRL,JPN,9,-7.593109508127201
IRL,KOR,9,-8.73683811201579
IRL,NLD,9,-5.286728139025738
IRL,NOR,9,-5.446410584218778
IRL,NZL,9,-7.299766841115418
IRL,PRT,9,-5.097591819726372
IRL,USA,9,-7.193978863435195
ISR,AUS,9,-6.726345426601079
ISR,AUT,9,-5.632819571544377
ISR,BEL,9,-4.244430743269459
ISR,CAN,9,-6.35648069405895
ISR,DEU,9,-5.309857168401056
ISR,ESP,9,-4.866521501531433
ISR,FIN,9,-5.7087458380939795
ISR,FRA,9,-5.298075259097358
ISR,GBR,9,-4.995385289811989
ISR,IRL,9,-5.697905974030595
ISR,ITA,9,-4.841043185877268
ISR,JPN,9,-8.13118729612264
ISR,KOR,9,-7.4624073169423815
ISR,NLD,9,-5.009205054981382
ISR,NOR,9,-5.570113067038437
ISR,NZL,9,-6.91691090566115
ISR,PRT,9,-5.148032087885385
ISR,USA,9,-6.420882258730438
ITA,AUS,9,-6.90384643780633
ITA,AUT,9,-3.55118056810119
ITA,BEL,9,-4.023561726932595
ITA,CAN,9,-6.794056320742717
ITA,DEU,9,-3.8476041226757656
ITA,ESP,9,-3.4182049754289445
ITA,FIN,9,-4.409946848154821
ITA,FRA,9,-3.250527489861325
ITA,GBR,9,-4.653472352958158
ITA,IRL,9,-4.818123583746589
ITA,ISR,9,-4.257676887822683
ITA,JPN,9,-6.9703070168921
ITA,KOR,9,-6.295422091575366
ITA,NLD,9,-4.408079624231066
ITA,NOR,9,-4.66468804331632
ITA,NZL,9,-7.037809438839057
ITA,PRT,9,-3.7778770398254986
ITA,USA,9,-7.071428619056782
JPN,AUS,9,-5.787599355530318
JPN,AUT,9,-5.324315371353743
JPN,BEL,9,-4.548358069262907
JPN,CAN,9,-5.647571325334992
JPN,DEU,9,-5.459794940942967
JPN,ESP,9,-6.072463321467142
JPN,FIN,9,-5.841991449075831
JPN,FRA,9,-5.494474613823106
JPN,GBR,9,-5.822836184912493
JPN,IRL,9,-5.698685030370724
JPN,ISR,9,-5.96784367540446
JPN,ITA,9,-5.5801285261682025
JPN,KOR,9,-3.2736977239142226
JPN,NLD,9,-5.53588948203379
JPN,NOR,9,-5.48982026974087
JPN,NZL,9,-6.205078763575985
JPN,PRT,9,-6.0531058734583
JPN,USA,9,-5.635666785346444
KOR,AUS,9,-6.2692147896513735
KOR,AUT,9,-5.4143983843627375
KOR,BEL,9,-5.492964741024343
KOR,CAN,9,-5.905476460917839
KOR,DEU,9,-5.907257152026302
KOR,ESP,9,-5.577297625751161
KOR,FIN,9,-5.429983292727526
KOR,FRA,9,-6.192014549363229
KOR,GBR,9,-5.955894862060282
KOR,IRL,9,-5.545536031584675
KOR,ISR,9,-5.153962884168459
KOR,ITA,9,-5.362634644417065
KOR,JPN,9,-4.583509097527427
KOR,NLD,9,-5.959240422212584
KOR,NOR,9,-5.172671236622545
KOR,NZL,9,-6.46392112259328
KOR,PRT,9,-6.031296424690561
KOR,USA,9,-5.846152611313203
NLD,AUS,9,-6.2066356490244825
NLD,AUT,9,-2.626551356620368
NLD,BEL,9,-1.1452053893302523
NLD,CAN,9,-6.305230999490166
NLD,DEU,9,-2.2503143219768034
NLD,ESP,9,-2.8047956945969266
NLD,FIN,9,-2.94007437342937
NLD,FRA,9,-2.4529367572318215
NLD,GBR,9,-2.8721153029611
NLD,IRL,9,-2.7812988804749947
NLD,ISR,9,-3.5317414286306796
NLD,ITA,9,-2.3477969169066286
NLD,JPN,9,-5.673331404196679
NLD,KOR,9,-5.758367075956361
NLD,NOR,9,-2.551567725802173
NLD,NZL,9,-5.705517358858479
NLD,PRT,9,-2.176885790685985
NLD,USA,9,-6.520630202864046
NOR,AUS,9,-8.370780470524556
NOR,AUT,9,-6.408518348378009
NOR,BEL,9,-6.525231439277285
NOR,CAN,9,-8.897105904455815
NOR,DEU,9,-6.589357767897043
NOR,ESP,9,-6.391738672835281
NOR,FIN,9,-3.9957780805037846
NOR,FRA,9,-8.06282537794149
NOR,GBR,9,-6.335467096583366
NOR,IRL,9,-6.903997969858369
NOR,ISR,9,-8.881064530007462
NOR,ITA,9,-8.046744652072475
NOR,JPN,9,-9.210822077594946
NOR,KOR,9,-8.281379065882948
NOR,NLD,9,-6.180257149075757
NOR,NZL,9,-9.351075544768953
NOR,PRT,9,-7.817869677737816
NOR,USA,9,-9.390134960124618
NZL,AUS,9,-3.6793833849230833
NZL,AUT,9,-9.083861012684984
NZL,BEL,9,-8.934537116279573
NZL,CAN,9,-7.54050572437192
NZL,DEU,9,-8.586088199995766
NZL,ESP,9,-9.032647972274091
NZL,FIN,9,-10.103019815550505
NZL,FRA,9,-8.782276909893728
NZL,GBR,9,-6.287499290309286
NZL,IRL,9,-6.837250885782776
NZL,ISR,9,-9.38089058893724
NZL,ITA,9,-8.535706453189752
NZL,JPN,9,-7.545588093189762
NZL,KOR,9,-7.165460534053448
NZL,NLD,9,-8.292440824430095
NZL,NOR,9,-8.51275406796298
NZL,PRT,9,-8.474695324680289
NZL,USA,9,-7.411132588878614
PRT,AUS,9,-9.332363593537472
PRT,AUT,9,-5.297828216996395
PRT,BEL,9,-5.458555761783611
PRT,CAN,9,-6.8870265061064275
PRT,DEU,9,-4.751468558909227
PRT,ESP,9,-3.5754685453446573
PRT,FIN,9,-6.754713040674904
PRT,FRA,9,-4.385438602730529
PRT,GBR,9,-5.967108470023529
PRT,IRL,9,-6.981482563055611
PRT,ISR,9,-7.074978452123161
PRT,ITA,9,-5.088670544708194
PRT,JPN,9,-10.028372245438185
PRT,KOR,9,-11.96458990114562
PRT,NLD,9,-6.149492554803517
PRT,NOR,9,-5.37168262939109
PRT,NZL,9,-8.72263705752186
PRT,USA,9,-8.379966393226645
USA,AUS,9,-3.9104779688960316
USA,AUT,9,-2.996826772423924
USA,BEL,9,-2.896030593608845
USA,CAN,9,-1.0567238949995326
USA,DEU,9,-3.3518464611842904
USA,ESP,9,-4.171571840915009
USA,FIN,9,-3.7766223817774818
USA,FRA,9,-3.3647375369574957
USA,GBR,9,-3.4382778075402904
USA,IRL,9,-2.1885050957628036
USA,ISR,9,-2.721358503980133
USA,ITA,9,-3.8947707789839883
USA,JPN,9,-3.119316401375357
USA,KOR,9,-3.207345179977079
USA,NLD,9,-2.8489650863663
USA,NOR,9,-3.4827407303355877
USA,NZL,9,-4.165784344181079
USA,PRT,9,-4.931677207237222
AUS,AUT,10,-7.61626595376228
AUS,BEL,10,-9.287367646292129
AUS,CAN,10,-8.505768710444212
AUS,DEU,10,-7.552228885829184
AUS,ESP,10,-9.755056177732767
AUS,FIN,10,-8.25708670282108
AUS,FRA,10,-8.966025456517556
AUS,GBR,10,-7.263000761528971
AUS,IRL,10,-9.263526353094194
AUS,ISR,10,-8.033044291460888
AUS,ITA,10,-8.930853926609409
AUS,JPN,10,-6.218073260192321
AUS,KOR,10,-7.068087675880138
AUS,NLD,10,-8.15428678126714
AUS,NOR,10,-8.657945225120448
AUS,NZL,10,-3.0703127007735374
AUS,PRT,10,-8.809716308190803
AUS,USA,10,-7.462793145253348
AUT,AUS,10,-7.932596980350268
AUT,BEL,10,-6.286334160181215
AUT,CAN,10,-7.104704134550582
AUT,DEU,10,-4.918841617064461
AUT,ESP,10,-6.282312963380885
AUT,FIN,10,-5.868921048894005
AUT,FRA,10,-5.7920393184291035
AUT,GBR,10,-6.374557111538663
AUT,IRL,10,-6.403560371866093
AUT,ISR,10,-6.400229704123166
AUT,ITA,10,-4.667518041816854
AUT,JPN,10,-7.282242487094103
AUT,KOR,10,-6.7096308842577495
AUT,NLD,10,-5.795562007161842
AUT,NOR,10,-5.291572936671889
AUT,NZL,10,-8.431557199281764
AUT,PRT,10,-6.304328345151179
AUT,USA,10,-7.65959415087217
BEL,AUS,10,-7.475727732583603
BEL,AUT,10,-4.0329607693231795
BEL,CAN,10,-7.035945047611555
BEL,DEU,10,-3.3987833396041935
BEL,ESP,10,-4.227360696357629
BEL,FIN,10,-4.407991532725241
BEL,FRA,10,-2.566952507033289
BEL,GBR,10,-3.9712767309594987
BEL,IRL,10,-3.716410724776919
BEL,ISR,10,-4.562067159542537
BEL,ITA,10,-3.86883570658681
BEL,JPN,10,-7.19215971927739
BEL,KOR,10,-8.29318741392639
BEL,NLD,10,-1.7491210449939325
BEL,NOR,10,-3.531826739594922
BEL,NZL,10,-6.775610822151086
BEL,PRT,10,-4.125701208590568
BEL,USA,10,-8.039026229857216
CAN,AUS,10,-7.522005623509647
CAN,AUT,10,-7.073624379548538
CAN,BEL,10,-5.6878537042195
CAN,DEU,10,-7.045107865204309
CAN,ESP,10,-6.532178740787091
CAN,FIN,10,-6.888855471777505
CAN,FRA,10,-6.1001397874551815
CAN,GBR,10,-6.579174857328657
CAN,IRL,10,-6.262044885539388
CAN,ISR,10,-6.29567005123152
CAN,ITA,10,-6.899596362710608
CAN,JPN,10,-7.855739551121402
CAN,KOR,10,-7.959138080120986
CAN,NLD,10,-8.300759777671074
CAN,NOR,10,-6.78028358559909
CAN,NZL,10,-7.165741709903301
CAN,PRT,10,-6.704145580534678
CAN,USA,10,-4.0772744214576955
DEU,AUS,10,-6.156501811802652
DEU,AUT,10,-1.4678778481912755
DEU,BEL,10,-2.8311356171523987
DEU,CAN,10,-5.973408675323036
DEU,ESP,10,-3.8130143455840027
DEU,FIN,10,-3.36909984618196
DEU,FRA,10,-3.046322729974871
DEU,GBR,10,-3.7702663710916338
DEU,IRL,10,-3.8574749975537066
DEU,ISR,10,-4.017093891883535
DEU,ITA,10,-3.0788623149501464
DEU,JPN,10,-5.150663786594583
DEU,KOR,10,-5.45965971625945
DEU,NLD,10,-2.208248457686187
DEU,NOR,10,-2.662175766171148
DEU,NZL,10,-5.9356882613554856
DEU,PRT,10,-3.3018232644941876
DEU,USA,10,-6.0810321129703055
ESP,AUS,10,-7.267253602388084
ESP,AUT,10,-5.785183813199925
ESP,BEL,10,-5.249033956962683
ESP,CAN,10,-7.242011208248554
ESP,DEU,10,-5.327369374813947
ESP,FIN,10,-5.801242504000668
ESP,FRA,10,-3.842880079718628
ESP,GBR,10,-4.781597375773134
ESP,IRL,10,-4.326001999473367
ESP,ISR,10,-4.378947414722994
ESP,ITA,10,-5.026420402837824
ESP,JPN,10,-7.743290043122397
ESP,KOR,10,-7.041288677407626
ESP,NLD,10,-5.399649743396435
ESP,NOR,10,-4.858353887322986
ESP,NZL,10,-7.131658958343506
ESP,PRT,10,-1.9527943620254198
ESP,USA,10,-6.950327871756421
FIN,AUS,10,-9.248988202574427
FIN,AUT,10,-5.790780775294228
FIN,BEL,10,-4.757224436360453
FIN,CAN,10,-8.37702606661361
FIN,DEU,10,-5.716324815454392
FIN,ESP,10,-6.590954628109927
FIN,FRA,10,-6.59705225238422
FIN,GBR,10,-6.257285919212041
FIN,IRL,10,-8.156971419071942
FIN,ISR,10,-8.26842260786588
FIN,ITA,10,-6.292936935854978
FIN,JPN,10,-8.52404398000918
FIN,KOR,10,-8.650262028051733
FIN,NLD,10,-6.377624005753189
FIN,NOR,10,-3.48252832973345
FIN,NZL,10,-8.92411829378986
FIN,PRT,10,-6.374819890098726
FIN,USA,10,-8.58261093004213
FRA,AUS,10,-6.78997029390969
FRA,AUT,10,-4.161447124136815
FRA,BEL,10,-3.104333360657752
FRA,CAN,10,-6.289230177144429
FRA,DEU,10,-3.831364247411603
FRA,ESP,10,-3.687168290642701
FRA,FIN,10,-4.921395146755185
FRA,GBR,10,-4.264161517551089
FRA,IRL,10,-4.8283713341987085
FRA,ISR,10,-4.871937124127901
FRA,ITA,10,-3.4782585886526434
FRA,JPN,10,-5.824142720972128
FRA,KOR,10,-6.265304559450472
FRA,NLD,10,-4.093677813397045
FRA,NOR,10,-4.012838328630969
FRA,NZL,10,-6.7808795942620845
FRA,PRT,10,-3.702474573597075
FRA,USA,10,-6.763194728835889
GBR,AUS,10,-6.13092490528011
GBR,AUT,10,-4.845487501345858
GBR,BEL,10,-3.9381873899053694
GBR,CAN,10,-5.8782307098405315
GBR,DEU,10,-4.373052282015055
GBR,ESP,10,-4.798136234380063
GBR,FIN,10,-3.9551316833270205
GBR,FRA,10,-4.282229731151914
GBR,IRL,10,-1.4192147233019783
GBR,ISR,10,-4.577643074457061
GBR,ITA,10,-4.083598423411734
GBR,JPN,10,-5.5605536464294625
GBR,KOR,10,-6.127229515364349
GBR,NLD,10,-4.163278703148814
GBR,NOR,10,-3.1616647585438695
GBR,NZL,10,-5.745897697453794
GBR,PRT,10,-4.503920365387416
GBR,USA,10,-6.507202147060557
IRL,AUS,10,-9.58126792028227
IRL,AUT,10,-8.163419990072384
IRL,BEL,10,-6.307142646652524
IRL,CAN,10,-8.692703744984293
IRL,DEU,10,-7.220598742451786
IRL,ESP,10,-7.546006562614646
IRL,FIN,10,-8.29762033202669
IRL,FRA,10,-6.506144714232688
IRL,GBR,10,-5.1709564946164175
IRL,ISR,10,-8.622087518444818
IRL,ITA,10,-8.301760366178787
IRL,JPN,10,-9.696049192101789
IRL,KOR,10,-10.695331281282037
IRL,NLD,10,-7.933597571117282
IRL,NOR,10,-7.6648980742967625
IRL,NZL,10,-10.48975973253652
IRL,PRT,10,-9.934814146380788
IRL,USA,10,-8.386371494155002
ISR,AUS,10,-7.098878430401906
ISR,AUT,10,-6.786451566476199
ISR,BEL,10,-8.154273859134221
ISR,CAN,10,-8.563089828834398
ISR,DEU,10,-8.053822045540173
ISR,ESP,10,-6.666708789500638
ISR,FIN,10,-8.418142791304042
ISR,FRA,10,-7.945874841814482
ISR,GBR,10,-7.723697505529509
ISR,IRL,10,-6.5973758299438545
ISR,ITA,10,-5.704143653855797
ISR,JPN,10,-9.647452770153553
ISR,KOR,10,-9.14468922792511
ISR,NLD,10,-7.218524422637064
ISR,NOR,10,-9.682952996647842
ISR,NZL,10,-8.29335285145132
ISR,PRT,10,-7.935930859198177
ISR,USA,10,-7.97511418734959
ITA,AUS,10,-6.362281239558804
ITA,AUT,10,-3.5992165582502844
ITA,BEL,10,-4.6034180928516655
ITA,CAN,10,-5.77261361539303
ITA,DEU,10,-4.383009785879931
ITA,ESP,10,-4.478481006311346
ITA,FIN,10,-5.102609977291994
ITA,FRA,10,-3.677691480774846
ITA,GBR,10,-5.037601422855964
ITA,IRL,10,-5.018090078614913
ITA,ISR,10,-4.317875017179969
ITA,JPN,10,-6.816347885066067
ITA,KOR,10,-6.782619014621071
ITA,NLD,10,-4.772291020398699
ITA,NOR,10,-4.13713882963897
ITA,NZL,10,-6.312946437433172
ITA,PRT,10,-4.425705433491794
ITA,USA,10,-6.14409227192763
JPN,AUS,10,-6.389503110046936
JPN,AUT,10,-5.767410566189588
JPN,BEL,10,-4.994185381125442
JPN,CAN,10,-6.12396149105389
JPN,DEU,10,-5.3279376690938935
JPN,ESP,10,-6.9922207829884435
JPN,FIN,10,-6.634809550874609
JPN,FRA,10,-5.7062313291682525
JPN,GBR,10,-6.279335403100566
JPN,IRL,10,-7.2720165465761895
JPN,ISR,10,-6.17726093681666
JPN,ITA,10,-6.153886509007419
JPN,KOR,10,-3.4185819301073717
JPN,NLD,10,-5.652871159624624
JPN,NOR,10,-6.103183923241115
JPN,NZL,10,-6.690989802977455
JPN,PRT,10,-7.194700432489448
JPN,USA,10,-6.440963171193838
KOR,AUS,10,-7.148008725334462
KOR,AUT,10,-6.006502710255189
KOR,BEL,10,-5.753926004652714
KOR,CAN,10,-7.324479416369493
KOR,DEU,10,-5.749083855975657
KOR,ESP,10,-6.8561755979524825
KOR,FIN,10,-7.4862655102478275
KOR,FRA,10,-6.0171089232155435
KOR,GBR,10,-7.522474940964996
KOR,IRL,10,-9.500676447294623
KOR,ISR,10,-6.6742990952865595
KOR,ITA,10,-6.086267456173607
KOR,JPN,10,-4.95042541890691
KOR,NLD,10,-6.575946629648477
KOR,NOR,10,-6.589325398971757
KOR,NZL,10,-7.094867809012052
KOR,PRT,10,-6.485776886705196
KOR,USA,10,-6.8980357000861
NLD,AUS,10,-7.538592418714549
NLD,AUT,10,-4.600695393350853
NLD,BEL,10,-2.658395196079676
NLD,CAN,10,-7.505008235329414
NLD,DEU,10,-4.09691480658841
NLD,ESP,10,-5.774156447094287
NLD,FIN,10,-5.201804667037338
NLD,FRA,10,-4.522362416400318
NLD,GBR,10,-4.7612665849371245
NLD,IRL,10,-4.308012002246976
NLD,ISR,10,-6.037189993866843
NLD,ITA,10,-5.176898165697493
NLD,JPN,10,-7.757773848462534
NLD,KOR,10,-7.099866091603964
NLD,NOR,10,-3.7491022648066785
NLD,NZL,10,-7.295136255810108
NLD,PRT,10,-4.194377586005694
NLD,USA,10,-8.613300675509645
NOR,AUS,10,-10.802718570350743
NOR,AUT,10,-8.699676624637926
NOR,BEL,10,-8.20268845052959
NOR,CAN,10,-10.098577841708039
NOR,DEU,10,-8.010220416842767
NOR,ESP,10,-8.792980398413098
NOR,FIN,10,-6.16134488498823
NOR,FRA,10,-9.637928520886852
NOR,GBR,10,-8.543598379273513
NOR,IRL,10,-7.41647466358776
NOR,ISR,10,-9.414673689448348
NOR,ITA,10,-10.106737627575384
NOR,JPN,10,-11.949512781623387
NOR,KOR,10,-9.77365735096721
NOR,NLD,10,-8.572879642084192
NOR,NZL,10,-12.084564340734875
NOR,PRT,10,-9.060781016542034
NOR,USA,10,-9.64308568258407
NZL,AUS,10,-6.07256058642739
NZL,AUT,10,-10.318189600187228
NZL,BEL,10,-11.79892168669901
NZL,CAN,10,-9.310433598324238
NZL,DEU,10,-11.15082573476878
NZL,ESP,10,-8.122548175903322
NZL,FIN,10,-9.989564166995052
NZL,FRA,10,-10.189856909338989
NZL,GBR,10,-8.884983135218324
NZL,IRL,10,-7.258717249580179
NZL,ISR,10,-10.735311260639744
NZL,ITA,10,-8.432206512853693
NZL,JPN,10,-10.52341477999984
NZL,KOR,10,-11.110088722512607
NZL,NLD,10,-8.298420625140821
NZL,NOR,10,-9.611992704248035
NZL,PRT,10,-11.128829361964385
NZL,USA,10,-10.604480814505443
PRT,AUS,10,-9.523145115301629
PRT,AUT,10,-7.851165391115912
PRT,BEL,10,-6.840380410672128
PRT,CAN,10,-9.146282047028798
PRT,DEU,10,-7.098764771089309
PRT,ESP,10,-4.736403178257785
PRT,FIN,10,-7.062287672920073
PRT,FRA,10,-5.763402482524752
PRT,GBR,10,-6.761098574584508
PRT,IRL,10,-7.044236966747874
PRT,ISR,10,-7.0168136247495765
PRT,ITA,10,-7.109254359599026
PRT,JPN,10,-9.775751876165337
PRT,KOR,10,-10.160755172010624
PRT,NLD,10,-6.8195069583668655
PRT,NOR,10,-6.082355961607381
PRT,NZL,10,-9.204390166233857
PRT,USA,10,-9.472439477443405
USA,AUS,10,-4.463696207926584
USA,AUT,10,-2.940483001380027
USA,BEL,10,-3.6684303588879024
USA,CAN,10,-1.065973659749579
USA,DEU,10,-2.8182617865658264
USA,ESP,10,-3.931227685494555
USA,FIN,10,-4.1042477239800865
USA,FRA,10,-3.381301235214404
USA,GBR,10,-3.474890710300282
USA,IRL,10,-2.846613048691677
USA,ISR,10,-2.716256538282124
USA,ITA,10,-3.810733129378522
USA,JPN,10,-3.1193886774084563
USA,KOR,10,-3.1943381478753254
USA,NLD,10,-3.461412077786254
USA,NOR,10,-3.393306052492834
USA,NZL,10,-4.373265195321216
USA,PRT,10,-3.927119066715531
AUS,AUT,11,-5.807809610024684
AUS,BEL,11,-4.314087697077278
AUS,CAN,11,-6.864500477292788
AUS,DEU,11,-8.04273104358431
AUS,ESP,11,-4.227571559526895
AUS,FIN,11,-2.4657008194862553
AUS,FRA,11,-5.895343669109899
AUS,GBR,11,-4.252854445283486
AUS,IRL,11,-7.291822797111767
AUS,ISR,11,-6.029473815364067
AUS,ITA,11,-4.530371737461984
AUS,JPN,11,-3.8690944514782886
AUS,KOR,11,-3.7806574223955756
AUS,NLD,11,-5.608092755971903
AUS,NOR,11,-4.694319427623155
AUS,NZL,11,-2.0838526062921074
AUS,PRT,11,-12.052287756499823
AUS,USA,11,-6.234153794612009
AUT,AUS,11,-7.150180559500463
AUT,BEL,11,-4.080979873093854
AUT,CAN,11,-7.3937093571057515
AUT,DEU,11,-2.798120238414973
AUT,ESP,11,-5.254410558663587
AUT,FIN,11,-4.618232424595238
AUT,FRA,11,-4.2535492072480565
AUT,GBR,11,-5.210237343956312
AUT,IRL,11,-5.260797130263352
AUT,ISR,11,-5.061654582765531
AUT,ITA,11,-3.220501952495284
AUT,JPN,11,-7.363534749900871
AUT,KOR,11,-8.228087299065228
AUT,NLD,11,-4.2946218967864525
AUT,NOR,11,-5.148383301256308
AUT,NZL,11,-7.644460855344877
AUT,PRT,11,-4.963960091512981
AUT,USA,11,-7.214213638017501
BEL,AUS,11,-6.8344547070975254
BEL,AUT,11,-3.1783864007861498
BEL,CAN,11,-5.997059470584162
BEL,DEU,11,-2.1517283207959714
BEL,ESP,11,-3.1509697480697323
BEL,FIN,11,-2.861776954119792
BEL,FRA,11,-1.4387970563221708
BEL,GBR,11,-3.589816362158844
BEL,IRL,11,-3.5951805689370753
BEL,ISR,11,-3.362776722305953
BEL,ITA,11,-2.8999595679573362
BEL,JPN,11,-7.07054687738685
BEL,KOR,11,-6.281686130805357
BEL,NLD,11,-2.1149383412699603
BEL,NOR,11,-2.8055063410652847
BEL,NZL,11,-7.16485036320195
BEL,PRT,11,-2.622420659550718
BEL,USA,11,-6.686407783783509
CAN,AUS,11,-5.886638209841
CAN,AUT,11,-4.84395581928585
CAN,BEL,11,-3.2925041852691095
CAN,DEU,11,-4.489057344703387
CAN,ESP,11,-4.979420302509985
CAN,FIN,11,-3.7724952697905128
CAN,FRA,11,-4.436200075819796
CAN,GBR,11,-3.007217789020361
CAN,IRL,11,-5.461973599268441
CAN,ISR,11,-4.791511137906483
CAN,ITA,11,-4.960897562506842
CAN,JPN,11,-4.314909106326614
CAN,KOR,11,-4.980852303379154
CAN,NLD,11,-3.9727332756120983
CAN,NOR,11,-0.32831496868049026
CAN,NZL,11,-5.9150013952422995
CAN,PRT,11,-5.243493780214115
CAN,USA,11,-2.59576735197193
DEU,AUS,11,-5.43648505520109
DEU,AUT,11,-0.7230929950559439
DEU,BEL,11,-1.8928155415468633
DEU,CAN,11,-4.775162654609968
DEU,ESP,11,-2.2958792007875557
DEU,FIN,11,-1.7478200967179858
DEU,FRA,11,-1.5118001808386996
DEU,GBR,11,-2.7455421505547672
DEU,IRL,11,-2.277392277285391
DEU,ISR,11,-3.353397406255466
DEU,ITA,11,-1.8956821710810432
DEU,JPN,11,-5.776004635616147
DEU,KOR,11,-5.234311476314928
DEU,NLD,11,-1.4324457387242635
DEU,NOR,11,-1.99713355673019
DEU,NZL,11,-5.514526566255466
DEU,PRT,11,-1.564225497057054
DEU,USA,11,-5.252803614217396
ESP,AUS,11,-7.715802597425009
ESP,AUT,11,-4.604284471548814
ESP,BEL,11,-4.245417113731415
ESP,CAN,11,-6.7764853256943605
ESP,DEU,11,-4.020985051302899
ESP,FIN,11,-4.263519646540782
ESP,FRA,11,-3.139563138559445
ESP,GBR,11,-4.57460787507544
ESP,IRL,11,-4.457444244100375
ESP,ISR,11,-5.6270591829459375
ESP,ITA,11,-3.3680207723412177
ESP,JPN,11,-7.2221121863849875
ESP,KOR,11,-8.512845575087919
ESP,NLD,11,-4.316029447635195
ESP,NOR,11,-5.932052719628243
ESP,NZL,11,-8.015967254536513
ESP,PRT,11,-0.7619193881936892
ESP,USA,11,-7.538583730446442
FIN,AUS,11,-8.560706183916455
FIN,AUT,11,-4.503286664149879
FIN,BEL,11,-5.703118675763021
FIN,CAN,11,-7.434891223892349
FIN,DEU,11,-4.338130754722444
FIN,ESP,11,-5.70210945425878
FIN,FRA,11,-5.210315161406481
FIN,GBR,11,-5.585240984271962
FIN,IRL,11,-4.751636914072655
FIN,ISR,11,-7.1760497884040575
FIN,ITA,11,-5.140774366843527
FIN,JPN,11,-7.168720370349577
FIN,KOR,11,-6.677460369922871
FIN,NLD,11,-3.1443263456271886
FIN,NOR,11,-3.949389920850523
FIN,NZL,11,-8.032017233850224
FIN,PRT,11,-4.912969812456073
FIN,USA,11,-8.473967167706931
FRA,AUS,11,-6.700889221972864
FRA,AUT,11,-3.1103209366423235
FRA,BEL,11,-1.7445816401194796
FRA,CAN,11,-5.71256215028494
FRA,DEU,11,-2.377263177468185
FRA,ESP,11,-2.169706289693729
FRA,FIN,11,-3.513145989716566
FRA,GBR,11,-3.4320168205614046
FRA,IRL,11,-2.5739557725178583
FRA,ISR,11,-4.101196672667132
FRA,ITA,11,-2.2953187864306983
FRA,JPN,11,-6.910103512165754
FRA,KOR,11,-6.42697072426346
FRA,NLD,11,-3.401751719956792
FRA,NOR,11,-4.0697844552600815
FRA,NZL,11,-6.4179988597057065
FRA,PRT,11,-2.18755822503946
FRA,USA,11,-6.438910642775059
GBR,AUS,11,-3.3977433654617526
GBR,AUT,11,-2.5107254188763295
GBR,BEL,11,-1.8851325208977965
GBR,CAN,11,-4.4389124867059575
GBR,DEU,11,-1.717559474887738
GBR,ESP,11,-2.0049190261696777
GBR,FIN,11,-1.9255527016411236
GBR,FRA,11,-1.73743942295361
GBR,IRL,11,0.0
GBR,ISR,11,-1.8892824007049707
GBR,ITA,11,-2.0477912160523988
GBR,JPN,11,-4.859609823928567
GBR,KOR,11,-4.743858131912504
GBR,NLD,11,-2.1822976988491227
GBR,NOR,11,-1.8776255467622756
GBR,NZL,11,-4.650072195699478
GBR,PRT,11,-1.3941269719524207
GBR,USA,11,-4.710058399697785
IRL,AUS,11,-8.566508406348927
IRL,AUT,11,-5.262172592484451
IRL,BEL,11,-7.200129928346861
IRL,CAN,11,-9.688225814031119
IRL,DEU,11,-7.46313940568275
IRL,ESP,11,-7.993897146509366
IRL,FIN,11,-7.18217331999717
IRL,FRA,11,-7.964916707874599
IRL,GBR,11,-4.577681991113004
IRL,ISR,11,-9.794212965121197
IRL,ITA,11,-7.909020608593626
IRL,JPN,11,-11.685209944008855
IRL,KOR,11,-10.990658050576776
IRL,NLD,11,-8.070478523618439
IRL,NOR,11,-8.141879374346837
IRL,NZL,11,-10.015416692915997
IRL,PRT,11,-7.5080493023446
IRL,USA,11,-10.848054092440428
ISR,AUS,11,-9.478727783757027
ISR,AUT,11,-6.947528108808566
ISR,BEL,11,-5.272602830535233
ISR,CAN,11,-8.155850808199473
ISR,DEU,11,-6.64298936017825
ISR,ESP,11,-6.214829960044176
ISR,FIN,11,-7.216282765459468
ISR,FRA,11,-6.772631500016583
ISR,GBR,11,-6.187604730032334
ISR,IRL,11,-5.036918016324115
ISR,ITA,11,-6.298030414163346
ISR,JPN,11,-9.678483055242639
ISR,KOR,11,-10.336776353766126
ISR,NLD,11,-6.090298589960863
ISR,NOR,11,-5.887383606643853
ISR,NZL,11,-8.526262207103882
ISR,PRT,11,-5.097085620060316
ISR,USA,11,-7.268126501006975
ITA,AUS,11,-6.530544209498465
ITA,AUT,11,-2.4073087641337447
ITA,BEL,11,-3.928342100209778
ITA,CAN,11,-6.396597745415522
ITA,DEU,11,-2.9799563138737906
ITA,ESP,11,-2.5407922273841246
ITA,FIN,11,-3.49888026953953
ITA,FRA,11,-2.4367838460918847
ITA,GBR,11,-4.219823625408782
ITA,IRL,11,-3.8833184779389676
ITA,ISR,11,-3.377817473829513
ITA,JPN,11,-8.686892040798531
ITA,KOR,11,-6.974511206021239
ITA,NLD,11,-3.7174385973978588
ITA,NOR,11,-3.8685220367035296
ITA,NZL,11,-5.608564024462143
ITA,PRT,11,-2.1985571256433696
ITA,USA,11,-6.768445467336793
JPN,AUS,11,-5.167875210234357
JPN,AUT,11,-5.872967897499031
JPN,BEL,11,-6.225527036187369
JPN,CAN,11,-6.051998013424363
JPN,DEU,11,-6.140429175571597
JPN,ESP,11,-7.179971210526633
JPN,FIN,11,-6.204912537517854
JPN,FRA,11,-6.236755656840595
JPN,GBR,11,-5.547476310028342
JPN,IRL,11,-5.709482953787774
JPN,ISR,11,-4.816077901712315
JPN,ITA,11,-6.454512587955131
JPN,KOR,11,-3.36793785456902
JPN,NLD,11,-5.737105976231286
JPN,NOR,11,-3.2960598274098194
JPN,NZL,11,-4.608646032278113
JPN,PRT,11,-5.180440524107228
JPN,USA,11,-6.313149896417411
KOR,AUS,11,-5.0007227541486134
KOR,AUT,11,-6.351574547095661
KOR,BEL,11,-4.663772281365053
KOR,CAN,11,-5.492674651271725
KOR,DEU,11,-6.1557322591892225
KOR,ESP,11,-5.63220065904294
KOR,FIN,11,-6.8366587783315245
KOR,FRA,11,-6.677909131846159
KOR,GBR,11,-6.147051539870943
KOR,IRL,11,-5.585129970510868
KOR,ISR,11,-5.388582609246567
KOR,ITA,11,-5.345762670168948
KOR,JPN,11,-3.8015803777765607
KOR,NLD,11,-5.945010502185947
KOR,NOR,11,-7.409666109841837
KOR,NZL,11,-3.978401487493028
KOR,PRT,11,-4.665800618375488
KOR,USA,11,-5.868927394860476
NLD,AUS,11,-6.5730719855442095
NLD,AUT,11,-1.9914854049255832
NLD,BEL,11,-0.43141005169344937
NLD,CAN,11,-5.995432360450524
NLD,DEU,11,-1.3221137781824746
NLD,ESP,11,-2.330638032833556
NLD,FIN,11,-2.2180876567913295
NLD,FRA,11,-1.835424817556941
NLD,GBR,11,-2.810127623683531
NLD,IRL,11,-2.582986032121919
NLD,ISR,11,-3.1127246053058597
NLD,ITA,11,-1.809187274260466
NLD,JPN,11,-7.365023721568397
NLD,KOR,11,-5.598101298961514
NLD,NOR,11,-2.1372356113942934
NLD,NZL,11,-5.878828035172804
NLD,PRT,11,-1.393130509255947
NLD,USA,11,-5.86819417920407
NOR,AUS,11,-7.011244594441054
NOR,AUT,11,-3.702033597471109
NOR,BEL,11,-4.046156056319359
NOR,CAN,11,-5.946818603838335
NOR,DEU,11,-2.5973764024906973
NOR,ESP,11,-3.2989939570074993
NOR,FIN,11,-1.338634981493228
NOR,FRA,11,-2.999446578065113
NOR,GBR,11,-2.9746665140897752
NOR,IRL,11,-3.0360564643525034
NOR,ISR,11,-6.523338649062933
NOR,ITA,11,-3.5605810993590925
NOR,JPN,11,-5.1814331010951244
NOR,KOR,11,-6.46027941628121
NOR,NLD,11,-1.2761814895120789
NOR,NZL,11,-7.488020198207832
NOR,PRT,11,-0.2302577480508632
NOR,USA,11,-5.7768624889370965
NZL,AUS,11,-3.53818373156037
NZL,AUT,11,-5.7599247113665495
NZL,BEL,11,-11.188489308886673
NZL,CAN,11,-6.770023819906626
NZL,DEU,11,-6.243672171842679
NZL,ESP,11,-9.27098190317833
NZL,FIN,11,-9.563892361639278
NZL,FRA,11,-6.297608306584577
NZL,GBR,11,-7.370469949075913
NZL,IRL,11,-7.839023996170917
NZL,ISR,11,-9.276105956958618
NZL,ITA,11,-8.155624026761613
NZL,JPN,11,-4.324729087884851
NZL,KOR,11,-6.700333291864883
NZL,NLD,11,-7.402683271589892
NZL,NOR,11,-10.298265202182794
NZL,PRT,11,-11.783835631431776
NZL,USA,11,-7.0091396273076345
PRT,AUS,11,-13.16543704361004
PRT,AUT,11,-7.3553849058930245
PRT,BEL,11,-6.23339618157477
PRT,CAN,11,-9.960649743955807
PRT,DEU,11,-7.227476654241469
PRT,ESP,11,-2.501638783495822
PRT,FIN,11,-9.603677526411115
PRT,FRA,11,-5.8912231413088065
PRT,GBR,11,-6.851376692064303
PRT,IRL,11,-5.378622717613896
PRT,ISR,11,-7.01950297246898
PRT,ITA,11,-6.7025250324453145
PRT,JPN,11,-12.183968445771923
PRT,KOR,11,-11.887406779085449
PRT,NLD,11,-8.065895350576817
PRT,NOR,11,-10.524158956126993
PRT,NZL,11,-12.820253151832384
PRT,USA,11,-10.73120533254578
USA,AUS,11,-3.913150263462942
USA,AUT,11,-2.9458400919934853
USA,BEL,11,-2.471192380629943
USA,CAN,11,-0.7987759381663149
USA,DEU,11,-2.6416143869575306
USA,ESP,11,-3.528818155539886
USA,FIN,11,-3.490446952013529
USA,FRA,11,-2.463136752931118
USA,GBR,11,-2.1717155489716484
USA,IRL,11,-1.5471721477176539
USA,ISR,11,-1.1934388743210893
USA,ITA,11,-2.7047667747896726
USA,JPN,11,-3.3716407148496783
USA,KOR,11,-3.6044274215762915
USA,NLD,11,-3.5625089839429025
USA,NOR,11,-2.8508533370974494
USA,NZL,11,-4.0014344750941
USA,PRT,11,-4.819511067600705
AUS,AUT,12,-7.263857823421049
AUS,BEL,12,-7.200934260326567
AUS,CAN,12,-7.531961012053466
AUS,DEU,12,-7.790307662130002
AUS,ESP,12,-7.96973281700869
AUS,FIN,12,-8.656911817697601
AUS,FRA,12,-7.14958691757215
AUS,GBR,12,-6.761840094099017
AUS,IRL,12,-6.387993597699853
AUS,ISR,12,-7.047468660803596
AUS,ITA,12,-8.013472957418287
AUS,JPN,12,-7.679339538407137
AUS,KOR,12,-6.716011706878999
AUS,NLD,12,-7.216017383473289
AUS,NOR,12,-7.906947063711008
AUS,NZL,12,-3.1746728944335523
AUS,PRT,12,-7.871987937083515
AUS,USA,12,-7.79130383279659
AUT,AUS,12,-7.915095347355318
AUT,BEL,12,-5.635977613358154
AUT,CAN,12,-7.8123799029573675
AUT,DEU,12,-4.0268041287174965
AUT,ESP,12,-5.854394032741694
AUT,FIN,12,-5.437949166395693
AUT,FRA,12,-5.325474043491922
AUT,GBR,12,-6.333549268206044
AUT,IRL,12,-6.794241231584711
AUT,ISR,12,-6.434893624705544
AUT,ITA,12,-4.439545572992597
AUT,JPN,12,-8.286125330708744
AUT,KOR,12,-9.193916998387149
AUT,NLD,12,-5.969249403802239
AUT,NOR,12,-5.536215728021892
AUT,NZL,12,-7.561594556715018
AUT,PRT,12,-5.472024099410756
AUT,USA,12,-7.880140043951957
BEL,AUS,12,-7.827629239124117
BEL,AUT,12,-4.799617422194825
BEL,CAN,12,-8.122837264269624
BEL,DEU,12,-4.383042625588836
BEL,ESP,12,-4.727430549022212
BEL,FIN,12,-4.733730910489932
BEL,FRA,12,-2.9222687804450467
BEL,GBR,12,-4.73525943332079
BEL,IRL,12,-4.876069480653315
BEL,ISR,12,-5.707657008661844
BEL,ITA,12,-4.163406922189376
BEL,JPN,12,-7.7713234833418
BEL,KOR,12,-8.632380341144717
BEL,NLD,12,-2.5546544083945246
BEL,NOR,12,-4.604423600503582
BEL,NZL,12,-8.133414470670095
BEL,PRT,12,-4.198408870848745
BEL,USA,12,-8.337152829000786
CAN,AUS,12,-6.475555848908449
CAN,AUT,12,-4.085955553890777
CAN,BEL,12,-6.733679573804109
CAN,DEU,12,-6.602230641317993
CAN,ESP,12,-5.956550605919581
CAN,FIN,12,-5.274814525584322
CAN,FRA,12,-5.794040872101938
CAN,GBR,12,-5.748040855727192
CAN,IRL,12,-5.316259121443506
CAN,ISR,12,-6.219633053108041
CAN,ITA,12,-6.07833229982649
CAN,JPN,12,-5.604584298753574
CAN,KOR,12,-6.805316106202488
CAN,NLD,12,-5.874147504537499
CAN,NOR,12,-6.071173071005687
CAN,NZL,12,-6.407292847422202
CAN,PRT,12,-6.81449849409133
CAN,USA,12,-3.4405812336001804
DEU,AUS,12,-6.217293122171755
DEU,AUT,12,-1.2365904654750075
DEU,BEL,12,-2.7493241508775337
DEU,CAN,12,-5.9397844343656026
DEU,ESP,12,-3.2123967754383806
DEU,FIN,12,-3.0288043680462375
DEU,FRA,12,-2.7625127835793557
DEU,GBR,12,-3.7152837194293418
DEU,IRL,12,-3.839571120811549
DEU,ISR,12,-4.263237811417733
DEU,ITA,12,-2.8978421904298854
DEU,JPN,12,-6.161495674800085
DEU,KOR,12,-5.240927738596653
DEU,NLD,12,-2.493751284377344
DEU,NOR,12,-3.518280055191235
DEU,NZL,12,-6.125689418628623
DEU,PRT,12,-3.278644777288107
DEU,USA,12,-6.187087593701255
ESP,AUS,12,-8.546394769356056
ESP,AUT,12,-5.722486422275396
ESP,BEL,12,-5.6455557676586965
ESP,CAN,12,-8.999805919501561
ESP,DEU,12,-5.325702751920628
ESP,FIN,12,-6.0242570951713335
ESP,FRA,12,-4.058112805702621
ESP,GBR,12,-6.237932853872553
ESP,IRL,12,-6.298981872915283
ESP,ISR,12,-6.358208122389875
ESP,ITA,12,-5.0949200262738525
ESP,JPN,12,-9.113891198632334
ESP,KOR,12,-9.37573922464814
ESP,NLD,12,-5.803833566250975
ESP,NOR,12,-5.663725248289231
ESP,NZL,12,-8.486382958055355
ESP,PRT,12,-2.2177415511966507
ESP,USA,12,-8.33793892808038
FIN,AUS,12,-9.024844678731842
FIN,AUT,12,-6.252136244676084
FIN,BEL,12,-7.400421978761777
FIN,CAN,12,-8.44336994554605
FIN,DEU,12,-6.688303643199491
FIN,ESP,12,-7.771260826276421
FIN,FRA,12,-6.361783299947792
FIN,GBR,12,-7.193298599582567
FIN,IRL,12,-7.638150509402886
FIN,ISR,12,-8.388725788418494
FIN,ITA,12,-6.777732328075176
FIN,JPN,12,-7.681835336371156
FIN,KOR,12,-8.331862187765381
FIN,NLD,12,-6.595796754587942
FIN,NOR,12,-4.476332386134866
FIN,NZL,12,-8.9254251373286
FIN,PRT,12,-6.79366889663811
FIN,USA,12,-9.3822071472401
FRA,AUS,12,-7.7031295283507015
FRA,AUT,12,-4.288740376826683
FRA,BEL,12,-3.529550877834372
FRA,CAN,12,-6.952713297362175
FRA,DEU,12,-4.665691752858633
FRA,ESP,12,-3.7869425360179605
FRA,FIN,12,-5.310085978006311
FRA,GBR,12,-5.193254458265148
FRA,IRL,12,-5.402535460492693
FRA,ISR,12,-6.149684664526611
FRA,ITA,12,-4.214656990163519
FRA,JPN,12,-7.5071562615820575
FRA,KOR,12,-7.362730445739954
FRA,NLD,12,-4.722459213459732
FRA,NOR,12,-5.586775944326114
FRA,NZL,12,-7.608833602212354
FRA,PRT,12,-4.081452723918103
FRA,USA,12,-7.652908283327467
GBR,AUS,12,-6.1452086081409725
GBR,AUT,12,-4.794357531110363
GBR,BEL,12,-4.005037645765514
GBR,CAN,12,-6.007949172654156
GBR,DEU,12,-4.344163330665262
GBR,ESP,12,-4.323776550119145
GBR,FIN,12,-4.351393916744337
GBR,FRA,12,-3.8932933932973515
GBR,IRL,12,-1.4351568567197321
GBR,ISR,12,-4.713669547997302
GBR,ITA,12,-4.3085552990797655
GBR,JPN,12,-6.633909127535659
GBR,KOR,12,-6.2717623262809585
GBR,NLD,12,-3.6620914033726844
GBR,NOR,12,-3.7850612981489777
GBR,NZL,12,-6.064048592036805
GBR,PRT,12,-4.6324251981785896
GBR,USA,12,-6.496164292591615
IRL,AUS,12,-9.200479245470312
IRL,AUT,12,-7.11059113154395
IRL,BEL,12,-7.361891334776372
IRL,CAN,12,-7.95645215556455
IRL,DEU,12,-5.504853126930151
IRL,ESP,12,-6.082443030954346
IRL,FIN,12,-6.748033706142769
IRL,FRA,12,-6.775135018328109
IRL,GBR,12,-4.7325749052126405
IRL,ISR,12,-8.619766925591538
IRL,ITA,12,-6.425184388252369
IRL,JPN,12,-8.107839451907235
IRL,KOR,12,-9.339338700152046
IRL,NLD,12,-6.78135191840283
IRL,NOR,12,-7.1252328391801
IRL,NZL,12,-9.408470897914729
IRL,PRT,12,-6.409110401547968
IRL,USA,12,-8.774748738362117
ISR,AUS,12,-9.198604585198602
ISR,AUT,12,-6.41535423524929
ISR,BEL,12,-3.8539143509725555
ISR,CAN,12,-7.142991592125114
ISR,DEU,12,-6.333081864027822
ISR,ESP,12,-7.3590131376809245
ISR,FIN,12,-7.19818445938424
ISR,FRA,12,-6.288791897973389
ISR,GBR,12,-6.694392910041026
ISR,IRL,12,-7.122983719092301
ISR,ITA,12,-6.904922887160344
ISR,JPN,12,-7.441239487985622
ISR,KOR,12,-7.765737240869105
ISR,NLD,12,-6.845204492017837
ISR,NOR,12,-7.726104188735048
ISR,NZL,12,-8.239569717867628
ISR,PRT,12,-7.431522965092174
ISR,USA,12,-7.138786038692213
ITA,AUS,12,-8.09631689090935
ITA,AUT,12,-4.281429349187579
ITA,BEL,12,-5.310422824056963
ITA,CAN,12,-8.0032244972011
ITA,DEU,12,-5.023129918411058
ITA,ESP,12,-4.403334272889966
ITA,FIN,12,-5.574930235248799
ITA,FRA,12,-4.1743002718756665
ITA,GBR,12,-5.492910450660834
ITA,IRL,12,-5.481343607810863
ITA,ISR,12,-5.702735022232967
ITA,JPN,12,-8.603633132960287
ITA,KOR,12,-8.513230582956808
ITA,NLD,12,-5.4785551777792465
ITA,NOR,12,-5.8629446072387665
ITA,NZL,12,-7.847888598590584
ITA,PRT,12,-4.513957932774971
ITA,USA,12,-8.059632575970346
JPN,AUS,12,-6.481226314711759
JPN,AUT,12,-6.014420838572262
JPN,BEL,12,-5.6669475623430134
JPN,CAN,12,-5.899126924848721
JPN,DEU,12,-5.4028263199814095
JPN,ESP,12,-5.315405771735097
JPN,FIN,12,-5.962050276116637
JPN,FRA,12,-5.862298599105198
JPN,GBR,12,-5.430903532681626
JPN,IRL,12,-6.584444178463857
JPN,ISR,12,-6.941401827474585
JPN,ITA,12,-6.100190433476481
JPN,KOR,12,-4.088592105605652
JPN,NLD,12,-5.68245411688622
JPN,NOR,12,-6.13637331815055
JPN,NZL,12,-7.051363391045336
JPN,PRT,12,-5.954000937738877
JPN,USA,12,-5.650011608079638
KOR,AUS,12,-6.65320092053189
KOR,AUT,12,-6.719882287501522
KOR,BEL,12,-5.766785289195858
KOR,CAN,12,-6.36682496893179
KOR,DEU,12,-6.15113969380691
KOR,ESP,12,-5.639901987815237
KOR,FIN,12,-5.914652132608153
KOR,FRA,12,-6.720951137664586
KOR,GBR,12,-6.8089094609810035
KOR,IRL,12,-5.45274170222222
KOR,ISR,12,-6.06909781162113
KOR,ITA,12,-5.63538000893162
KOR,JPN,12,-4.691792434952211
KOR,NLD,12,-5.593428089466603
KOR,NOR,12,-6.487805588460426
KOR,NZL,12,-6.505338061715319
KOR,PRT,12,-6.2293090167645735
KOR,USA,12,-6.127978340364612
NLD,AUS,12,-7.544249397379983
NLD,AUT,12,-4.284313523443855
NLD,BEL,12,-2.6165236940987615
NLD,CAN,12,-7.948889642984474
NLD,DEU,12,-4.064078810913794
NLD,ESP,12,-5.2043699402187515
NLD,FIN,12,-4.888668367634958
NLD,FRA,12,-4.466755016124009
NLD,GBR,12,-4.559363932244381
NLD,IRL,12,-5.363084441002687
NLD,ISR,12,-5.441651205613999
NLD,ITA,12,-4.31944348898406
NLD,JPN,12,-7.552693836147228
NLD,KOR,12,-7.013857886943308
NLD,NOR,12,-4.606690912613818
NLD,NZL,12,-7.614595805226011
NLD,PRT,12,-3.989768962118527
NLD,USA,12,-8.342866004834775
NOR,AUS,12,-7.813042712900319
NOR,AUT,12,-7.255230004094808
NOR,BEL,12,-8.31658069484554
NOR,CAN,12,-7.694315553567066
NOR,DEU,12,-6.885140154693408
NOR,ESP,12,-6.182471880006666
NOR,FIN,12,-4.578920881153342
NOR,FRA,12,-8.039905860330869
NOR,GBR,12,-6.243357004387033
NOR,IRL,12,-7.2564047340620865
NOR,ISR,12,-9.756269525711975
NOR,ITA,12,-7.039438720245364
NOR,JPN,12,-10.24216672091195
NOR,KOR,12,-6.836541907572287
NOR,NLD,12,-6.953448505034498
NOR,NZL,12,-9.153247004199716
NOR,PRT,12,-7.371297549092722
NOR,USA,12,-8.617424281597788
NZL,AUS,12,-4.758061356588787
NZL,AUT,12,-9.506604124162667
NZL,BEL,12,-8.61296156692756
NZL,CAN,12,-8.916512484761636
NZL,DEU,12,-8.192082969829627
NZL,ESP,12,-10.585877898573063
NZL,FIN,12,-9.906170760345958
NZL,FRA,12,-9.206278034903125
NZL,GBR,12,-7.681881125980772
NZL,IRL,12,-7.377948970554509
NZL,ISR,12,-7.4835032878086425
NZL,ITA,12,-7.8471187256281665
NZL,JPN,12,-7.001726227637525
NZL,KOR,12,-7.661361347769543
NZL,NLD,12,-8.27173575300153
NZL,NOR,12,-8.419539326977041
NZL,PRT,12,-11.444998329316832
NZL,USA,12,-7.971758034539184
PRT,AUS,12,-10.213872315296856
PRT,AUT,12,-6.890981061874644
PRT,BEL,12,-6.244262428131968
PRT,CAN,12,-9.45892899232835
PRT,DEU,12,-6.495772384653421
PRT,ESP,12,-4.39738648911707
PRT,FIN,12,-7.63161358169441
PRT,FRA,12,-5.979954842152454
PRT,GBR,12,-6.7081838754603265
PRT,IRL,12,-5.968881751619756
PRT,ISR,12,-8.403993487697132
PRT,ITA,12,-6.993011280710748
PRT,JPN,12,-11.606627953252334
PRT,KOR,12,-12.671876972615308
PRT,NLD,12,-7.31740333631287
PRT,NOR,12,-7.551690865671683
PRT,NZL,12,-10.136381561125061
PRT,USA,12,-9.79225786653827
USA,AUS,12,-4.32264618131779
USA,AUT,12,-3.7428243382196746
USA,BEL,12,-3.5151120521332486
USA,CAN,12,-1.7096265243496496
USA,DEU,12,-3.94512361464225
USA,ESP,12,-4.4211867814533115
USA,FIN,12,-4.046374567390027
USA,FRA,12,-3.5756135405555898
USA,GBR,12,-3.513103037578062
USA,IRL,12,-2.8196037453872713
USA,ISR,12,-2.4608130843088865
USA,ITA,12,-4.083050930041619
USA,JPN,12,-4.0957602768385755
USA,KOR,12,-3.778007015012585
USA,NLD,12,-3.476285873522158
USA,NOR,12,-4.072549549578969
USA,NZL,12,-4.5417653056860345
USA,PRT,12,-4.694793143593566
AUS,AUT,13,-5.036701325599748
AUS,BEL,13,-4.920099607180766
AUS,CAN,13,-5.019215187338955
AUS,DEU,13,-4.957645524654781
AUS,ESP,13,-5.22588896771729
AUS,FIN,13,-4.981945642232359
AUS,FRA,13,-5.111477988887311
AUS,GBR,13,-4.2498460305510415
AUS,IRL,13,-4.659642634625826
AUS,ISR,13,-4.838298374635966
AUS,ITA,13,-4.979364022687822
AUS,JPN,13,-5.040858129203353
AUS,KOR,13,-4.84571355264939
AUS,NLD,13,-5.105775841042013
AUS,NOR,13,-5.14997388942473
AUS,NZL,13,-1.8870439928013465
AUS,PRT,13,-5.614896863500614
AUS,USA,13,-5.280567673236583
AUT,AUS,13,-6.700592394645614
AUT,BEL,13,-4.93377565050802
AUT,CAN,13,-6.271962123000193
AUT,DEU,13,-3.351050362079936
AUT,ESP,13,-4.420377369900745
AUT,FIN,13,-4.364690308148726
AUT,FRA,13,-4.374627603991909
AUT,GBR,13,-5.451682493342407
AUT,IRL,13,-5.474727922490434
AUT,ISR,13,-5.933946540155604
AUT,ITA,13,-4.024975757848573
AUT,JPN,13,-6.227022385116058
AUT,KOR,13,-5.7742884683521325
AUT,NLD,13,-5.149096373657597
AUT,NOR,13,-4.760619537244172
AUT,NZL,13,-6.521601355174621
AUT,PRT,13,-5.102433647489489
AUT,USA,13,-6.500222110118525
BEL,AUS,13,-5.123733648587057
BEL,AUT,13,-2.2261412272385623
BEL,CAN,13,-5.0551302133369
BEL,DEU,13,-2.640231845818742
BEL,ESP,13,-2.5834328026904547
BEL,FIN,13,-2.834699886369953
BEL,FRA,13,-2.0769439010394315
BEL,GBR,13,-2.6727611404723266
BEL,IRL,13,-2.815386600061638
BEL,ISR,13,-3.127211037428956
BEL,ITA,13,-1.7954542577311774
BEL,JPN,13,-5.2288946990855765
BEL,KOR,13,-5.18987614487048
BEL,NLD,13,-1.9009889532063406
BEL,NOR,13,-2.4908370069296337
BEL,NZL,13,-5.2184790860142565
BEL,PRT,13,-1.949029662936059
BEL,USA,13,-5.052044546921296
CAN,AUS,13,-3.868940749855869
CAN,AUT,13,-3.6589785050515653
CAN,BEL,13,-3.503325969142959
CAN,DEU,13,-3.820706872350007
CAN,ESP,13,-4.319193521436685
CAN,FIN,13,-3.773199605436618
CAN,FRA,13,-4.1841235727275565
CAN,GBR,13,-3.543862788249929
CAN,IRL,13,-3.8917988309538645
CAN,ISR,13,-3.306129905894424
CAN,ITA,13,-4.363708043265127
CAN,JPN,13,-4.475008267792134
CAN,KOR,13,-4.748535013107066
CAN,NLD,13,-4.26463978196844
CAN,NOR,13,-3.9430026405318204
CAN,NZL,13,-4.117371041790517
CAN,PRT,13,-3.94968796659745
CAN,USA,13,-1.989501184704391
DEU,AUS,13,-4.143739353503788
DEU,AUT,13,-0.4928476362530416
DEU,BEL,13,-1.9764893968475024
DEU,CAN,13,-3.9381965118586724
DEU,ESP,13,-2.2046814075019006
DEU,FIN,13,-2.0382344914331694
DEU,FRA,13,-1.8754241752768417
DEU,GBR,13,-2.546324789686848
DEU,IRL,13,-2.871272155365942
DEU,ISR,13,-2.7709578624457083
DEU,ITA,13,-1.8834266622481284
DEU,JPN,13,-3.673404922511219
DEU,KOR,13,-3.403824873468851
DEU,NLD,13,-1.958588857303675
DEU,NOR,13,-2.468233973900808
DEU,NZL,13,-4.120740702758075
DEU,PRT,13,-2.289278368836982
DEU,USA,13,-3.9783558033669584
ESP,AUS,13,-6.24481415728271
ESP,AUT,13,-3.794035796145398
ESP,BEL,13,-4.179247251020483
ESP,CAN,13,-6.3146818485889495
ESP,DEU,13,-3.5792282709572674
ESP,FIN,13,-4.27336395600921
ESP,FRA,13,-2.8410183367370387
ESP,GBR,13,-3.914657879941906
ESP,IRL,13,-4.251811919243131
ESP,ISR,13,-4.5095193922702395
ESP,ITA,13,-3.3257969467552004
ESP,JPN,13,-6.489668944811259
ESP,KOR,13,-5.86382454297043
ESP,NLD,13,-4.412712343295427
ESP,NOR,13,-2.4356172283785833
ESP,NZL,13,-6.515361348707713
ESP,PRT,13,-0.9744577105797719
ESP,USA,13,-6.407106664961432
FIN,AUS,13,-5.885533443689882
FIN,AUT,13,-4.363283153002397
FIN,BEL,13,-5.152611953687419
FIN,CAN,13,-5.706102800874417
FIN,DEU,13,-4.8682160185918555
FIN,ESP,13,-5.255623928512273
FIN,FRA,13,-4.672632226873457
FIN,GBR,13,-5.5386389900032515
FIN,IRL,13,-4.945241500373813
FIN,ISR,13,-6.527727768643231
FIN,ITA,13,-5.11283919878432
FIN,JPN,13,-6.480817527711961
FIN,KOR,13,-6.098211098130653
FIN,NLD,13,-4.974830507800132
FIN,NOR,13,-3.391972434356677
FIN,NZL,13,-6.052384527250505
FIN,PRT,13,-4.909236869614201
FIN,USA,13,-6.7110022495100825
FRA,AUS,13,-5.070535522770403
FRA,AUT,13,-2.5452835421720312
FRA,BEL,13,-2.0855210752712985
FRA,CAN,13,-4.682107153514509
FRA,DEU,13,-2.569779605851088
FRA,ESP,13,-2.430847031152366
FRA,FIN,13,-3.237185945581376
FRA,GBR,13,-3.1392532898479337
FRA,IRL,13,-3.5110950866412245
FRA,ISR,13,-3.777424848372251
FRA,ITA,13,-2.433186021593479
FRA,JPN,13,-4.66318531991199
FRA,KOR,13,-4.6326249032091
FRA,NLD,13,-3.2772070070466697
FRA,NOR,13,-3.3669658922213785
FRA,NZL,13,-4.874257705803072
FRA,PRT,13,-2.5065224884667567
FRA,USA,13,-5.007676968437407
GBR,AUS,13,-4.131609152478133
GBR,AUT,13,-2.6411066797838143
GBR,BEL,13,-2.497520508163538
GBR,CAN,13,-3.7295744733314926
GBR,DEU,13,-2.6600168345731006
GBR,ESP,13,-2.7990357388325084
GBR,FIN,13,-2.6997338127311235
GBR,FRA,13,-2.2799960063404208
GBR,IRL,13,-0.6617173637526718
GBR,ISR,13,-2.9575824190628
GBR,ITA,13,-2.5791242676952524
GBR,JPN,13,-4.068104555469939
GBR,KOR,13,-4.212570555545614
GBR,NLD,13,-2.533461768117315
GBR,NOR,13,-2.0545181939566968
GBR,NZL,13,-4.0688564686437365
GBR,PRT,13,-2.803431789599353
GBR,USA,13,-3.973656155777583
IRL,AUS,13,-6.520054878954496
IRL,AUT,13,-4.35004968065898
IRL,BEL,13,-4.193939142659921
IRL,CAN,13,-5.6789785852753845
IRL,DEU,13,-4.121729544081689
IRL,ESP,13,-4.346195521323885
IRL,FIN,13,-4.668459604743985
IRL,FRA,13,-3.721242149763195
IRL,GBR,13,-3.199641815267256
IRL,ISR,13,-5.181111212956306
IRL,ITA,13,-4.388937162598128
IRL,JPN,13,-6.2348016914769415
IRL,KOR,13,-7.09510326284168
IRL,NLD,13,-4.141159127284108
IRL,NOR,13,-4.5032506807632595
IRL,NZL,13,-6.026021820593123
IRL,PRT,13,-4.666043909355745
IRL,USA,13,-5.957223981176676
ISR,AUS,13,-4.639550155179708
ISR,AUT,13,-3.824449608526038
ISR,BEL,13,-2.7457964985054932
ISR,CAN,13,-4.671786811634873
ISR,DEU,13,-3.9145246097356123
ISR,ESP,13,-3.446330255251734
ISR,FIN,13,-4.760124757067829
ISR,FRA,13,-3.687170111840457
ISR,GBR,13,-4.393606657837683
ISR,IRL,13,-3.732322577250602
ISR,ITA,13,-3.708450844737647
ISR,JPN,13,-4.731748387532475
ISR,KOR,13,-5.007726075840573
ISR,NLD,13,-2.287875606359661
ISR,NOR,13,-4.332698311419624
ISR,NZL,13,-4.6746260979780025
ISR,PRT,13,-3.8171592112157215
ISR,USA,13,-4.123351547288362
ITA,AUS,13,-5.228164091631026
ITA,AUT,13,-2.5438699910527953
ITA,BEL,13,-3.489634281392358
ITA,CAN,13,-5.072631335091806
ITA,DEU,13,-3.1654245893540445
ITA,ESP,13,-2.775229826697559
ITA,FIN,13,-3.304104589744123
ITA,FRA,13,-2.6702646343437157
ITA,GBR,13,-3.519941274525817
ITA,IRL,13,-3.5672188527979896
ITA,ISR,13,-3.388321125653627
ITA,JPN,13,-5.434052223428374
ITA,KOR,13,-5.189919781426411
ITA,NLD,13,-3.781416081278386
ITA,NOR,13,-3.668456946967621
ITA,NZL,13,-4.943584616033324
ITA,PRT,13,-2.5673577633744373
ITA,USA,13,-5.286016625478571
JPN,AUS,13,-4.902308722794022
JPN,AUT,13,-4.2507577185674155
JPN,BEL,13,-3.9272953386417804
JPN,CAN,13,-4.756134133903117
JPN,DEU,13,-4.311302909825207
JPN,ESP,13,-4.576855083966818
JPN,FIN,13,-4.638438491880324
JPN,FRA,13,-4.194364824283568
JPN,GBR,13,-4.127689788478426
JPN,IRL,13,-4.059179979856371
JPN,ISR,13,-5.092022731585262
JPN,ITA,13,-4.537142520681734
JPN,KOR,13,-3.0741202406838903
JPN,NLD,13,-3.835899262055335
JPN,NOR,13,-5.0160791086100485
JPN,NZL,13,-4.805397213085297
JPN,PRT,13,-5.31303643212746
JPN,USA,13,-4.438500571102321
KOR,AUS,13,-5.30268961507522
KOR,AUT,13,-5.010266966828532
KOR,BEL,13,-4.431929284588138
KOR,CAN,13,-4.948120498749013
KOR,DEU,13,-4.974508456685568
KOR,ESP,13,-4.4319542084028605
KOR,FIN,13,-4.879327964369347
KOR,FRA,13,-5.1771208853651185
KOR,GBR,13,-5.052144639156534
KOR,IRL,13,-5.336797476828121
KOR,ISR,13,-4.352122661876102
KOR,ITA,13,-4.431261706610698
KOR,JPN,13,-3.6285490222021575
KOR,NLD,13,-4.311421703446944
KOR,NOR,13,-5.66412123383955
KOR,NZL,13,-5.381406886685159
KOR,PRT,13,-4.11038938461221
KOR,USA,13,-4.931279272412144
NLD,AUS,13,-5.42311143083909
NLD,AUT,13,-2.5626901349025832
NLD,BEL,13,-1.6491951774622997
NLD,CAN,13,-5.288649631483708
NLD,DEU,13,-2.771786551822607
NLD,ESP,13,-3.2202761096159502
NLD,FIN,13,-2.97246372742936
NLD,FRA,13,-3.048167834643394
NLD,GBR,13,-3.0700884275766547
NLD,IRL,13,-3.513462712239208
NLD,ISR,13,-3.384170458970845
NLD,ITA,13,-2.8078676234793045
NLD,JPN,13,-5.132133336440149
NLD,KOR,13,-4.74190037335054
NLD,NOR,13,-3.126410496502834
NLD,NZL,13,-5.429169925212092
NLD,PRT,13,-2.579636655087995
NLD,USA,13,-5.320547600016836
NOR,AUS,13,-6.567054728434156
NOR,AUT,13,-5.646753414263397
NOR,BEL,13,-6.794638485547784
NOR,CAN,13,-6.5335856086747235
NOR,DEU,13,-5.639142124732004
NOR,ESP,13,-6.044395188461017
NOR,FIN,13,-3.9438634993286263
NOR,FRA,13,-6.187125322912289
NOR,GBR,13,-4.788569956067716
NOR,IRL,13,-5.181088365715011
NOR,ISR,13,-8.168111834912164
NOR,ITA,13,-6.225484932304839
NOR,JPN,13,-5.975274403200254
NOR,KOR,13,-4.430979645829639
NOR,NLD,13,-5.069513308733983
NOR,NZL,13,-6.594528933256376
NOR,PRT,13,-7.535189220871539
NOR,USA,13,-7.312402255491541
NZL,AUS,13,-3.0255722600978237
NZL,AUT,13,-7.971114003559511
NZL,BEL,13,-6.729339193252101
NZL,CAN,13,-5.275377075656384
NZL,DEU,13,-6.884853193154096
NZL,ESP,13,-6.775585611741506
NZL,FIN,13,-6.608812658265854
NZL,FRA,13,-6.660615302924955
NZL,GBR,13,-5.117090472731996
NZL,IRL,13,-4.586361068200824
NZL,ISR,13,-6.23395086735403
NZL,ITA,13,-6.409159009607545
NZL,JPN,13,-6.158867418186065
NZL,KOR,13,-7.652783529650901
NZL,NLD,13,-6.250863281727606
NZL,NOR,13,-6.209730366975557
NZL,PRT,13,-6.668885041948658
NZL,USA,13,-5.750033127533016
PRT,AUS,13,-8.670033365686399
PRT,AUT,13,-5.789601836824476
PRT,BEL,13,-5.554149887234839
PRT,CAN,13,-7.9101109416361925
PRT,DEU,13,-4.64987184535827
PRT,ESP,13,-3.8054744307242445
PRT,FIN,13,-6.251300373275203
PRT,FRA,13,-4.215272951253397
PRT,GBR,13,-6.1198148324862185
PRT,IRL,13,-6.22715648813571
PRT,ISR,13,-5.8428887967493655
PRT,ITA,13,-5.138475910102736
PRT,JPN,13,-8.879567871232526
PRT,KOR,13,-10.278344479218356
PRT,NLD,13,-5.78559628940053
PRT,NOR,13,-6.989563872847944
PRT,NZL,13,-8.428415487531323
PRT,USA,13,-7.301062045087532
USA,AUS,13,-2.0758434261973155
USA,AUT,13,-1.9629534250835015
USA,BEL,13,-1.34773405758615
USA,CAN,13,-0.28420590710392757
USA,DEU,13,-1.7392502642905123
USA,ESP,13,-2.522660943681146
USA,FIN,13,-2.212253909318652
USA,FRA,13,-1.821747889655855
USA,GBR,13,-1.672539255904545
USA,IRL,13,-0.730612740362822
USA,ISR,13,-1.347064611149368
USA,ITA,13,-2.0742736634465997
USA,JPN,13,-1.591428351550877
USA,KOR,13,-1.511991649295008
USA,NLD,13,-1.5554294393203225
USA,NOR,13,-2.006298296495154
USA,NZL,13,-2.527742875350895
USA,PRT,13,-3.256486954698844
AUS,AUT,14,-4.82528953864707
AUS,BEL,14,-5.2058094881155625
AUS,CAN,14,-4.620779552220029
AUS,DEU,14,-4.593080063488177
AUS,ESP,14,-4.7983378065263445
AUS,FIN,14,-4.946726237823157
AUS,FRA,14,-4.352813373239751
AUS,GBR,14,-3.9390108744746954
AUS,IRL,14,-4.322803564721797
AUS,ISR,14,-5.185645482444771
AUS,ITA,14,-5.060537104337541
AUS,JPN,14,-5.2023969479330425
AUS,KOR,14,-4.7519832351569296
AUS,NLD,14,-4.7832350835879325
AUS,NOR,14,-4.646933598323743
AUS,NZL,14,-1.1653958965934867
AUS,PRT,14,-5.008051065801318
AUS,USA,14,-4.822768216201965
AUT,AUS,14,-5.8244463889347164
AUT,BEL,14,-4.490587078603623
AUT,CAN,14,-5.516247974846152
AUT,DEU,14,-3.1881866143949393
AUT,ESP,14,-4.604579506435182
AUT,FIN,14,-4.2273036082031865
AUT,FRA,14,-4.414811928159575
AUT,GBR,14,-4.485183442532337
AUT,IRL,14,-4.329496161847431
AUT,ISR,14,-4.933332056163424
AUT,ITA,14,-3.647007895890666
AUT,JPN,14,-5.680081633376549
AUT,KOR,14,-5.816230077277682
AUT,NLD,14,-5.124980170947942
AUT,NOR,14,-4.696180097121742
AUT,NZL,14,-6.299817313566228
AUT,PRT,14,-2.9329391489956778
AUT,USA,14,-6.3034488695104605
BEL,AUS,14,-5.47051774043058
BEL,AUT,14,-2.978488839594008
BEL,CAN,14,-5.452655458391576
BEL,DEU,14,-3.002945071069636
BEL,ESP,14,-2.5915148010310216
BEL,FIN,14,-3.8138084618963157
BEL,FRA,14,-2.463942285392744
BEL,GBR,14,-2.4190074223546167
BEL,IRL,14,-3.692753010627231
BEL,ISR,14,-2.5052928996942
BEL,ITA,14,-1.792064299495295
BEL,JPN,14,-5.852265541329932
BEL,KOR,14,-5.8219644384171
BEL,NLD,14,-1.7483290397625315
BEL,NOR,14,-3.3551696824890658
BEL,NZL,14,-4.812150266510151
BEL,PRT,14,-2.0888624330171766
BEL,USA,14,-5.63589870001023
CAN,AUS,14,-3.4966477968705467
CAN,AUT,14,-3.4169118533398835
CAN,BEL,14,-3.5262764454475346
CAN,DEU,14,-3.8044037636790358
CAN,ESP,14,-3.6351221314120283
CAN,FIN,14,-3.2094300954847195
CAN,FRA,14,-3.0986815413566364
CAN,GBR,14,-2.5543586988110625
CAN,IRL,14,-2.1982286271410496
CAN,ISR,14,-3.3520825935853384
CAN,ITA,14,-3.637193407982991
CAN,JPN,14,-3.2310948775550554
CAN,KOR,14,-3.8167057352440303
CAN,NLD,14,-2.9583494389149
CAN,NOR,14,-3.0964851427528846
CAN,NZL,14,-3.3238397268464492
CAN,PRT,14,-4.26382361853124
CAN,USA,14,-1.9800533917651384
DEU,AUS,14,-3.2899327081182688
DEU,AUT,14,0.0
DEU,BEL,14,-0.4766380544918396
DEU,CAN,14,-3.0356328669514574
DEU,ESP,14,-0.7632514828815363
DEU,FIN,14,-0.9150142821306958
DEU,FRA,14,-1.116266121870105
DEU,GBR,14,-1.3547780476198197
DEU,IRL,14,-1.3280016660972067
DEU,ISR,14,-2.0583680884817417
DEU,ITA,14,-0.530317172113098
DEU,JPN,14,-2.58586269514433
DEU,KOR,14,-2.757490923057304
DEU,NLD,14,-1.1315632072507111
DEU,NOR,14,-1.4799276820599938
DEU,NZL,14,-3.5502406419651353
DEU,PRT,14,0.0
DEU,USA,14,-3.150034651203168
ESP,AUS,14,-5.510637413200218
ESP,AUT,14,-3.3108806032755114
ESP,BEL,14,-2.2626042613926844
ESP,CAN,14,-5.762620616848469
ESP,DEU,14,-3.359841019474039
ESP,FIN,14,-2.5551250436167594
ESP,FRA,14,-2.742926856844022
ESP,GBR,14,-2.7673009900064565
ESP,IRL,14,-3.8976504391341726
ESP,ISR,14,-4.757742913802948
ESP,ITA,14,-2.6506861599938145
ESP,JPN,14,-6.597706049213096
ESP,KOR,14,-5.9695269670217
ESP,NLD,14,-2.9594701740189855
ESP,NOR,14,-4.168732338886023
ESP,NZL,14,-6.058955839967961
ESP,PRT,14,-0.12690175467254106
ESP,USA,14,-6.0768062031326515
FIN,AUS,14,-5.907065237472863
FIN,AUT,14,-2.4588874737975464
FIN,BEL,14,-4.914730766543015
FIN,CAN,14,-6.530407074162498
FIN,DEU,14,-3.639906748867534
FIN,ESP,14,-4.616743519081606
FIN,FRA,14,-4.5032944432321464
FIN,GBR,14,-4.289714913522266
FIN,IRL,14,-4.518736514215535
FIN,ISR,14,-4.416125999306063
FIN,ITA,14,-3.7346740657483934
FIN,JPN,14,-6.700531168483909
FIN,KOR,14,-7.154174004780062
FIN,NLD,14,-4.314387177902837
FIN,NOR,14,-3.615389712566627
FIN,NZL,14,-5.357392614950902
FIN,PRT,14,-3.4819066456051138
FIN,USA,14,-6.610235303421532
FRA,AUS,14,-4.517876972524409
FRA,AUT,14,-2.335294406526704
FRA,BEL,14,-1.6545014421005422
FRA,CAN,14,-3.9703923741249314
FRA,DEU,14,-2.4471289014758426
FRA,ESP,14,-2.0322041303233362
FRA,FIN,14,-2.9700849303182695
FRA,GBR,14,-2.6567682085561115
FRA,IRL,14,-3.0440511083826802
FRA,ISR,14,-3.359992992154849
FRA,ITA,14,-1.7109483423801388
FRA,JPN,14,-4.396802374284356
FRA,KOR,14,-4.383511960153262
FRA,NLD,14,-1.9387571815014404
FRA,NOR,14,-2.761519106996224
FRA,NZL,14,-4.545323163993994
FRA,PRT,14,-2.129564064708173
FRA,USA,14,-4.5316170400752505
GBR,AUS,14,-3.129775985037633
GBR,AUT,14,-1.7391312471038936
GBR,BEL,14,-0.6894254070254185
GBR,CAN,14,-2.8715434294085416
GBR,DEU,14,-1.7022655047788622
GBR,ESP,14,-1.2622544499425792
GBR,FIN,14,-1.7274567078003662
GBR,FRA,14,-1.4175149144602464
GBR,IRL,14,0.0
GBR,ISR,14,-1.8777765089863119
GBR,ITA,14,-1.254515874867119
GBR,JPN,14,-3.2422402528406717
GBR,KOR,14,-3.441487604212508
GBR,NLD,14,-1.11957156114113
GBR,NOR,14,-1.461439278681507
GBR,NZL,14,-3.1449122080356915
GBR,PRT,14,-1.7205349327664416
GBR,USA,14,-3.2969598659124495
IRL,AUS,14,-4.2592284005339405
IRL,AUT,14,-3.0997960401484184
IRL,BEL,14,-2.295680827263394
IRL,CAN,14,-4.832199305598208
IRL,DEU,14,-2.9490117549614485
IRL,ESP,14,-2.9176180774063543
IRL,FIN,14,-3.1325989636134457
IRL,FRA,14,-2.5670884275212504
IRL,GBR,14,-2.3743586025538024
IRL,ISR,14,-3.1993747489149915
IRL,ITA,14,-2.8530723419533914
IRL,JPN,14,-3.532820235628239
IRL,KOR,14,-4.242307664972488
IRL,NLD,14,-2.05964166195543
IRL,NOR,14,-2.3901325217382388
IRL,NZL,14,-4.758679542050065
IRL,PRT,14,-3.3717885815543744
IRL,USA,14,-4.019436773672551
ISR,AUS,14,-5.082694389915457
ISR,AUT,14,-5.144485860706693
ISR,BEL,14,-4.3725767063238665
ISR,CAN,14,-4.748700754498158
ISR,DEU,14,-4.634307502033395
ISR,ESP,14,-4.818800417343291
ISR,FIN,14,-4.106642259742399
ISR,FRA,14,-4.640114534624325
ISR,GBR,14,-5.106464738190812
ISR,IRL,14,-4.184901879579271
ISR,ITA,14,-4.874807698552926
ISR,JPN,14,-4.772909817386465
ISR,KOR,14,-4.552168059718994
ISR,NLD,14,-4.125676978691378
ISR,NOR,14,-5.020215651889714
ISR,NZL,14,-5.702840705171969
ISR,PRT,14,-5.17163158128135
ISR,USA,14,-4.633364303276236
ITA,AUS,14,-5.490861888200911
ITA,AUT,14,-2.7688200936875806
ITA,BEL,14,-3.9858578539776053
ITA,CAN,14,-5.444053683310344
ITA,DEU,14,-4.092489257749879
ITA,ESP,14,-2.955543502901388
ITA,FIN,14,-4.482379109224141
ITA,FRA,14,-2.868224030437854
ITA,GBR,14,-4.600673210139595
ITA,IRL,14,-3.9924808177603537
ITA,ISR,14,-4.546846287424247
ITA,JPN,14,-5.641000106199261
ITA,KOR,14,-5.6894725018215855
ITA,NLD,14,-4.1308996737389165
ITA,NOR,14,-4.707721033170772
ITA,NZL,14,-5.327330923508233
ITA,PRT,14,-3.6454051968153385
ITA,USA,14,-5.569628477434492
JPN,AUS,14,-4.079477351116334
JPN,AUT,14,-3.164408775520851
JPN,BEL,14,-2.9301199867576835
JPN,CAN,14,-3.4669622375229174
JPN,DEU,14,-2.9436239610446355
JPN,ESP,14,-3.34111407445939
JPN,FIN,14,-2.8528950972326435
JPN,FRA,14,-3.230651668150336
JPN,GBR,14,-3.811505136144008
JPN,IRL,14,-3.551750410657772
JPN,ISR,14,-4.523844542812509
JPN,ITA,14,-4.277678177492144
JPN,KOR,14,-2.409041991912913
JPN,NLD,14,-3.1108190335583314
JPN,NOR,14,-3.6174442412567895
JPN,NZL,14,-3.703482113447736
JPN,PRT,14,-4.541437217996449
JPN,USA,14,-3.5808912973369145
KOR,AUS,14,-3.714400818073355
KOR,AUT,14,-3.1262810044178746
KOR,BEL,14,-3.9895327730391976
KOR,CAN,14,-3.5619355125052987
KOR,DEU,14,-2.883989045967355
KOR,ESP,14,-3.4176456127436206
KOR,FIN,14,-2.772602881206266
KOR,FRA,14,-3.229914963598568
KOR,GBR,14,-3.6192345084431308
KOR,IRL,14,-3.025534150975999
KOR,ISR,14,-3.5420695062752676
KOR,ITA,14,-2.752922470025948
KOR,JPN,14,-2.5544207184676413
KOR,NLD,14,-3.488286078663241
KOR,NOR,14,-3.754290792472844
KOR,NZL,14,-3.898498387220858
KOR,PRT,14,-3.5181399169786154
KOR,USA,14,-3.629922802242544
NLD,AUS,14,-4.530104626647663
NLD,AUT,14,-1.1558325693779856
NLD,BEL,14,0.0
NLD,CAN,14,-4.120487478962297
NLD,DEU,14,-0.9111300798834598
NLD,ESP,14,-0.4306147482947047
NLD,FIN,14,-1.690334463637691
NLD,FRA,14,-1.383942484521814
NLD,GBR,14,-0.3643556291626724
NLD,IRL,14,-0.702724036858962
NLD,ISR,14,-0.8414884914319125
NLD,ITA,14,0.0
NLD,JPN,14,-3.744789191310443
NLD,KOR,14,-2.0668938749118935
NLD,NOR,14,-1.7527196729541954
NLD,NZL,14,-4.365052968652832
NLD,PRT,14,-0.606374162068732
NLD,USA,14,-3.8819103184355654
NOR,AUS,14,-5.706636862949449
NOR,AUT,14,-5.10284400795028
NOR,BEL,14,-5.2132781458037805
NOR,CAN,14,-5.318556780770065
NOR,DEU,14,-5.06026980958582
NOR,ESP,14,-5.058069056530238
NOR,FIN,14,-3.9518183391148924
NOR,FRA,14,-5.222388831007317
NOR,GBR,14,-4.345585081021557
NOR,IRL,14,-5.7875423678262745
NOR,ISR,14,-4.604647495845881
NOR,ITA,14,-5.26706810943787
NOR,JPN,14,-6.3045506832884985
NOR,KOR,14,-5.218822029106136
NOR,NLD,14,-4.606191126072294
NOR,NZL,14,-6.095248458738798
NOR,PRT,14,-5.314643010690466
NOR,USA,14,-5.827750168110154
NZL,AUS,14,-1.2630016396842842
NZL,AUT,14,-3.248558531389216
NZL,BEL,14,-4.95583066667924
NZL,CAN,14,-2.999160525400407
NZL,DEU,14,-4.005841949449316
NZL,ESP,14,-4.0341239654061845
NZL,FIN,14,-2.9932414234974307
NZL,FRA,14,-2.0507830076139766
NZL,GBR,14,-2.644367670103804
NZL,IRL,14,-3.5216405658867935
NZL,ISR,14,-3.5442062423072778
NZL,ITA,14,-4.793261968661717
NZL,JPN,14,-3.996587075623918
NZL,KOR,14,-4.965371875878812
NZL,NLD,14,-3.3896939452570796
NZL,NOR,14,-3.3069894334120806
NZL,PRT,14,-5.338704930979986
NZL,USA,14,-3.519458496480731
PRT,AUS,14,-6.85760578692085
PRT,AUT,14,-5.056200169470509
PRT,BEL,14,-2.9179839949003035
PRT,CAN,14,-5.63888395822047
PRT,DEU,14,-3.226460806158539
PRT,ESP,14,-3.1307994932579857
PRT,FIN,14,-5.65210176198766
PRT,FRA,14,-4.245418530735552
PRT,GBR,14,-4.700467693652627
PRT,IRL,14,-4.162823597248115
PRT,ISR,14,-7.990631335283592
PRT,ITA,14,-4.464508152336274
PRT,JPN,14,-6.216348102285533
PRT,KOR,14,-7.274876516737205
PRT,NLD,14,-4.988326889643304
PRT,NOR,14,-5.860106363699184
PRT,NZL,14,-6.985122812550287
PRT,USA,14,-5.396416521738537
USA,AUS,14,-1.947821135452088
USA,AUT,14,-1.5304267866174688
USA,BEL,14,-1.280416855562279
USA,CAN,14,-0.24734703033111405
USA,DEU,14,-1.3748977332877987
USA,ESP,14,-2.1430175149383324
USA,FIN,14,-1.29026356361338
USA,FRA,14,-1.3799549394474546
USA,GBR,14,-1.490923058167445
USA,IRL,14,-0.3793141871543231
USA,ISR,14,-1.0425807402876068
USA,ITA,14,-1.935217618604327
USA,JPN,14,-1.056800677302978
USA,KOR,14,-1.1248189856679174
USA,NLD,14,-0.5101749655591092
USA,NOR,14,-1.768998183940627
USA,NZL,14,-1.9656036258642393
USA,PRT,14,-3.0111128323569214
AUS,AUT,15,-4.882946550977918
AUS,BEL,15,-4.7548786060106085
AUS,CAN,15,-5.5707254001100335
AUS,DEU,15,-3.914640621954567
AUS,ESP,15,-6.389786935880263
AUS,FIN,15,-6.415789174729294
AUS,FRA,15,-5.685861390405254
AUS,GBR,15,-4.605051853771503
AUS,IRL,15,-5.018298393343551
AUS,ISR,15,-6.185629830033914
AUS,ITA,15,-6.538735107315663
AUS,JPN,15,-5.726645136626443
AUS,KOR,15,-5.305553668284862
AUS,NLD,15,-5.46886904420564
AUS,NOR,15,-5.692349391166129
AUS,NZL,15,-1.7940969592646518
AUS,PRT,15,-6.127509653991778
AUS,USA,15,-6.113859813867743
AUT,AUS,15,-6.263239323961047
AUT,BEL,15,-4.440747286355931
AUT,CAN,15,-6.243830580241735
AUT,DEU,15,-3.1469437047657105
AUT,ESP,15,-3.9852062830346684
AUT,FIN,15,-4.119759547274325
AUT,FRA,15,-4.599843245189055
AUT,GBR,15,-4.757727422697149
AUT,IRL,15,-5.158750241718661
AUT,ISR,15,-5.791596338290615
AUT,ITA,15,-3.573368684053809
AUT,JPN,15,-6.933788860459317
AUT,KOR,15,-7.839529209744688
AUT,NLD,15,-4.620372547396422
AUT,NOR,15,-4.011486427834695
AUT,NZL,15,-6.583802891273184
AUT,PRT,15,-4.640950680070745
AUT,USA,15,-6.706269841716729
BEL,AUS,15,-5.708620940040419
BEL,AUT,15,-3.53090283724026
BEL,CAN,15,-6.022209995240784
BEL,DEU,15,-3.3603082805923963
BEL,ESP,15,-3.200051438237575
BEL,FIN,15,-3.482227049355283
BEL,FRA,15,-2.1771451989454276
BEL,GBR,15,-3.160943044132355
BEL,IRL,15,-3.521691958353451
BEL,ISR,15,-4.131699462396109
BEL,ITA,15,-2.640095343315553
BEL,JPN,15,-4.9379158607549964
BEL,KOR,15,-6.1326791325562375
BEL,NLD,15,-2.161891448708337
BEL,NOR,15,-3.212605587020146
BEL,NZL,15,-5.844282793027604
BEL,PRT,15,-2.7036680925063172
BEL,USA,15,-5.624191359529499
CAN,AUS,15,-4.388842623571606
CAN,AUT,15,-3.4974399619030403
CAN,BEL,15,-4.7062226600936885
CAN,DEU,15,-4.8460056759460945
CAN,ESP,15,-4.831367272311976
CAN,FIN,15,-4.63351306203381
CAN,FRA,15,-3.7911394464109427
CAN,GBR,15,-3.447873015856293
CAN,IRL,15,-4.647208498909786
CAN,ISR,15,-3.311522986900199
CAN,ITA,15,-4.220838782065248
CAN,JPN,15,-4.580467885625296
CAN,KOR,15,-4.71658066380471
CAN,NLD,15,-4.089549417258446
CAN,NOR,15,-4.3697600346046785
CAN,NZL,15,-4.095879369747268
CAN,PRT,15,-4.617872815893462
CAN,USA,15,-1.8684863672641794
DEU,AUS,15,-4.203782363122338
DEU,AUT,15,-0.7798488274398712
DEU,BEL,15,-1.8053820222564196
DEU,CAN,15,-4.11183095201411
DEU,ESP,15,-2.2698707783422
DEU,FIN,15,-2.0193879317038657
DEU,FRA,15,-2.047802651881169
DEU,GBR,15,-3.153465054334332
DEU,IRL,15,-2.9248199952049028
DEU,ISR,15,-2.5239751325616937
DEU,ITA,15,-1.5049161902255985
DEU,JPN,15,-4.079554029442386
DEU,KOR,15,-3.940598047703587
DEU,NLD,15,-2.0805333452490244
DEU,NOR,15,-2.5045126680229037
DEU,NZL,15,-4.732264574385891
DEU,PRT,15,-1.7727596598982354
DEU,USA,15,-4.375521148089934
ESP,AUS,15,-6.942749284670276
ESP,AUT,15,-4.289777123032227
ESP,BEL,15,-3.7601092940317127
ESP,CAN,15,-6.516333323543737
ESP,DEU,15,-4.0598721301355845
ESP,FIN,15,-4.603499244311678
ESP,FRA,15,-2.7227769539146407
ESP,GBR,15,-4.793010117094733
ESP,IRL,15,-4.8203292179308175
ESP,ISR,15,-5.214764364795743
ESP,ITA,15,-3.60539863377671
ESP,JPN,15,-6.112245487886074
ESP,KOR,15,-7.0888385936716904
ESP,NLD,15,-5.0969012745088484
ESP,NOR,15,-4.510080079187235
ESP,NZL,15,-6.342061554985342
ESP,PRT,15,-0.9415093296685235
ESP,USA,15,-6.1885528012357724
FIN,AUS,15,-6.393091631239945
FIN,AUT,15,-4.0578460816929605
FIN,BEL,15,-4.893457450385318
FIN,CAN,15,-6.044914157357058
FIN,DEU,15,-4.653741030812919
FIN,ESP,15,-5.01649921073593
FIN,FRA,15,-4.999270671486507
FIN,GBR,15,-5.747156908931125
FIN,IRL,15,-6.103557306687987
FIN,ISR,15,-5.516002593018243
FIN,ITA,15,-3.9750830213620034
FIN,JPN,15,-6.335049248792902
FIN,KOR,15,-6.548477834314846
FIN,NLD,15,-4.060420062271145
FIN,NOR,15,-3.0526937537293164
FIN,NZL,15,-6.5605599531907535
FIN,PRT,15,-5.244950307143345
FIN,USA,15,-6.484370344643821
FRA,AUS,15,-5.087986666387959
FRA,AUT,15,-3.2354140466047685
FRA,BEL,15,-2.306291147108649
FRA,CAN,15,-4.674450553741645
FRA,DEU,15,-3.168177520276118
FRA,ESP,15,-2.185278828403475
FRA,FIN,15,-3.2999470294717446
FRA,GBR,15,-3.3318529694697645
FRA,IRL,15,-3.9042939784937163
FRA,ISR,15,-3.687522951461851
FRA,ITA,15,-2.100605640967415
FRA,JPN,15,-5.282470567205077
FRA,KOR,15,-5.1409573077868345
FRA,NLD,15,-2.996735008803742
FRA,NOR,15,-3.488243018995128
FRA,NZL,15,-5.158062190868675
FRA,PRT,15,-2.1186561771760015
FRA,USA,15,-5.34827554214535
GBR,AUS,15,-3.8254760717198297
GBR,AUT,15,-2.7190992450884948
GBR,BEL,15,-2.3513090482290946
GBR,CAN,15,-3.690080742383453
GBR,DEU,15,-2.767200090586017
GBR,ESP,15,-2.5393801912853946
GBR,FIN,15,-2.805678555546413
GBR,FRA,15,-2.3912674815037462
GBR,IRL,15,-0.7032708201201432
GBR,ISR,15,-2.8222693271993013
GBR,ITA,15,-2.280631400364228
GBR,JPN,15,-4.09917478386202
GBR,KOR,15,-4.082542315154228
GBR,NLD,15,-2.3383403771177904
GBR,NOR,15,-2.249147512980564
GBR,NZL,15,-4.039577875650009
GBR,PRT,15,-2.317463121722961
GBR,USA,15,-4.015590968671679
IRL,AUS,15,-8.011947864438433
IRL,AUT,15,-5.89247685102426
IRL,BEL,15,-4.567471345021793
IRL,CAN,15,-7.868174744651005
IRL,DEU,15,-4.753732155521416
IRL,ESP,15,-5.580667467097258
IRL,FIN,15,-5.93377284391626
IRL,FRA,15,-5.119237458426449
IRL,GBR,15,-4.3156517472474105
IRL,ISR,15,-5.949885586318048
IRL,ITA,15,-4.753910968580266
IRL,JPN,15,-8.067599196133234
IRL,KOR,15,-7.9317040321129415
IRL,NLD,15,-4.560674258039823
IRL,NOR,15,-5.549118231861885
IRL,NZL,15,-7.462357050952228
IRL,PRT,15,-5.218469912381626
IRL,USA,15,-7.389784252250267
ISR,AUS,15,-5.481680407850607
ISR,AUT,15,-4.822980001431064
ISR,BEL,15,-4.431528191107308
ISR,CAN,15,-4.36918112992109
ISR,DEU,15,-4.912028045796384
ISR,ESP,15,-3.6961529173087495
ISR,FIN,15,-4.384253563903143
ISR,FRA,15,-4.9217293821792
ISR,GBR,15,-4.714561336481729
ISR,IRL,15,-5.067044516983953
ISR,ITA,15,-4.110689849120127
ISR,JPN,15,-5.653640428662842
ISR,KOR,15,-5.6285269342592485
ISR,NLD,15,-4.354786245574312
ISR,NOR,15,-3.5157661156976445
ISR,NZL,15,-5.271631506443262
ISR,PRT,15,-4.661173895155374
ISR,USA,15,-4.822014983681241
ITA,AUS,15,-6.616423412429211
ITA,AUT,15,-3.880190953015893
ITA,BEL,15,-4.5386246540904525
ITA,CAN,15,-6.5760288269588
ITA,DEU,15,-4.434589386861804
ITA,ESP,15,-3.8261134836091553
ITA,FIN,15,-4.539582343857113
ITA,FRA,15,-3.4755071062249674
ITA,GBR,15,-5.065640591365508
ITA,IRL,15,-5.08802490445135
ITA,ISR,15,-4.714142947930348
ITA,JPN,15,-6.6365551442094635
ITA,KOR,15,-6.636735476862754
ITA,NLD,15,-5.443522809036583
ITA,NOR,15,-4.779300929358279
ITA,NZL,15,-6.295801696080459
ITA,PRT,15,-3.795413836532073
ITA,USA,15,-6.8567218440032525
JPN,AUS,15,-5.328716611115255
JPN,AUT,15,-4.206254875044833
JPN,BEL,15,-3.8535529979638756
JPN,CAN,15,-4.298880988466805
JPN,DEU,15,-3.971185258887693
JPN,ESP,15,-4.86138613252103
JPN,FIN,15,-3.8297263611771903
JPN,FRA,15,-4.082876341364259
JPN,GBR,15,-4.609697295987222
JPN,IRL,15,-4.548260789218328
JPN,ISR,15,-5.3964854086632075
JPN,ITA,15,-4.75172334013502
JPN,KOR,15,-3.0457057642862866
JPN,NLD,15,-4.09209208594681
JPN,NOR,15,-5.369852833183484
JPN,NZL,15,-5.079709160208398
JPN,PRT,15,-5.225851452027199
JPN,USA,15,-4.228005187418911
KOR,AUS,15,-5.072985417103322
KOR,AUT,15,-5.341375178683046
KOR,BEL,15,-4.287858816052161
KOR,CAN,15,-4.578467811460792
KOR,DEU,15,-3.3256125083266865
KOR,ESP,15,-4.9646544292470125
KOR,FIN,15,-4.7611473144583485
KOR,FRA,15,-3.416882324247467
KOR,GBR,15,-4.343760594696846
KOR,IRL,15,-2.335080874274387
KOR,ISR,15,-4.1178777135679
KOR,ITA,15,-4.914613686192666
KOR,JPN,15,-3.5840748858525684
KOR,NLD,15,-4.71182926523352
KOR,NOR,15,-5.1618234748038745
KOR,NZL,15,-5.859055061228203
KOR,PRT,15,-6.0081213185011055
KOR,USA,15,-4.6460575341326855
NLD,AUS,15,-5.006796048262623
NLD,AUT,15,-2.129293905011415
NLD,BEL,15,-0.7400702355186524
NLD,CAN,15,-4.607200269936377
NLD,DEU,15,-2.3684810427757825
NLD,ESP,15,-2.200662516766176
NLD,FIN,15,-2.301765654357883
NLD,FRA,15,-2.2385134376607967
NLD,GBR,15,-2.1372277981980665
NLD,IRL,15,-2.017249755097995
NLD,ISR,15,-2.49867287422244
NLD,ITA,15,-1.2646869439999158
NLD,JPN,15,-5.2412179221022015
NLD,KOR,15,-4.017250934961791
NLD,NOR,15,-1.1297205717987473
NLD,NZL,15,-4.892600475560111
NLD,PRT,15,-1.141019331023322
NLD,USA,15,-4.849160996712885
NOR,AUS,15,-6.539341969307504
NOR,AUT,15,-5.588744265982442
NOR,BEL,15,-6.1168662395331985
NOR,CAN,15,-7.143531801180233
NOR,DEU,15,-6.100720166793075
NOR,ESP,15,-5.403069277654806
NOR,FIN,15,-3.7420640892882617
NOR,FRA,15,-6.595473611940541
NOR,GBR,15,-5.541569135121243
NOR,IRL,15,-5.029548455149833
NOR,ISR,15,-6.209264783350206
NOR,ITA,15,-6.254222630212034
NOR,JPN,15,-7.625343032447619
NOR,KOR,15,-5.6772892838326
NOR,NLD,15,-5.582943793969686
NOR,NZL,15,-6.992084320036389
NOR,PRT,15,-6.025549991371792
NOR,USA,15,-7.3426382188747095
NZL,AUS,15,-3.9771094196721157
NZL,AUT,15,-6.548222350578621
NZL,BEL,15,-8.803933931368148
NZL,CAN,15,-7.038600629794967
NZL,DEU,15,-7.542731229447115
NZL,ESP,15,-6.58612343112916
NZL,FIN,15,-7.053705965540935
NZL,FRA,15,-7.99054911627549
NZL,GBR,15,-5.968391026937882
NZL,IRL,15,-5.885064595165934
NZL,ISR,15,-8.64285251760459
NZL,ITA,15,-8.419406834345565
NZL,JPN,15,-6.399871719003027
NZL,KOR,15,-7.326649646871163
NZL,NLD,15,-6.248948634852486
NZL,NOR,15,-7.055575553926014
NZL,PRT,15,-9.204852390085403
NZL,USA,15,-6.879080681827823
PRT,AUS,15,-8.447570740753093
PRT,AUT,15,-4.849095344251764
PRT,BEL,15,-4.449999119026275
PRT,CAN,15,-8.58400954647226
PRT,DEU,15,-5.374573366034077
PRT,ESP,15,-3.6116325026831606
PRT,FIN,15,-5.766080843674526
PRT,FRA,15,-3.5689308456053697
PRT,GBR,15,-4.99980811088202
PRT,IRL,15,-4.506418412355923
PRT,ISR,15,-6.654447480882224
PRT,ITA,15,-4.872413292831941
PRT,JPN,15,-8.253381336058737
PRT,KOR,15,-8.083211593943961
PRT,NLD,15,-5.782746566727533
PRT,NOR,15,-6.848262684104282
PRT,NZL,15,-8.546395969594773
PRT,USA,15,-7.779090028040026
USA,AUS,15,-2.7840326612604307
USA,AUT,15,-1.967716831638373
USA,BEL,15,-2.5302705011272395
USA,CAN,15,-0.0038278474422415165
USA,DEU,15,-2.508100306148956
USA,ESP,15,-3.178178842440986
USA,FIN,15,-2.4517480196902857
USA,FRA,15,-2.2958630324548692
USA,GBR,15,-2.2909871906605956
USA,IRL,15,-1.3039182070850606
USA,ISR,15,-0.48773718258996857
USA,ITA,15,-2.485167060568281
USA,JPN,15,-2.01950524577811
USA,KOR,15,-2.389486146058354
USA,NLD,15,-1.745677682123937
USA,NOR,15,-2.6029429788639384
USA,NZL,15,-2.7868121576039404
USA,PRT,15,-2.900040764577771
AUS,AUT,16,-5.282559238910921
AUS,BEL,16,-7.291732624202243
AUS,CAN,16,-5.863247764466553
AUS,DEU,16,-6.462057230318103
AUS,ESP,16,-8.040807580253365
AUS,FIN,16,-6.052683794783389
AUS,FRA,16,-7.014849936672605
AUS,GBR,16,-5.70312008280697
AUS,IRL,16,-7.184097288535524
AUS,ISR,16,-7.027622476168941
AUS,ITA,16,-6.137866725862296
AUS,JPN,16,-5.50296588312501
AUS,KOR,16,-2.52935387219596
AUS,NLD,16,-6.740695565841352
AUS,NOR,16,-6.388178749686918
AUS,NZL,16,-1.1819294628344008
AUS,PRT,16,-8.678112509007232
AUS,USA,16,-5.581255622591945
AUT,AUS,16,-5.428749717235318
AUT,BEL,16,-3.9136235634376844
AUT,CAN,16,-4.975313712475797
AUT,DEU,16,-2.110315595472122
AUT,ESP,16,-4.0933060767855585
AUT,FIN,16,-3.775674582766084
AUT,FRA,16,-3.7336334711991848
AUT,GBR,16,-4.218201644372123
AUT,IRL,16,-4.6563684100372
AUT,ISR,16,-6.457904748030725
AUT,ITA,16,-2.6014241251349683
AUT,JPN,16,-6.01662599312156
AUT,KOR,16,-5.739826611892215
AUT,NLD,16,-3.41740489687672
AUT,NOR,16,-4.275069316989375
AUT,NZL,16,-5.94353422586516
AUT,PRT,16,-4.43764607023669
AUT,USA,16,-6.0228293983599785
BEL,AUS,16,-5.205061838001736
BEL,AUT,16,-3.151333101601378
BEL,CAN,16,-4.999161777227201
BEL,DEU,16,-2.4675987188172748
BEL,ESP,16,-2.059447785488377
BEL,FIN,16,-2.714393028872773
BEL,FRA,16,-2.23245378402798
BEL,GBR,16,-1.8991131933154206
BEL,IRL,16,-2.1268994047812786
BEL,ISR,16,-2.1177564560564344
BEL,ITA,16,-1.4001349561522403
BEL,JPN,16,-4.600065828045082
BEL,KOR,16,-6.063240945564517
BEL,NLD,16,-0.4757578967735008
BEL,NOR,16,-3.0426175880205326
BEL,NZL,16,-5.016193487897447
BEL,PRT,16,-1.4317708483593699
BEL,USA,16,-5.6331514049143605
CAN,AUS,16,-5.519314872862548
CAN,AUT,16,-3.9699229704160484
CAN,BEL,16,-5.896027984888278
CAN,DEU,16,-7.072128519501452
CAN,ESP,16,-6.726229154013129
CAN,FIN,16,-4.337484192777164
CAN,FRA,16,-5.960282706568846
CAN,GBR,16,-6.572523075176354
CAN,IRL,16,-7.255994425344605
CAN,ISR,16,-5.558371665666621
CAN,ITA,16,-7.008791782440665
CAN,JPN,16,-5.677759710302745
CAN,KOR,16,-6.01822221567008
CAN,NLD,16,-6.27896090104521
CAN,NOR,16,-5.047348053701809
CAN,NZL,16,-7.057904522941365
CAN,PRT,16,-6.14353333890103
CAN,USA,16,-1.858194406358424
DEU,AUS,16,-4.375703456556287
DEU,AUT,16,-0.5295110599157562
DEU,BEL,16,-1.1401799048828667
DEU,CAN,16,-3.5986132769920784
DEU,ESP,16,-1.282409824784963
DEU,FIN,16,-1.3911751179320841
DEU,FRA,16,-1.026809491976147
DEU,GBR,16,-1.7134297815431285
DEU,IRL,16,-1.0450863848546899
DEU,ISR,16,-2.2616816634972468
DEU,ITA,16,-0.5577991534230691
DEU,JPN,16,-2.8666380229240955
DEU,KOR,16,-3.1250549731766846
DEU,NLD,16,-1.1558224285217547
DEU,NOR,16,-1.2805997593819378
DEU,NZL,16,-3.855088766654024
DEU,PRT,16,-0.5596994208400075
DEU,USA,16,-3.6919985517281884
ESP,AUS,16,-5.353985453346489
ESP,AUT,16,-2.886551129559047
ESP,BEL,16,-2.5201086796605496
ESP,CAN,16,-6.535894430734185
ESP,DEU,16,-2.8025703650153
ESP,FIN,16,-3.6153857598562587
ESP,FRA,16,-0.9867087010618809
ESP,GBR,16,-2.5571389147545345
ESP,IRL,16,-2.207328879024195
ESP,ISR,16,-2.2975906602020952
ESP,ITA,16,-1.4698376804981528
ESP,JPN,16,-6.193956951705875
ESP,KOR,16,-6.55672923719406
ESP,NLD,16,-2.5667121356734377
ESP,NOR,16,-3.7014034474944664
ESP,NZL,16,-6.158528882645887
ESP,PRT,16,0.0
ESP,USA,16,-7.560843798106403
FIN,AUS,16,-6.232174908829891
FIN,AUT,16,-3.123354791356536
FIN,BEL,16,-3.4724315312926333
FIN,CAN,16,-3.7880982638115803
FIN,DEU,16,-2.4858452411072225
FIN,ESP,16,-4.1276415695886275
FIN,FRA,16,-4.183123421094539
FIN,GBR,16,-4.540332204008688
FIN,IRL,16,-4.90581277430023
FIN,ISR,16,-4.320969870350395
FIN,ITA,16,-3.0342991610898924
FIN,JPN,16,-6.779913893761542
FIN,KOR,16,-7.462950995533907
FIN,NLD,16,-3.3310452755440467
FIN,NOR,16,-1.2864273384408202
FIN,NZL,16,-5.80068704426027
FIN,PRT,16,-3.2540817636928354
FIN,USA,16,-5.0432603196298444
FRA,AUS,16,-6.236566984942994
FRA,AUT,16,-2.693127083114475
FRA,BEL,16,-1.9008891973105206
FRA,CAN,16,-7.074601746250978
FRA,DEU,16,-2.790102563039417
FRA,ESP,16,-1.3564375038865442
FRA,FIN,16,-3.0825115477822997
FRA,GBR,16,-2.931592756989467
FRA,IRL,16,-2.2360771226663694
FRA,ISR,16,-3.157903322815808
FRA,ITA,16,-1.6168571259893112
FRA,JPN,16,-5.246802965800549
FRA,KOR,16,-5.743138292975745
FRA,NLD,16,-2.9569904150497885
FRA,NOR,16,-3.1912296643832154
FRA,NZL,16,-6.166475671505575
FRA,PRT,16,-0.9335435444577707
FRA,USA,16,-6.962555798071438
GBR,AUS,16,-4.800341278124425
GBR,AUT,16,-2.614790670920235
GBR,BEL,16,-1.1432380525647068
GBR,CAN,16,-4.492892307208899
GBR,DEU,16,-2.304826763523705
GBR,ESP,16,-1.6356511166785712
GBR,FIN,16,-1.646337384080301
GBR,FRA,16,-1.6610590870351916
GBR,IRL,16,-0.41162568161394497
GBR,ISR,16,-3.8030087200373854
GBR,ITA,16,-1.5225283107646759
GBR,JPN,16,-3.4684640025275124
GBR,KOR,16,-4.523998186056469
GBR,NLD,16,-2.3373982903463935
GBR,NOR,16,-2.289067036027724
GBR,NZL,16,-3.7827940816608834
GBR,PRT,16,-1.1312376578286785
GBR,USA,16,-4.086069442525453
IRL,AUS,16,-9.650094033791135
IRL,AUT,16,-7.465998018338044
IRL,BEL,16,-5.991090612155977
IRL,CAN,16,-9.242834462594846
IRL,DEU,16,-5.3256264914651945
IRL,ESP,16,-5.875703192566228
IRL,FIN,16,-6.6544727939370745
IRL,FRA,16,-5.004723347447386
IRL,GBR,16,-4.302548261190392
IRL,ISR,16,-10.580937163494013
IRL,ITA,16,-7.03066896583019
IRL,JPN,16,-9.589299159469856
IRL,KOR,16,-9.424171702831579
IRL,NLD,16,-6.083355994438397
IRL,NOR,16,-7.965979501922877
IRL,NZL,16,-10.623696024415608
IRL,PRT,16,-7.035463336774197
IRL,USA,16,-9.465728471080347
ISR,AUS,16,-12.216128572872806
ISR,AUT,16,-8.534291811875281
ISR,BEL,16,-7.141157209953468
ISR,CAN,16,-7.0335518095988805
ISR,DEU,16,-6.881574970976553
ISR,ESP,16,-6.479414066029003
ISR,FIN,16,-8.149876305797065
ISR,FRA,16,-5.282163163781254
ISR,GBR,16,-8.16673477018173
ISR,IRL,16,-6.258982880451301
ISR,ITA,16,-7.557567571989497
ISR,JPN,16,-10.941839397709243
ISR,KOR,16,-9.773854732819009
ISR,NLD,16,-6.364834621502245
ISR,NOR,16,-6.45890441423453
ISR,NZL,16,-11.276347079610558
ISR,PRT,16,-6.567696320222323
ISR,USA,16,-7.40121357931485
ITA,AUS,16,-6.447155246793954
ITA,AUT,16,-2.800542804300762
ITA,BEL,16,-3.3258036024262516
ITA,CAN,16,-6.25482048791456
ITA,DEU,16,-3.279903061294796
ITA,ESP,16,-2.89283238347432
ITA,FIN,16,-3.3519565204248476
ITA,FRA,16,-2.512252137430794
ITA,GBR,16,-3.9058633842579074
ITA,IRL,16,-3.7584309658867294
ITA,ISR,16,-3.8166295534453782
ITA,JPN,16,-5.479183877874287
ITA,KOR,16,-5.433014417604415
ITA,NLD,16,-4.313872436246757
ITA,NOR,16,-4.589381032651831
ITA,NZL,16,-6.38359064195944
ITA,PRT,16,-2.9734220622129284
ITA,USA,16,-6.455576377656163
JPN,AUS,16,-4.142751141678151
JPN,AUT,16,-4.4122515989652324
JPN,BEL,16,-3.6868655674856194
JPN,CAN,16,-4.043927010545339
JPN,DEU,16,-4.919517677759498
JPN,ESP,16,-4.249496121795712
JPN,FIN,16,-4.065653749880883
JPN,FRA,16,-4.395176013310169
JPN,GBR,16,-4.689295902333938
JPN,IRL,16,-3.237452046513016
JPN,ISR,16,-2.9294447295261694
JPN,ITA,16,-4.228036914896099
JPN,KOR,16,-4.50714832499319
JPN,NLD,16,-5.410768880638095
JPN,NOR,16,-3.9736776035003842
JPN,NZL,16,-3.7659054775785004
JPN,PRT,16,-3.3751296266375306
JPN,USA,16,-4.404443256236344
KOR,AUS,16,-5.628159031017542
KOR,AUT,16,-4.221700497253903
KOR,BEL,16,-5.152976810706846
KOR,CAN,16,-4.579699155789881
KOR,DEU,16,-5.560115200468335
KOR,ESP,16,-4.113308032398225
KOR,FIN,16,-4.8387013167448405
KOR,FRA,16,-5.008997460655847
KOR,GBR,16,-5.285315826470997
KOR,IRL,16,-3.4977370930020104
KOR,ISR,16,-3.1956060525699366
KOR,ITA,16,-3.860365127607377
KOR,JPN,16,-6.050151050540868
KOR,NLD,16,-4.246581866985237
KOR,NOR,16,-4.993335752239189
KOR,NZL,16,-5.881694831876082
KOR,PRT,16,-4.777772175171868
KOR,USA,16,-5.327189140151235
NLD,AUS,16,-5.709468275406206
NLD,AUT,16,-2.3498027256513563
NLD,BEL,16,-1.1698938460424706
NLD,CAN,16,-8.033672613359087
NLD,DEU,16,-2.6135511671928144
NLD,ESP,16,-2.659928565620508
NLD,FIN,16,-3.6602722350608117
NLD,FRA,16,-2.530739491986039
NLD,GBR,16,-2.1048741343514825
NLD,IRL,16,-1.8760632560498847
NLD,ISR,16,-2.2527080029713265
NLD,ITA,16,-2.156206032075997
NLD,JPN,16,-4.699694500175504
NLD,KOR,16,-5.265982315296258
NLD,NOR,16,-3.1119465370026087
NLD,NZL,16,-5.370962226174719
NLD,PRT,16,-1.7672411523791354
NLD,USA,16,-7.656698801104841
NOR,AUS,16,-7.2275467675860305
NOR,AUT,16,-3.6634854468045703
NOR,BEL,16,-4.234479339145453
NOR,CAN,16,-7.451597659341402
NOR,DEU,16,-3.435092641550375
NOR,ESP,16,-5.27349369873051
NOR,FIN,16,-3.5094383165045535
NOR,FRA,16,-5.505967489781099
NOR,GBR,16,-4.643770144765561
NOR,IRL,16,-3.5704360750119366
NOR,ISR,16,-6.645095200481046
NOR,ITA,16,-5.969443148904871
NOR,JPN,16,-7.211722405654889
NOR,KOR,16,-5.573002190837899
NOR,NLD,16,-3.5653650026473547
NOR,NZL,16,-7.18059898404058
NOR,PRT,16,-6.9102073494082035
NOR,USA,16,-7.799561286051999
NZL,AUS,16,-3.7071378889836835
NZL,AUT,16,-9.215062766627515
NZL,BEL,16,-9.516511103853652
NZL,CAN,16,-8.711508471443402
NZL,DEU,16,-8.973280373970976
NZL,ESP,16,-7.163712662077624
NZL,FIN,16,-7.034086973073715
NZL,FRA,16,-7.127986532473918
NZL,GBR,16,-6.114809191730841
NZL,IRL,16,-7.190204923155195
NZL,ISR,16,-7.830016216898231
NZL,ITA,16,-8.540018137947786
NZL,JPN,16,-8.49821784300103
NZL,KOR,16,-7.938647828074173
NZL,NLD,16,-7.319190418936365
NZL,NOR,16,-7.289191951475778
NZL,PRT,16,-10.144882985423777
NZL,USA,16,-5.898621573251655
PRT,AUS,16,-8.183138845210298
PRT,AUT,16,-3.272343477492802
PRT,BEL,16,-2.847806049261785
PRT,CAN,16,-8.757311711910738
PRT,DEU,16,-4.483989353268879
PRT,ESP,16,-2.7593058080930573
PRT,FIN,16,-5.526762924722693
PRT,FRA,16,-3.51872185225644
PRT,GBR,16,-4.164026586250912
PRT,IRL,16,-4.0454351865564915
PRT,ISR,16,-5.426243079496915
PRT,ITA,16,-4.045566785519616
PRT,JPN,16,-10.473035289400983
PRT,KOR,16,-12.977796329161627
PRT,NLD,16,-4.541078893092056
PRT,NOR,16,-5.1888527091855465
PRT,NZL,16,-8.94908540599468
PRT,USA,16,-9.523259347410399
USA,AUS,16,-3.539201311383274
USA,AUT,16,-2.0239638240673896
USA,BEL,16,-3.382369644585152
USA,CAN,16,0.0
USA,DEU,16,-2.7649499670248634
USA,ESP,16,-3.968447354847698
USA,FIN,16,-3.0770789547765887
USA,FRA,16,-3.610105124932712
USA,GBR,16,-3.6859277708381946
USA,IRL,16,-4.3548098113140625
USA,ISR,16,-2.3046300481380007
USA,ITA,16,-3.6069360201099503
USA,JPN,16,-3.140515573643417
USA,KOR,16,-3.126137800385264
USA,NLD,16,-2.9971147994353204
USA,NOR,16,-2.9238586782615075
USA,NZL,16,-3.565998838144372
USA,PRT,16,-4.243676477937503
AUS,AUT,17,-5.369775009885284
AUS,BEL,17,-8.11959782456023
AUS,CAN,17,-6.819468814383008
AUS,DEU,17,-7.681916127425177
AUS,ESP,17,-5.20640240163439
AUS,FIN,17,-8.046212888921673
AUS,FRA,17,-5.872052363691097
AUS,GBR,17,-6.0648465829933595
AUS,IRL,17,-7.2144445625846725
AUS,ISR,17,-6.784917771311777
AUS,ITA,17,-6.5316901589195595
AUS,JPN,17,-6.6699230206615905
AUS,KOR,17,-6.676633232958702
AUS,NLD,17,-5.982824349929087
AUS,NOR,17,-7.2467749779886645
AUS,NZL,17,-2.7556553336304432
AUS,PRT,17,-6.831780218103731
AUS,USA,17,-6.350573787764267
AUT,AUS,17,-5.555826949343233
AUT,BEL,17,-5.105293472023581
AUT,CAN,17,-6.184250002617842
AUT,DEU,17,-4.181492742982398
AUT,ESP,17,-5.603433040552819
AUT,FIN,17,-4.789388204048596
AUT,FRA,17,-6.064968565506252
AUT,GBR,17,-5.703179235309005
AUT,IRL,17,-7.203354092494312
AUT,ISR,17,-4.813361870008036
AUT,ITA,17,-4.650938834489597
AUT,JPN,17,-5.799928188846376
AUT,KOR,17,-5.740185897939141
AUT,NLD,17,-5.821487736497661
AUT,NOR,17,-5.80990611892125
AUT,NZL,17,-6.059086653090864
AUT,PRT,17,-5.926680157864443
AUT,USA,17,-6.633175906480059
BEL,AUS,17,-7.0867081561221426
BEL,AUT,17,-4.4784167216104525
BEL,CAN,17,-6.189386771225365
BEL,DEU,17,-3.8491964118432174
BEL,ESP,17,-4.517152496538271
BEL,FIN,17,-5.034005944946159
BEL,FRA,17,-3.6583707531201233
BEL,GBR,17,-3.988898431895044
BEL,IRL,17,-4.742401612444608
BEL,ISR,17,-2.5929060253953455
BEL,ITA,17,-4.007214194863479
BEL,JPN,17,-6.873909275843792
BEL,KOR,17,-6.890042267224153
BEL,NLD,17,-3.132447115960287
BEL,NOR,17,-4.9437083347638815
BEL,NZL,17,-8.382290495520408
BEL,PRT,17,-3.1407726912424745
BEL,USA,17,-6.043187953560482
CAN,AUS,17,-3.3252784428496582
CAN,AUT,17,-0.6045633499669973
CAN,BEL,17,-4.8005061883693605
CAN,DEU,17,-3.3555870568471002
CAN,ESP,17,-3.0072071773392723
CAN,FIN,17,-4.155106920913176
CAN,FRA,17,-2.949631068991926
CAN,GBR,17,-2.406941165064209
CAN,IRL,17,-3.001295175691899
CAN,ISR,17,-0.20645127817205466
CAN,ITA,17,-3.3138582311332305
CAN,JPN,17,-2.2084606836345397
CAN,KOR,17,-5.667896306393076
CAN,NLD,17,-2.157497114220395
CAN,NOR,17,-3.5235953214730866
CAN,NZL,17,-1.9793877273620595
CAN,PRT,17,-3.3182277130774116
CAN,USA,17,-1.8399392877275726
DEU,AUS,17,-3.1712981364908392
DEU,AUT,17,0.0
DEU,BEL,17,-0.8609614594031196
DEU,CAN,17,-2.9711269820017767
DEU,ESP,17,-2.478638858285141
DEU,FIN,17,-0.629788962347936
DEU,FRA,17,-0.7987218323505134
DEU,GBR,17,-1.6368365863588936
DEU,IRL,17,-1.9374543775804556
DEU,ISR,17,0.0
DEU,ITA,17,-2.359630732391599
DEU,JPN,17,-3.0808709297964727
DEU,KOR,17,-3.6012601696509563
DEU,NLD,17,-0.806274309463749
DEU,NOR,17,-1.5119442311176856
DEU,NZL,17,-3.712673818479437
DEU,PRT,17,-1.679781569239955
DEU,USA,17,-2.865923762176249
ESP,AUS,17,-5.735720534614389
ESP,AUT,17,-2.5082050286000133
ESP,BEL,17,-2.033744386472593
ESP,CAN,17,-5.05576965981893
ESP,DEU,17,-3.346416025671768
ESP,FIN,17,-3.4028273787667738
ESP,FRA,17,-2.845040392507145
ESP,GBR,17,-3.33397695151583
ESP,IRL,17,-1.087267254076579
ESP,ISR,17,-2.8213837931393004
ESP,ITA,17,-3.126186309226086
ESP,JPN,17,-5.070022675149026
ESP,KOR,17,-6.077734722315522
ESP,NLD,17,-4.546353741507587
ESP,NOR,17,-3.3901884218437752
ESP,NZL,17,-5.916809503956502
ESP,PRT,17,-0.5978768294164222
ESP,USA,17,-5.927853732473871
FIN,AUS,17,-7.541400693689412
FIN,AUT,17,-7.968249773551501
FIN,BEL,17,-7.376335317871224
FIN,CAN,17,-12.09027395753531
FIN,DEU,17,-7.87049880887704
FIN,ESP,17,-9.450319174272778
FIN,FRA,17,-8.300294831367324
FIN,GBR,17,-8.017967552561679
FIN,IRL,17,-8.142365165179115
FIN,ISR,17,-8.213669977910126
FIN,ITA,17,-7.370654882302574
FIN,JPN,17,-8.803257918452562
FIN,KOR,17,-9.118321077984781
FIN,NLD,17,-7.890967654549895
FIN,NOR,17,-4.024829476457128
FIN,NZL,17,-10.890090294745391
FIN,PRT,17,-7.95246605659905
FIN,USA,17,-10.697680028786444
FRA,AUS,17,-1.7822286564733942
FRA,AUT,17,-2.1611011232907447
FRA,BEL,17,-2.512138585258783
FRA,CAN,17,-3.440303470802996
FRA,DEU,17,-1.3789107677185322
FRA,ESP,17,-2.1951176408638267
FRA,FIN,17,-2.748515889076402
FRA,GBR,17,-2.903039828585711
FRA,IRL,17,-1.899246640655547
FRA,ISR,17,-2.244254357968581
FRA,ITA,17,-3.0666271312422566
FRA,JPN,17,-3.676618597033971
FRA,KOR,17,-4.698466481755398
FRA,NLD,17,-2.382172676316727
FRA,NOR,17,-2.260682239541708
FRA,NZL,17,-1.541027181441423
FRA,PRT,17,-1.689319820087988
FRA,USA,17,-3.45789201809783
GBR,AUS,17,-2.872173957244067
GBR,AUT,17,-2.4227596570554972
GBR,BEL,17,-2.9440189245960457
GBR,CAN,17,-1.4935903653160398
GBR,DEU,17,-1.7807479521008842
GBR,ESP,17,-2.165010007941568
GBR,FIN,17,-2.172846465687834
GBR,FRA,17,-2.1857176863679024
GBR,IRL,17,-1.2694500754336744
GBR,ISR,17,-0.3368230975743982
GBR,ITA,17,-2.744987220259085
GBR,JPN,17,-2.9813600832981138
GBR,KOR,17,-3.630265520357187
GBR,NLD,17,-2.8070330190109223
GBR,NOR,17,-0.45524096365985445
GBR,NZL,17,-2.4589705243187243
GBR,PRT,17,-2.247136309976093
GBR,USA,17,-3.1104857344339933
IRL,AUS,17,-8.873492792456831
IRL,AUT,17,-7.665983943089185
IRL,BEL,17,-5.9905261867802455
IRL,CAN,17,-2.484846029142086
IRL,DEU,17,-4.650114978384205
IRL,ESP,17,-6.415950949706456
IRL,FIN,17,-5.97909384208407
IRL,FRA,17,-4.871835954335183
IRL,GBR,17,-3.8561893929977984
IRL,ISR,17,-3.222683444322807
IRL,ITA,17,-3.6583763298248764
IRL,JPN,17,-7.356976775795424
IRL,KOR,17,-5.24673170778858
IRL,NLD,17,-5.466436008352715
IRL,NOR,17,-1.7264794327379749
IRL,NZL,17,-6.7415443663216505
IRL,PRT,17,-4.73670659286647
IRL,USA,17,-5.97029289095108
ISR,AUS,17,-9.455326140431389
ISR,AUT,17,-9.08292414073415
ISR,BEL,17,-6.328853103175211
ISR,CAN,17,-7.257164377726993
ISR,DEU,17,-8.243663738498654
ISR,ESP,17,-8.627993266797223
ISR,FIN,17,-4.616347111933626
ISR,FRA,17,-7.607234232271898
ISR,GBR,17,-7.005756028783634
ISR,IRL,17,-6.343923792539375
ISR,ITA,17,-9.613846877201286
ISR,JPN,17,-10.147817386953573
ISR,KOR,17,-6.92288153830708
ISR,NLD,17,-7.513123119907593
ISR,NOR,17,-8.08337438807337
ISR,NZL,17,-9.831681356569156
ISR,PRT,17,-6.478591286666221
ISR,USA,17,-6.437265704257666
ITA,AUS,17,-4.650520763321652
ITA,AUT,17,-2.1783076865064963
ITA,BEL,17,-2.553326958090623
ITA,CAN,17,-4.867547551566354
ITA,DEU,17,-4.128277630950686
ITA,ESP,17,-3.175550760857532
ITA,FIN,17,-1.4774102555605855
ITA,FRA,17,-3.373904837828178
ITA,GBR,17,-4.036699085740671
ITA,IRL,17,-5.836175805642653
ITA,ISR,17,-3.649385830776007
ITA,JPN,17,-4.46642461894418
ITA,KOR,17,-5.334724263003986
ITA,NLD,17,-4.158718333694464
ITA,NOR,17,-3.2896430771257448
ITA,NZL,17,-4.863183981931344
ITA,PRT,17,-2.793742164515592
ITA,USA,17,-5.003937454223126
JPN,AUS,17,-4.155677126585724
JPN,AUT,17,-3.5217578405878296
JPN,BEL,17,-2.901203591511555
JPN,CAN,17,-3.733161692807416
JPN,DEU,17,-4.72330397025846
JPN,ESP,17,-4.671610024817404
JPN,FIN,17,-3.6338250874525873
JPN,FRA,17,-4.5236041336026265
JPN,GBR,17,-4.817298049254987
JPN,IRL,17,-5.271324129432237
JPN,ISR,17,-4.608459220559855
JPN,ITA,17,-4.058343018308628
JPN,KOR,17,-3.221287410325675
JPN,NLD,17,-3.680847477186198
JPN,NOR,17,-4.771412961965744
JPN,NZL,17,-4.231475921443584
JPN,PRT,17,-4.46530253664502
JPN,USA,17,-4.361346300855119
KOR,AUS,17,-8.424551612012003
KOR,AUT,17,-6.9586542433572465
KOR,BEL,17,-2.9709074874908112
KOR,CAN,17,-6.497854673984122
KOR,DEU,17,-4.6231398738365925
KOR,ESP,17,-6.144277797520903
KOR,FIN,17,-8.761063916522053
KOR,FRA,17,-5.51785069506345
KOR,GBR,17,-7.801699353910392
KOR,IRL,17,-8.539182236455806
KOR,ISR,17,-7.577849929893603
KOR,ITA,17,-5.7464610778773615
KOR,JPN,17,-7.07039054148707
KOR,NLD,17,-8.383887917202319
KOR,NOR,17,-3.2968620781293274
KOR,NZL,17,-7.26757114241979
KOR,PRT,17,-10.337735562415537
KOR,USA,17,-6.447477236934473
NLD,AUS,17,-4.671542143296011
NLD,AUT,17,-3.1364447357313425
NLD,BEL,17,-1.7430765704487095
NLD,CAN,17,-6.486243539771304
NLD,DEU,17,-4.140567884139767
NLD,ESP,17,-5.055081442971173
NLD,FIN,17,-4.286283207571688
NLD,FRA,17,-4.682630685575974
NLD,GBR,17,-4.780259175355533
NLD,IRL,17,-3.5273364983611524
NLD,ISR,17,-2.4288782228658437
NLD,ITA,17,-5.178337111022943
NLD,JPN,17,-6.6692988164539395
NLD,KOR,17,-6.421120494205152
NLD,NOR,17,-3.1421778619462946
NLD,NZL,17,-2.3295107093483294
NLD,PRT,17,-1.9448161110182713
NLD,USA,17,-6.084756598021948
NOR,AUS,17,-11.531372719460066
NOR,AUT,17,-10.345023995824842
NOR,BEL,17,-9.227202977339388
NOR,CAN,17,-8.27278948992828
NOR,DEU,17,-8.332973543082755
NOR,ESP,17,-5.377202306153052
NOR,FIN,17,-5.845456034559717
NOR,FRA,17,-7.161497459402385
NOR,GBR,17,-8.01908326271954
NOR,IRL,17,-7.532482721650453
NOR,ISR,17,-8.825389497424677
NOR,ITA,17,-8.991087170371813
NOR,JPN,17,-10.27107179831868
NOR,KOR,17,-7.217067288936103
NOR,NLD,17,-7.480761724693109
NOR,NZL,17,-13.546460845754083
NOR,PRT,17,-8.321989969881914
NOR,USA,17,-9.507227841147674
NZL,AUS,17,-4.656383469470143
NZL,AUT,17,-10.469120172165486
NZL,BEL,17,-11.376049386376565
NZL,CAN,17,-7.904265674966432
NZL,DEU,17,-8.837703550447564
NZL,ESP,17,-5.891442830638224
NZL,FIN,17,-9.15668361577707
NZL,FRA,17,-8.97643626422203
NZL,GBR,17,-5.801600478641482
NZL,IRL,17,-4.920673965969
NZL,ISR,17,-11.76171959863104
NZL,ITA,17,-5.489175789797172
NZL,JPN,17,-6.603709844776508
NZL,KOR,17,-6.170981237188365
NZL,NLD,17,-6.4637088569968855
NZL,NOR,17,-9.840869209482733
NZL,PRT,17,-12.219019629346334
NZL,USA,17,-8.113966191255408
PRT,AUS,17,-9.746319032689726
PRT,AUT,17,-7.234973360812315
PRT,BEL,17,-6.195222029216511
PRT,CAN,17,-9.778134400875226
PRT,DEU,17,-8.039818392994542
PRT,ESP,17,-5.165160017698141
PRT,FIN,17,-7.484248115764231
PRT,FRA,17,-6.03646841557638
PRT,GBR,17,-8.109177395468244
PRT,IRL,17,-8.242727897337389
PRT,ISR,17,-6.21303764628666
PRT,ITA,17,-5.932434335804842
PRT,JPN,17,-10.203364302954588
PRT,KOR,17,-11.780401797203604
PRT,NLD,17,-6.395009757588296
PRT,NOR,17,-6.740526719418624
PRT,NZL,17,-10.035422585619488
PRT,USA,17,-9.375034795856827
USA,AUS,17,-1.1265668772900543
USA,AUT,17,-0.21562892502476405
USA,BEL,17,-0.9782541617463716
USA,CAN,17,-0.18414125698258577
USA,DEU,17,-0.9784299434683588
USA,ESP,17,-2.0422481008696343
USA,FIN,17,-1.1393468057014724
USA,FRA,17,-1.0720200960455424
USA,GBR,17,-1.1046702246953402
USA,IRL,17,0.0
USA,ISR,17,0.0
USA,ITA,17,-1.5410477209096252
USA,JPN,17,0.0
USA,KOR,17,-0.715449436954688
USA,NLD,17,-1.3957306294179324
USA,NOR,17,-0.39255720066140753
USA,NZL,17,-0.24021129862134138
USA,PRT,17,0.0
AUS,AUT,18,-5.558650742241041
AUS,BEL,18,-6.292363355918312
AUS,CAN,18,-5.5277707896875805
AUS,DEU,18,-6.584692710725615
AUS,ESP,18,-6.21207925723994
AUS,FIN,18,-7.930346561184526
AUS,FRA,18,-6.52480024106569
AUS,GBR,18,-5.802390630978882
AUS,IRL,18,-6.441327199472803
AUS,ISR,18,-6.232349279878474
AUS,ITA,18,-6.644893143768155
AUS,JPN,18,-6.061314956895749
AUS,KOR,18,-6.639739198785486
AUS,NLD,18,-6.769582034068165
AUS,NOR,18,-7.6205904577413515
AUS,NZL,18,-2.2058945779829915
AUS,PRT,18,-6.4187667378755195
AUS,USA,18,-6.158045009649232
AUT,AUS,18,-6.997125853828294
AUT,BEL,18,-6.270399510955102
AUT,CAN,18,-6.569124243613531
AUT,DEU,18,-3.5421297389466093
AUT,ESP,18,-5.3164624772486535
AUT,FIN,18,-4.396469893497926
AUT,FRA,18,-4.342200924758486
AUT,GBR,18,-5.567694947789354
AUT,IRL,18,-6.124904488390208
AUT,ISR,18,-7.024222963144025
AUT,ITA,18,-3.4524485706555326
AUT,JPN,18,-6.444621211572431
AUT,KOR,18,-6.705672654542491
AUT,NLD,18,-4.982977380999486
AUT,NOR,18,-4.589466094131901
AUT,NZL,18,-7.1229017756528386
AUT,PRT,18,-5.3604864981064
AUT,USA,18,-7.869685119001208
BEL,AUS,18,-5.043925573067284
BEL,AUT,18,-4.025340139771216
BEL,CAN,18,-4.790944657585187
BEL,DEU,18,-3.5061479049171664
BEL,ESP,18,-3.5369539460603976
BEL,FIN,18,-4.040835263676858
BEL,FRA,18,-2.0949628250887846
BEL,GBR,18,-3.220000848745264
BEL,IRL,18,-3.2103027450742667
BEL,ISR,18,-0.28319566745991964
BEL,ITA,18,-2.1355126140827547
BEL,JPN,18,-4.3959433497872515
BEL,KOR,18,-6.163980933962145
BEL,NLD,18,-1.2878871466251953
BEL,NOR,18,-4.206338464280315
BEL,NZL,18,-4.623571314532942
BEL,PRT,18,-2.6504035498038867
BEL,USA,18,-3.607562547438196
CAN,AUS,18,-6.02226468699699
CAN,AUT,18,-3.546942689064691
CAN,BEL,18,-4.437214770057635
CAN,DEU,18,-6.15323110606611
CAN,ESP,18,-5.905484615013297
CAN,FIN,18,-4.223540107892208
CAN,FRA,18,-5.413618711479428
CAN,GBR,18,-5.273235583021038
CAN,IRL,18,-4.804436517664862
CAN,ISR,18,-3.8480149220756594
CAN,ITA,18,-5.115391435196298
CAN,JPN,18,-6.426756485628578
CAN,KOR,18,-6.363885771311041
CAN,NLD,18,-5.392914740932098
CAN,NOR,18,-5.469549156426574
CAN,NZL,18,-5.531690434871339
CAN,PRT,18,-5.7468781160041
CAN,USA,18,-2.9551455216126525
DEU,AUS,18,-5.564765697630099
DEU,AUT,18,-0.9306912582915499
DEU,BEL,18,-2.271191911176279
DEU,CAN,18,-5.58858732197344
DEU,ESP,18,-3.032670474431806
DEU,FIN,18,-2.599352914713671
DEU,FRA,18,-2.8509272992457153
DEU,GBR,18,-3.4596403259539517
DEU,IRL,18,-3.44091331069238
DEU,ISR,18,-4.566424975067168
DEU,ITA,18,-2.710368375089661
DEU,JPN,18,-5.422815464401335
DEU,KOR,18,-4.943473745597714
DEU,NLD,18,-1.908422000039328
DEU,NOR,18,-3.103684202170156
DEU,NZL,18,-5.696134442483208
DEU,PRT,18,-2.6491150923659688
DEU,USA,18,-5.951248607822544
ESP,AUS,18,-8.0612151916126
ESP,AUT,18,-5.757376233536258
ESP,BEL,18,-5.5149681368406025
ESP,CAN,18,-7.940477432563608
ESP,DEU,18,-5.637403034784502
ESP,FIN,18,-5.2681716504106495
ESP,FRA,18,-4.063883751236029
ESP,GBR,18,-5.966826285390554
ESP,IRL,18,-5.195551767611281
ESP,ISR,18,-6.609478148706651
ESP,ITA,18,-4.63581061733266
ESP,JPN,18,-7.547478840830125
ESP,KOR,18,-8.547414732805313
ESP,NLD,18,-5.892225772586282
ESP,NOR,18,-5.584839859559029
ESP,NZL,18,-7.7212351739535015
ESP,PRT,18,-1.7931068245839425
ESP,USA,18,-8.130861267851188
FIN,AUS,18,-9.496996807345749
FIN,AUT,18,-6.808588681178587
FIN,BEL,18,-6.912739870600486
FIN,CAN,18,-8.055955608202762
FIN,DEU,18,-6.38940588770027
FIN,ESP,18,-7.793316977976802
FIN,FRA,18,-7.00696788962848
FIN,GBR,18,-7.86312959912175
FIN,IRL,18,-7.2851605737436005
FIN,ISR,18,-9.316975405461529
FIN,ITA,18,-7.7832321141998415
FIN,JPN,18,-8.90600186967973
FIN,KOR,18,-7.980162710537974
FIN,NLD,18,-7.44831340333408
FIN,NOR,18,-4.849594291759463
FIN,NZL,18,-9.997006451857061
FIN,PRT,18,-6.556142497247635
FIN,USA,18,-9.703348758981065
FRA,AUS,18,-6.347425997185042
FRA,AUT,18,-3.752041171188779
FRA,BEL,18,-3.000632653922751
FRA,CAN,18,-5.938190790168521
FRA,DEU,18,-4.004637533441662
FRA,ESP,18,-2.857918054260187
FRA,FIN,18,-4.212188375630309
FRA,GBR,18,-4.03521501607286
FRA,IRL,18,-4.395299598635385
FRA,ISR,18,-4.860802117273478
FRA,ITA,18,-3.1038704257432377
FRA,JPN,18,-4.97308297602293
FRA,KOR,18,-5.2070576978015835
FRA,NLD,18,-3.69128972375809
FRA,NOR,18,-4.439990827790163
FRA,NZL,18,-5.918227363040349
FRA,PRT,18,-1.979264558180678
FRA,USA,18,-6.040918604337937
GBR,AUS,18,-5.460794393282592
GBR,AUT,18,-4.127688124110058
GBR,BEL,18,-3.5193227672825684
GBR,CAN,18,-5.768177247331744
GBR,DEU,18,-4.25368231351138
GBR,ESP,18,-2.8553554162696018
GBR,FIN,18,-3.9971451925957786
GBR,FRA,18,-3.587819937998184
GBR,IRL,18,-0.6017187726450741
GBR,ISR,18,-3.8225959017072086
GBR,ITA,18,-3.2567228458886386
GBR,JPN,18,-5.7153523769117385
GBR,KOR,18,-5.476916896664026
GBR,NLD,18,-2.9444424559457274
GBR,NOR,18,-3.530389262721331
GBR,NZL,18,-5.152292780622274
GBR,PRT,18,-3.5191676069881885
GBR,USA,18,-5.859134813088074
IRL,AUS,18,-7.666635885701757
IRL,AUT,18,-4.871261264020679
IRL,BEL,18,-6.3868256461916015
IRL,CAN,18,-8.47368447690301
IRL,DEU,18,-4.952473291709354
IRL,ESP,18,-6.055513963437302
IRL,FIN,18,-6.264118162370901
IRL,FRA,18,-5.663880184232046
IRL,GBR,18,-4.676701020007056
IRL,ISR,18,-7.5586593332132885
IRL,ITA,18,-6.043242324452823
IRL,JPN,18,-7.439544470527193
IRL,KOR,18,-6.181695042220398
IRL,NLD,18,-7.000538960877099
IRL,NOR,18,-6.307379389097405
IRL,NZL,18,-7.689266208161068
IRL,PRT,18,-7.836449281139531
IRL,USA,18,-7.464807123683509
ISR,AUS,18,-6.27519666815009
ISR,AUT,18,-7.327389127920428
ISR,BEL,18,-3.7132653663611874
ISR,CAN,18,-6.324731736249536
ISR,DEU,18,-6.731582513183565
ISR,ESP,18,-6.529843655339981
ISR,FIN,18,-7.676039407007955
ISR,FRA,18,-6.772565421178671
ISR,GBR,18,-5.739978008052312
ISR,IRL,18,-7.266278010384124
ISR,ITA,18,-5.549616903898227
ISR,JPN,18,-6.697763456100526
ISR,KOR,18,-7.504681388480987
ISR,NLD,18,-7.060374615151605
ISR,NOR,18,-6.938599950140709
ISR,NZL,18,-7.456120237832301
ISR,PRT,18,-6.811162350117406
ISR,USA,18,-4.339801860370733
ITA,AUS,18,-6.175424124603426
ITA,AUT,18,-3.9388845325243995
ITA,BEL,18,-4.584459996390878
ITA,CAN,18,-6.12362819714318
ITA,DEU,18,-4.230986853334413
ITA,ESP,18,-4.0440776311109445
ITA,FIN,18,-4.554871657009874
ITA,FRA,18,-3.7385415691908452
ITA,GBR,18,-4.5069127894873375
ITA,IRL,18,-4.7179182876535
ITA,ISR,18,-4.4960195115833415
ITA,JPN,18,-6.173156184312895
ITA,KOR,18,-6.142536351190426
ITA,NLD,18,-5.030329015574667
ITA,NOR,18,-4.553598915764578
ITA,NZL,18,-6.1047817610580974
ITA,PRT,18,-3.503073480429384
ITA,USA,18,-6.287127715032687
JPN,AUS,18,-5.34981261039551
JPN,AUT,18,-3.9581779179136523
JPN,BEL,18,-4.731911235860331
JPN,CAN,18,-4.795636788678673
JPN,DEU,18,-4.261938430404571
JPN,ESP,18,-4.422416998861037
JPN,FIN,18,-5.03049486493941
JPN,FRA,18,-4.3409038022363475
JPN,GBR,18,-4.684498468425174
JPN,IRL,18,-5.348538605949857
JPN,ISR,18,-4.940683351760802
JPN,ITA,18,-4.8899908837107855
JPN,KOR,18,-3.465987708915494
JPN,NLD,18,-5.390252932274954
JPN,NOR,18,-4.915473334860495
JPN,NZL,18,-5.388984890710045
JPN,PRT,18,-6.1097720705915854
JPN,USA,18,-4.988255798145328
KOR,AUS,18,-6.700548963445959
KOR,AUT,18,-6.330223169889881
KOR,BEL,18,-6.760624912442884
KOR,CAN,18,-6.264136899434809
KOR,DEU,18,-5.696084569679385
KOR,ESP,18,-6.0057621470775
KOR,FIN,18,-5.992540269503531
KOR,FRA,18,-6.137139575452811
KOR,GBR,18,-6.079859626926062
KOR,IRL,18,-6.510944785507874
KOR,ISR,18,-6.278332432167208
KOR,ITA,18,-5.624137213720463
KOR,JPN,18,-5.384243223320223
KOR,NLD,18,-5.842661934708948
KOR,NOR,18,-5.592348661147027
KOR,NZL,18,-6.393552248856929
KOR,PRT,18,-7.1048055465973565
KOR,USA,18,-6.2040353144953375
NLD,AUS,18,-7.1885511866044425
NLD,AUT,18,-4.720248231640894
NLD,BEL,18,-2.854576895084705
NLD,CAN,18,-7.455682308781037
NLD,DEU,18,-3.638628952872049
NLD,ESP,18,-4.877670734676902
NLD,FIN,18,-3.867235016618313
NLD,FRA,18,-4.80064552938522
NLD,GBR,18,-4.874178702654126
NLD,IRL,18,-3.939266546782812
NLD,ISR,18,-5.752381446402351
NLD,ITA,18,-4.409311029591349
NLD,JPN,18,-8.058793202673776
NLD,KOR,18,-7.417151374006872
NLD,NOR,18,-4.317725190030608
NLD,NZL,18,-7.400771486328157
NLD,PRT,18,-3.1666820049090383
NLD,USA,18,-8.315305188258069
NOR,AUS,18,-8.20110677736607
NOR,AUT,18,-7.08149290168719
NOR,BEL,18,-8.904829920271686
NOR,CAN,18,-7.634108566046571
NOR,DEU,18,-5.322263702416636
NOR,ESP,18,-7.223518332884819
NOR,FIN,18,-4.0251129302254
NOR,FRA,18,-6.582390954741575
NOR,GBR,18,-6.6033337578322575
NOR,IRL,18,-6.584535932252692
NOR,ISR,18,-8.943355196648842
NOR,ITA,18,-8.615325177481882
NOR,JPN,18,-7.725082046914406
NOR,KOR,18,-8.27611580876264
NOR,NLD,18,-5.744825354708161
NOR,NZL,18,-7.320993283449648
NOR,PRT,18,-9.033018580549205
NOR,USA,18,-8.067341751309735
NZL,AUS,18,-4.4072612638444015
NZL,AUT,18,-9.187015674298333
NZL,BEL,18,-8.642781338970476
NZL,CAN,18,-9.019545240940428
NZL,DEU,18,-8.42933047374604
NZL,ESP,18,-9.08131800292638
NZL,FIN,18,-10.186037028062373
NZL,FRA,18,-8.9658725972868
NZL,GBR,18,-7.866091676012248
NZL,IRL,18,-7.525917049895574
NZL,ISR,18,-11.14738728093601
NZL,ITA,18,-9.137195930592293
NZL,JPN,18,-9.326680926550695
NZL,KOR,18,-9.564549977400395
NZL,NLD,18,-5.961366308166472
NZL,NOR,18,-9.765675684751036
NZL,PRT,18,-9.369001043254343
NZL,USA,18,-8.614752379450664
PRT,AUS,18,-11.043101548257294
PRT,AUT,18,-7.059976587068158
PRT,BEL,18,-6.949807116852607
PRT,CAN,18,-10.029348404534229
PRT,DEU,18,-7.014532559306394
PRT,ESP,18,-4.593995064072672
PRT,FIN,18,-7.790568661504807
PRT,FRA,18,-4.967112719193588
PRT,GBR,18,-7.3241727898929145
PRT,IRL,18,-7.836946829395137
PRT,ISR,18,-8.893454673350613
PRT,ITA,18,-6.827389452157286
PRT,JPN,18,-11.353582516963344
PRT,KOR,18,-10.314340514346247
PRT,NLD,18,-7.9290604591565135
PRT,NOR,18,-7.341515072710072
PRT,NZL,18,-12.140141832417044
PRT,USA,18,-10.415830567458528
USA,AUS,18,-3.687494083368346
USA,AUT,18,-3.5096650663930786
USA,BEL,18,-2.08306729245896
USA,CAN,18,-1.3939240737242615
USA,DEU,18,-3.724758186153287
USA,ESP,18,-3.8434958602921236
USA,FIN,18,-3.262818214132949
USA,FRA,18,-3.672684892213577
USA,GBR,18,-2.8169649641336063
USA,IRL,18,-2.225895553089562
USA,ISR,18,-0.901841806850336
USA,ITA,18,-3.5516021433657503
USA,JPN,18,-3.464890182689632
USA,KOR,18,-3.294616190021264
USA,NLD,18,-2.738264605443103
USA,NOR,18,-3.4447541768824026
USA,NZL,18,-3.3498486604358106
USA,PRT,18,-4.313408896347625
