key,country,num_nodes,num_edges,ave_deg,density,ave_clust,ave_dist,diameter,links_supported,info_total,info_total_friend_only,info_expostIC,info_SP,comp_total,comp_supp,comp_trans,comp_by_three
1,India,175,868,9.92,0.057011494252873565,0.20989751633339973,2.573399014778325,5,0.804147465437788,0.45694581280788177,0.4457799671592775,0.31566502463054186,,0.4457799671592775,0.0458456486042693,0.2698193760262726,0.001444991789819376
2,India,178,674,7.573033707865169,0.04278550117437949,0.207421571213275,2.95404050022218,6,0.7403560830860534,0.2979115089189361,0.2868025138068939,0.17469688313337142,,0.2868025138068939,0.03167650606233733,0.1430203770710341,0.0006982796927569352
3,India,272,1294,9.514705882352942,0.035109615802040375,0.1627227533096247,2.8130833514217497,6,0.7372488408037094,0.3243705231169959,0.3151454308660734,0.19516496635554592,,0.3151454308660734,0.025884523551117863,0.16928044280442806,0.0008953766008248318
4,India,222,933,8.405405405405405,0.038033508621743914,0.17821695993690878,2.8726101667278137,6,0.6902465166130761,0.30084383025559497,0.2890628184745832,0.15441686029921323,,0.2890628184745832,0.026252496840732133,0.12816436345848112,0.0009375891728832905
5,India,133,543,8.165413533834586,0.06185919343814081,0.2187116709806949,2.6926406926406927,5,0.7808471454880295,0.3954203691045796,0.3818637502848029,0.2502848029163819,,0.3818637502848029,0.04830257461836409,0.20198222829801776,0.0019366598313966736
6,India,107,365,6.822429906542056,0.06436254628813261,0.24008082554290705,2.750837594780462,6,0.7808219178082192,0.39816610827014637,0.38405924880973374,0.23840592488097337,,0.38405924880973374,0.05025568682771998,0.1881502380532534,0.0014106859460412625
7,India,142,710,10.0,0.07092198581560284,0.3120006536872336,2.4828688442713016,5,0.8661971830985915,0.5094396164219359,0.49995005493956646,0.38677454799720307,,0.49995005493956646,0.06143242433323344,0.32534212366396964,0.0006992308460693238
8,India,92,392,8.521739130434783,0.09364548494983277,0.3531178777325634,2.467032967032967,5,0.8775510204081632,0.5293836598184424,0.5179168657429527,0.4010989010989011,,0.5179168657429527,0.08217869087434305,0.3189202102245581,0.00047778308647873863
9,India,201,1038,10.328358208955224,0.05164179104477612,0.29649024136516416,2.649402985074627,5,0.8631984585741811,0.4108457711442786,0.40378109452736316,0.3207960199004975,,0.40378109452736316,0.0445771144278607,0.27621890547263683,0.000845771144278607
10,India,75,334,8.906666666666666,0.12036036036036037,0.3808938049222879,2.2954954954954956,5,0.9431137724550899,0.6306306306306306,0.6237837837837837,0.5661261261261261,,0.6237837837837837,0.11351351351351352,0.4526126126126126,0.00036036036036036037
11,India,130,569,8.753846153846155,0.0678592725104353,0.28782412748107994,2.5465712581991653,5,0.820738137082601,0.4691711389385808,0.45700655933214074,0.33536076326774,,0.45700655933214074,0.05569469290399523,0.2796660703637448,0.0014311270125223613
12,India,166,703,8.46987951807229,0.05133260313983205,0.21378867332125662,2.67776560788609,5,0.8036984352773826,0.3873676524278934,0.37729098211025924,0.2629426798101497,,0.37729098211025924,0.04125593282219788,0.2216867469879518,0.0002190580503833516
14,India,140,541,7.728571428571429,0.05560123329907503,0.27633500886607004,2.72415210688592,5,0.8317929759704251,0.3803699897225077,0.3710174717368962,0.263617677286742,,0.3710174717368962,0.046248715313463515,0.2173689619732785,0.0010277492291880781
15,India,170,888,10.447058823529412,0.06181691611555865,0.19975117306262033,2.4930038287504352,5,0.8085585585585585,0.5026801253045597,0.49084580577793246,0.369926905673512,,0.49084580577793246,0.04998259658893143,0.3199443090845806,0.0013922728854855553
16,India,140,648,9.257142857142858,0.06659815005138746,0.28541943444488393,2.5873586844809866,5,0.8472222222222222,0.452415210688592,0.44224049331963,0.3308324768756423,,0.44224049331963,0.05642343268242549,0.2744090441932169,0.00041109969167523125
17,India,174,773,8.885057471264368,0.05135871370673045,0.19126922103664382,2.7051358713706732,6,0.7813712807244502,0.3834296724470135,0.37220118264567137,0.24935220251146104,,0.37220118264567137,0.04013022390538835,0.2092219786060727,0.0015281376652714106
18,India,226,1075,9.513274336283185,0.04228121927236971,0.20907299553173286,2.7267649950835793,5,0.7469767441860465,0.35889872173058013,0.34820058997050146,0.22057030481809242,,0.34820058997050146,0.03158308751229105,0.18898721730580137,0.0011799410029498525
19,India,200,918,9.18,0.04613065326633166,0.24015306166771985,2.697537688442211,5,0.835511982570806,0.38567839195979897,0.37809045226130655,0.2815577889447236,,0.37809045226130655,0.0385427135678392,0.2430150753768844,0.00035175879396984926
20,India,132,478,7.242424242424242,0.055285681239879716,0.22998431775873374,2.736294240111034,5,0.7405857740585774,0.3787878787878788,0.36444598658339117,0.2356002775850104,,0.36444598658339117,0.040943789035392086,0.1946564885496183,0.001503585473051122
21,India,193,952,9.865284974093264,0.051381692573402415,0.23127151762254664,2.6445379965457687,6,0.8109243697478992,0.4175302245250432,0.40781519861830745,0.297279792746114,,0.40781519861830745,0.041666666666666664,0.2556131260794473,0.0012413644214162348
23,India,236,1064,9.016949152542374,0.03836999639379733,0.20154715143083857,2.826866209880995,6,0.756578947368421,0.3265777136675081,0.3172376487558601,0.19711503786512802,,0.3172376487558601,0.029029931482149298,0.16808510638297872,0.0015146051208077894
24,India,158,806,10.20253164556962,0.06498427799725873,0.20991016515017577,2.4997984358622913,5,0.8101736972704715,0.4940740143513666,0.4817382891235991,0.34362654196565345,,0.4817382891235991,0.05264855276949125,0.29097798919616225,0.002015641377086189
25,India,243,1162,9.563786008230453,0.03951977689351427,0.20965119411426927,2.761929054858348,6,0.7839931153184165,0.34581505288576,0.33727850899568074,0.22555521545420534,,0.33727850899568074,0.030983233003435022,0.19457198245077034,0.0009522837805666088
26,India,123,581,9.447154471544716,0.07743569238971078,0.30912882842329337,2.550713048114088,5,0.8554216867469879,0.47181127548980406,0.4606157536985206,0.3494602159136345,,0.4606157536985206,0.0662401705984273,0.2832200453152072,0.0010662401705984273
27,India,150,514,6.8533333333333335,0.04599552572706935,0.18219619905378417,3.00510067114094,7,0.6750972762645915,0.28993288590604027,0.27498881431767336,0.15006711409395973,,0.27498881431767336,0.031051454138702462,0.11901565995525727,0.0017002237136465323
28,India,298,1374,9.221476510067115,0.03104874245813843,0.1915792723436154,2.886267597676994,6,0.7336244541484717,0.28538178202607734,0.2771111563057872,0.16457641289856054,,0.2771111563057872,0.02277811673784828,0.14179829616071227,0.0009038935213431858
29,India,270,1126,8.34074074074074,0.03100647115517004,0.21766954207972725,3.019055486713479,6,0.7300177619893428,0.24609665427509295,0.23772545779980725,0.1339116067740603,,0.23772545779980725,0.022635274679884344,0.11127633209417596,0.0003855156271513149
30,India,134,602,8.985074626865671,0.06755695208169678,0.3061877837176873,2.540118954101672,5,0.867109634551495,0.47357198967568176,0.4645943216249579,0.36684996072270226,,0.4645943216249579,0.058579284030972956,0.3082706766917293,0.000561104253170239
31,India,144,601,8.347222222222221,0.058372183372183375,0.31296529326809497,2.936771561771562,6,0.8602329450915142,0.33284770784770784,0.3246891996891997,0.24553224553224554,,0.3246891996891997,0.050213675213675216,0.1953185703185703,0.0011655011655011655
32,India,227,1171,10.317180616740089,0.04565124166699154,0.2401824134570687,2.6683170246774006,6,0.8462852263023057,0.41440879497875327,0.4073915246968929,0.31643990487700285,,0.4073915246968929,0.03863397138513119,0.27780593349187166,0.0003508635140930178
33,India,194,758,7.814432989690721,0.04048929010202446,0.24694550181453825,3.0028310453501414,6,0.7889182058047494,0.2722076812136104,0.2636611292131831,0.17258693445862935,,0.2636611292131831,0.03194273810159714,0.1406441963570322,0.0002136638000106832
34,India,144,504,7.0,0.04895104895104895,0.3555172055420238,3.1318958818958818,7,0.8134920634920635,0.25893550893550893,0.2498057498057498,0.16462703962703962,,0.2498057498057498,0.039821289821289824,0.12480574980574981,0.0003885003885003885
35,India,187,688,7.358288770053476,0.03956069231211546,0.3119481570760091,3.1793456385486745,7,0.8125,0.24610430682536943,0.2386866770168478,0.15117014547754587,,0.2386866770168478,0.03214306250359381,0.11902708297395205,0.0005175090564084871
36,India,269,1496,11.12267657992565,0.041502524551961385,0.2586490661480223,2.7273761304999167,5,0.8556149732620321,0.3702768684458747,0.3642845253287466,0.27409421295011926,,0.3642845253287466,0.03551018143483327,0.238584031515286,0.00044387726793541584
37,India,116,536,9.241379310344827,0.08035982008995503,0.3225465259094886,2.561769115442279,5,0.8805970149253731,0.4761619190404798,0.46656671664167915,0.3559220389805097,,0.46656671664167915,0.07076461769115443,0.28515742128935534,0.0004497751124437781
38,India,153,529,6.915032679738562,0.04549363605091159,0.2221245529100912,2.8746990024079806,6,0.7107750472589792,0.3089095287237702,0.2957516339869281,0.16563467492260062,,0.2957516339869281,0.03233574131406949,0.13329893360853112,0.0009459924320605435
39,India,274,1203,8.781021897810218,0.03216491537659421,0.22386706356320388,2.9157241784979013,6,0.7364921030756443,0.27242587096601695,0.2639501617603807,0.15534344001497286,,0.2639501617603807,0.023689206170957995,0.13165423384401487,0.0008823293494826342
40,India,231,968,8.380952380952381,0.03643892339544513,0.24996328683753127,3.0536420101637494,6,0.8026859504132231,0.2492377188029362,0.24204780726519856,0.15418784114436287,,0.24204780726519856,0.02924901185770751,0.12493882928665537,0.0007528703180877094
41,India,161,691,8.583850931677018,0.053649068322981365,0.24111651624297564,2.7472826086956523,6,0.8017366136034733,0.36482919254658386,0.3541925465838509,0.23649068322981368,,0.3541925465838509,0.04301242236024845,0.1934782608695652,0.0006987577639751553
42,India,173,715,8.265895953757225,0.048057534614867586,0.2722204267617416,3.0038311601021643,6,0.8335664335664336,0.2965452345745396,0.2885468476945826,0.20264820540395215,,0.2885468476945826,0.04005914773491061,0.16258905766904153,0.00047049334587982255
43,India,192,826,8.604166666666666,0.04504799301919721,0.2419400127392595,2.8101003490401397,6,0.7869249394673123,0.3295157068062827,0.31991710296684117,0.2006435427574171,,0.31991710296684117,0.03544938917975567,0.16519415357766143,0.0006544502617801048
44,India,219,1079,9.853881278538813,0.045201290268526664,0.26272368554239894,2.7540949268987474,5,0.8229842446709916,0.35184952452766954,0.34384818398894057,0.24071048552637092,,0.34384818398894057,0.03719994972979766,0.20351053579657324,0.0006702693645008588
45,India,211,846,8.018957345971565,0.03818551117129316,0.23877492983690474,2.990431053938163,6,0.7529550827423168,0.26937485894831864,0.25994132250056423,0.15842924847664183,,0.25994132250056423,0.028751974723538704,0.12967727375310314,0.00040622884224779957
46,India,251,1091,8.693227091633466,0.034772908366533864,0.2352754815474219,3.0250836653386455,6,0.7818515123739689,0.2577529880478088,0.25016733067729086,0.15891633466135457,,0.25016733067729086,0.027187250996015936,0.13172908366533864,0.0005099601593625498
47,India,131,652,9.954198473282442,0.07657075748678802,0.26700927063085955,2.4762184380504992,5,0.8374233128834356,0.5190839694656488,0.506635349383441,0.38790369935408103,,0.506635349383441,0.06412213740458016,0.32378156194950086,0.0021139166177334117
48,India,175,892,10.194285714285714,0.05858784893267652,0.25808185802222683,2.5726108374384236,6,0.8475336322869955,0.4459770114942529,0.43704433497536943,0.3314942528735632,,0.43704433497536943,0.0496551724137931,0.28183908045977013,0.0006568144499178982
49,India,170,896,10.541176470588235,0.062373825269752874,0.2829703840142566,2.589140271493213,5,0.8794642857142857,0.4504002784545771,0.4428820048729551,0.33762617473024714,,0.4428820048729551,0.054855551688130874,0.28277062304211625,0.0006265227984684998
50,India,223,1255,11.25560538116592,0.05070092514038702,0.3464992514836094,2.7440310265422374,6,0.900398406374502,0.3681977942067628,0.3631479012644932,0.2779461075425201,,0.3631479012644932,0.0456510321981174,0.2322950753444027,0.00032319314830525593
51,India,236,1604,13.59322033898305,0.0578434908041832,0.3787671198163237,2.58355571583123,5,0.9382793017456359,0.45546339704291383,0.45189325640100975,0.3829065993508835,,0.45189325640100975,0.05427335016227912,0.3286332491886044,0.00010818608005769924
52,India,316,2015,12.753164556962025,0.040486236688768336,0.3300141842603574,2.779766927868194,6,0.9086848635235732,0.344122965641953,0.34042595941330117,0.2773759292746634,,0.34042595941330117,0.036789230460116534,0.24058669881454692,0.0003013863773357444
53,India,148,869,11.743243243243244,0.07988600845743703,0.3814122322756984,2.495587424158853,5,0.9355581127733027,0.5058834344548631,0.5007354293068579,0.42691671263099834,,0.5007354293068579,0.07473800330943188,0.3521787093215665,0.0
54,India,96,551,11.479166666666666,0.12083333333333333,0.4534766697172367,2.3287280701754387,5,0.9473684210526315,0.5973684210526315,0.5910087719298246,0.5105263157894737,,0.5910087719298246,0.11447368421052631,0.3960526315789474,0.0002192982456140351
55,India,246,892,7.252032520325203,0.029600132736021238,0.26124903956154427,3.31630993860959,7,0.757847533632287,0.18729052596648416,0.18012278081964492,0.10147668823627012,,0.18012278081964492,0.022432387589182014,0.0790443006470881,0.0002654720424755268
56,India,130,493,7.584615384615384,0.05879546809779368,0.23071136233428569,2.7227191413237923,6,0.7606490872210954,0.3744782349433512,0.3604054859868813,0.23076923076923078,,0.3604054859868813,0.044722719141323794,0.18604651162790697,0.0004770423375074538
57,India,196,951,9.704081632653061,0.049764521193092624,0.22056692848771275,2.691156462585034,5,0.8159831756046267,0.39304029304029303,0.3838827838827839,0.271847200418629,,0.3838827838827839,0.040607012035583465,0.23124018838304553,0.0009419152276295133
58,India,173,832,9.61849710982659,0.0559214948245732,0.24459977802201735,2.686449791638661,6,0.8245192307692307,0.39642425057131336,0.38661110364296275,0.27496975399919343,,0.38661110364296275,0.04610834789622261,0.22886140610297082,0.001142626697136712
59,India,310,1407,9.07741935483871,0.029376761666144693,0.23871142228921127,3.0795072554546405,6,0.7818052594171997,0.22747677210564776,0.2210669172147406,0.14020252635974528,,0.2210669172147406,0.022966906775237498,0.11723561958450777,0.00029230608623029546
60,India,341,1420,8.328445747800586,0.024495428670001724,0.19553746317588028,3.1158185268242193,7,0.7056338028169014,0.21492151112644473,0.20771088494048645,0.11104019320338106,,0.20771088494048645,0.01728480248404347,0.09375539071933758,0.0005692599620493358
61,India,115,508,8.834782608695653,0.07749809305873379,0.34972741857369666,2.670327993897788,6,0.90748031496063,0.4303585049580473,0.42318840579710143,0.3537757437070938,,0.42318840579710143,0.07032799389778795,0.28344774980930587,0.00015255530129672007
62,India,186,828,8.903225806451612,0.04812554489973845,0.26845712620988094,2.761057832025574,5,0.8067632850241546,0.34803836094158674,0.3387387387387387,0.22522522522522523,,0.3387387387387387,0.03882592269689044,0.18639930252833478,0.0008137169427492008
63,India,155,535,6.903225806451613,0.04482614160033515,0.2418247943832944,3.0139924591537497,6,0.719626168224299,0.27926267281105993,0.2666945957268538,0.15492249685798073,,0.2666945957268538,0.03225806451612903,0.1226644323418517,0.0013405948889819858
64,India,248,960,7.741935483870968,0.0313438683557529,0.2290882620698215,3.058835052892778,6,0.7552083333333334,0.24017239127595663,0.2324996735013713,0.14326759827608723,,0.2324996735013713,0.02367115058116756,0.11959644769491969,0.00042444821731748726
65,India,287,1719,11.979094076655052,0.04188494432396871,0.2598020512210305,2.717623839575059,5,0.8696916812100058,0.3657561950244877,0.36029823834701885,0.27199629638654027,,0.36029823834701885,0.03642698764649984,0.23556930874004045,0.0003167564143173899
66,India,174,775,8.908045977011493,0.051491595242841005,0.2750394223408722,2.734901335459438,6,0.8154838709677419,0.36270015281376655,0.3531991229818617,0.24403694106703874,,0.3531991229818617,0.041990565410936154,0.2020463756561026,0.00039864460833167234
67,India,191,1015,10.6282722513089,0.05593827500688895,0.300956471049429,2.7179388261228987,5,0.8817733990147784,0.38550564893910166,0.3788922568200606,0.2957839625241113,,0.3788922568200606,0.04932488288784789,0.24645907963626343,0.0003306696059520529
68,India,150,740,9.866666666666667,0.06621923937360179,0.2823492752846233,2.556062639821029,5,0.8635135135135135,0.46380313199105144,0.45476510067114095,0.35910514541387023,,0.45476510067114095,0.05718120805369128,0.301923937360179,0.0007158836689038032
69,India,175,1210,13.82857142857143,0.07947454844006568,0.3158605654463481,2.4182594417077174,5,0.9239669421487603,0.5567159277504105,0.5506732348111658,0.46220032840722497,,0.5506732348111658,0.07343185550082101,0.38876847290640393,0.0004597701149425287
70,India,199,1290,12.964824120603016,0.06547890970001523,0.2706883682424756,2.4467285924572355,5,0.8875968992248062,0.5297193035886503,0.5223592711029897,0.4212476524034313,,0.5223592711029897,0.0581188772143546,0.3631287751890767,0.0004060707578295518
71,India,286,1520,10.62937062937063,0.037296037296037296,0.28588785840252035,2.9407925407925406,6,0.8315789473684211,0.2918169549748497,0.2855355171144645,0.19222181327444485,,0.2855355171144645,0.031014599435652067,0.16120721383879277,0.0008833271991166729
72,India,213,1222,11.474178403755868,0.054123483036584284,0.23476350262849507,2.603374966781823,5,0.8502454991816694,0.4407830631588272,0.4326778279741341,0.3292585702896625,,0.4326778279741341,0.04601824785189122,0.2832403224377713,0.0007972362476747276
73,India,170,1011,11.894117647058824,0.07037939436129481,0.3031553885651105,2.478176122520014,5,0.9129574678536103,0.5064392620953707,0.5003132613992343,0.4219979115906718,,0.5003132613992343,0.06425339366515836,0.35774451792551343,0.0004872955099199443
74,India,159,625,7.861635220125786,0.04975718493750497,0.23595660468058796,2.885996337871189,6,0.7856,0.3114401719608311,0.3007722315102301,0.19250059708621925,,0.3007722315102301,0.03908924448690391,0.15341135259931535,0.0009553379508000956
75,India,164,998,12.170731707317072,0.0746670656890618,0.3453025131986382,2.431617537034266,5,0.9218436873747495,0.5378572497381415,0.5320215472093371,0.4586263654047583,,0.5320215472093371,0.06883136316025737,0.389795002244501,0.0002992667963489451
76,India,239,955,7.99163179916318,0.03357828487043353,0.20987989739103913,3.067543335325762,7,0.749738219895288,0.24401392356105622,0.2356105622165184,0.13726662213002355,,0.2356105622165184,0.025174923525895714,0.11209169860412785,0.0005977286312014345
77,India,137,595,8.686131386861314,0.06386861313868614,0.29874027685772053,2.722413052812366,6,0.8302521008403362,0.38814942035208244,0.37730785744954914,0.2754401030485187,,0.37730785744954914,0.05302705023615285,0.2224130528123658,0.0009660798626019751
1,Indonesia,59,305,10.338983050847459,0.1782583284628872,0.6694261839903177,2.3278784336645235,5,0.9934426229508196,0.6154295733489188,0.614260666277031,0.6043249561659848,,0.614260666277031,0.17708942139099942,0.4272355347749854,0.0
2,Indonesia,20,43,4.3,0.22631578947368422,0.6010714285714285,3.0105263157894737,7,0.9302325581395349,0.45789473684210524,0.4421052631578947,0.3894736842105263,0.30526315789473685,0.4421052631578947,0.21052631578947367,0.17894736842105263,0.0
3,Indonesia,19,41,4.315789473684211,0.23976608187134502,0.5176691729323308,2.210526315789474,5,0.8780487804878049,0.6374269005847953,0.6081871345029239,0.4619883040935672,0.3742690058479532,0.6081871345029239,0.21052631578947367,0.25146198830409355,0.0
4,Indonesia,28,127,9.071428571428571,0.335978835978836,0.8000654107796965,2.060846560846561,5,0.984251968503937,0.6613756613756614,0.656084656084656,0.6190476190476191,,0.656084656084656,0.3306878306878307,0.28835978835978837,0.0
5,Indonesia,24,61,5.083333333333333,0.2210144927536232,0.796329365079365,2.8659420289855073,6,1.0,0.4311594202898551,0.4311594202898551,0.4311594202898551,,0.4311594202898551,0.2210144927536232,0.21014492753623187,0.0
6,Indonesia,15,34,4.533333333333333,0.3238095238095238,0.8284126984126984,2.2,4,1.0,0.6190476190476191,0.6190476190476191,0.6190476190476191,0.38095238095238093,0.6190476190476191,0.3238095238095238,0.29523809523809524,0.0
7,Indonesia,20,55,5.5,0.2894736842105263,0.7572727272727272,2.357894736842105,5,0.9818181818181818,0.5473684210526316,0.5421052631578948,0.531578947368421,0.35789473684210527,0.5421052631578948,0.28421052631578947,0.24736842105263157,0.0
8,Indonesia,28,55,3.9285714285714284,0.1455026455026455,0.594812925170068,3.7248677248677247,7,0.8909090909090909,0.29365079365079366,0.2777777777777778,0.21428571428571427,,0.2777777777777778,0.12962962962962962,0.08465608465608465,0.0
9,Indonesia,46,205,8.91304347826087,0.19806763285024154,0.8158930441539137,2.5768115942028986,5,0.9902439024390244,0.4280193236714976,0.4260869565217391,0.40096618357487923,,0.4260869565217391,0.1961352657004831,0.20483091787439614,0.0
10,Indonesia,14,37,5.285714285714286,0.4065934065934066,0.7582251082251082,1.6593406593406594,3,0.9459459459459459,0.9340659340659341,0.9120879120879121,0.8571428571428571,0.7362637362637363,0.9120879120879121,0.38461538461538464,0.4725274725274725,0.0
11,Indonesia,18,28,3.111111111111111,0.1830065359477124,0.587037037037037,2.869281045751634,6,0.8928571428571429,0.38562091503267976,0.3660130718954248,0.29411764705882354,0.20261437908496732,0.3660130718954248,0.16339869281045752,0.13071895424836602,0.0
12,Indonesia,42,107,5.095238095238095,0.12427409988385599,0.5809654631083203,2.8118466898954706,7,0.9626168224299065,0.39256678281068524,0.3879210220673635,0.3670150987224158,,0.3879210220673635,0.11962833914053426,0.24738675958188153,0.0
13,Indonesia,10,12,2.4,0.26666666666666666,0.3466666666666667,2.2222222222222223,4,0.6666666666666666,0.6,0.5111111111111111,0.3333333333333333,0.3333333333333333,0.5111111111111111,0.17777777777777778,0.15555555555555556,0.0
14,Indonesia,72,243,6.75,0.09507042253521127,0.7732768003601337,3.2378716744913927,8,0.9876543209876543,0.26917057902973396,0.26799687010954615,0.2640845070422535,,0.26799687010954615,0.09389671361502347,0.17018779342723006,0.0
15,Indonesia,17,51,6.0,0.375,0.8317460317460317,2.0808823529411766,4,0.9803921568627451,0.6764705882352942,0.6691176470588235,0.6029411764705882,0.45588235294117646,0.6691176470588235,0.36764705882352944,0.23529411764705882,0.0
16,Indonesia,60,279,9.3,0.1576271186440678,0.7784664633039247,2.377401129943503,4,0.992831541218638,0.5248587570621469,0.523728813559322,0.5056497175141242,,0.523728813559322,0.15649717514124295,0.34915254237288135,0.0
17,Indonesia,30,61,4.066666666666666,0.14022988505747128,0.7812313612313613,2.8597701149425285,5,0.9672131147540983,0.36551724137931035,0.36091954022988504,0.3310344827586207,,0.36091954022988504,0.135632183908046,0.19540229885057472,0.0
18,Indonesia,9,15,3.3333333333333335,0.4166666666666667,0.6592592592592593,1.6666666666666667,3,0.8666666666666667,0.9166666666666666,0.8611111111111112,0.5833333333333334,0.6111111111111112,0.8611111111111112,0.3611111111111111,0.2222222222222222,0.0
19,Indonesia,18,35,3.888888888888889,0.22875816993464052,0.6141093474426808,2.156862745098039,4,0.8857142857142857,0.6535947712418301,0.6274509803921569,0.45098039215686275,0.37254901960784315,0.6274509803921569,0.20261437908496732,0.24836601307189543,0.0
20,Indonesia,14,31,4.428571428571429,0.34065934065934067,0.7935064935064935,1.8461538461538463,4,0.967741935483871,0.8241758241758241,0.8131868131868132,0.7912087912087912,0.6263736263736264,0.8131868131868132,0.32967032967032966,0.46153846153846156,0.0
21,Indonesia,25,44,3.52,0.14666666666666667,0.5779047619047619,2.683333333333333,5,0.8636363636363636,0.41,0.39,0.31333333333333335,,0.39,0.12666666666666668,0.18666666666666668,0.0
22,Indonesia,27,71,5.2592592592592595,0.2022792022792023,0.7720244775800331,2.4985754985754984,4,0.9859154929577465,0.48717948717948717,0.4843304843304843,0.4672364672364672,,0.4843304843304843,0.19943019943019943,0.2678062678062678,0.0
23,Indonesia,15,25,3.3333333333333335,0.23809523809523808,0.5022222222222222,2.4095238095238094,4,0.8,0.5238095238095238,0.47619047619047616,0.24761904761904763,0.2857142857142857,0.47619047619047616,0.19047619047619047,0.05714285714285714,0.0
24,Indonesia,29,123,8.482758620689655,0.30295566502463056,0.7950116932875553,2.086206896551724,5,1.0,0.6970443349753694,0.6970443349753694,0.6970443349753694,,0.6970443349753694,0.30295566502463056,0.39408866995073893,0.0
25,Indonesia,18,39,4.333333333333333,0.2549019607843137,0.6494708994708994,2.3137254901960786,5,0.9230769230769231,0.6078431372549019,0.5882352941176471,0.5294117647058824,0.3202614379084967,0.5882352941176471,0.23529411764705882,0.29411764705882354,0.0
26,Indonesia,31,84,5.419354838709677,0.18064516129032257,0.7086347344411861,2.763440860215054,6,0.9642857142857143,0.4666666666666667,0.46021505376344085,0.4129032258064516,,0.46021505376344085,0.17419354838709677,0.23870967741935484,0.0
27,Indonesia,38,111,5.842105263157895,0.15789473684210525,0.826393197445829,2.6770981507823612,5,1.0,0.422475106685633,0.422475106685633,0.422475106685633,,0.422475106685633,0.15789473684210525,0.26458036984352773,0.0
28,Indonesia,45,140,6.222222222222222,0.1414141414141414,0.8067520134186801,2.8656565656565656,6,0.9785714285714285,0.38282828282828285,0.3797979797979798,0.3464646464646465,,0.3797979797979798,0.1383838383838384,0.2080808080808081,0.0
29,Indonesia,39,108,5.538461538461538,0.145748987854251,0.7986143486143487,3.1889338731443995,7,0.9814814814814815,0.3630229419703104,0.3603238866396761,0.3441295546558704,,0.3603238866396761,0.14304993252361672,0.20107962213225372,0.0
30,Indonesia,35,95,5.428571428571429,0.15966386554621848,0.724539270253556,2.608403361344538,5,0.9789473684210527,0.43025210084033616,0.426890756302521,0.41008403361344536,,0.426890756302521,0.15630252100840336,0.253781512605042,0.0
31,Indonesia,27,93,6.888888888888889,0.26495726495726496,0.7085893530337976,2.2222222222222223,5,0.956989247311828,0.6239316239316239,0.6125356125356125,0.5669515669515669,,0.6125356125356125,0.2535612535612536,0.31339031339031337,0.0
32,Indonesia,18,50,5.555555555555555,0.32679738562091504,0.7887566137566138,1.9542483660130718,3,0.98,0.7189542483660131,0.7124183006535948,0.673202614379085,0.43137254901960786,0.7124183006535948,0.3202614379084967,0.35294117647058826,0.0
33,Indonesia,13,25,3.8461538461538463,0.32051282051282054,0.7758241758241758,1.9230769230769231,3,0.96,0.7564102564102564,0.7435897435897436,0.6923076923076923,0.46153846153846156,0.7435897435897436,0.3076923076923077,0.38461538461538464,0.0
34,Indonesia,7,12,3.4285714285714284,0.5714285714285714,0.6476190476190476,1.5238095238095237,3,0.9166666666666666,0.9047619047619048,0.8571428571428571,0.7142857142857143,0.5238095238095238,0.8571428571428571,0.5238095238095238,0.19047619047619047,0.0
35,Indonesia,13,23,3.5384615384615383,0.2948717948717949,0.532967032967033,2.1794871794871793,5,0.8260869565217391,0.6410256410256411,0.5897435897435898,0.41025641025641024,0.34615384615384615,0.5897435897435898,0.24358974358974358,0.16666666666666666,0.0
36,Indonesia,36,119,6.611111111111111,0.18888888888888888,0.6766444974778308,2.3380952380952382,5,0.9663865546218487,0.5412698412698412,0.5349206349206349,0.47619047619047616,,0.5349206349206349,0.18253968253968253,0.29365079365079366,0.0
37,Indonesia,22,52,4.7272727272727275,0.22510822510822512,0.687987012987013,2.29004329004329,4,0.9423076923076923,0.5887445887445888,0.5757575757575758,0.5021645021645021,,0.5757575757575758,0.21212121212121213,0.29004329004329005,0.0
38,Indonesia,42,115,5.476190476190476,0.13356562137049943,0.7249433106575963,4.32404181184669,10,0.9565217391304348,0.2601626016260163,0.25435540069686413,0.22880371660859466,,0.25435540069686413,0.12775842044134728,0.10104529616724739,0.0
39,Indonesia,16,61,7.625,0.5083333333333333,0.8058365245865245,1.5833333333333333,3,0.9836065573770492,0.9083333333333333,0.9,0.8333333333333334,0.6666666666666666,0.9,0.5,0.3333333333333333,0.0
40,Indonesia,12,32,5.333333333333333,0.48484848484848486,0.7162698412698413,1.621212121212121,3,0.9375,0.8939393939393939,0.8636363636363636,0.6818181818181818,0.5757575757575758,0.8636363636363636,0.45454545454545453,0.22727272727272727,0.0
41,Indonesia,23,86,7.478260869565218,0.33992094861660077,0.6808879526270831,1.9328063241106719,4,0.9883720930232558,0.7509881422924901,0.7470355731225297,0.7193675889328063,,0.7470355731225297,0.3359683794466403,0.383399209486166,0.0
42,Indonesia,27,80,5.925925925925926,0.22792022792022792,0.6987493987493987,2.264957264957265,5,0.9375,0.6068376068376068,0.5925925925925926,0.5156695156695157,,0.5925925925925926,0.21367521367521367,0.301994301994302,0.0
43,Indonesia,19,75,7.894736842105263,0.43859649122807015,0.7434331750121224,1.736842105263158,4,0.9866666666666667,0.8421052631578947,0.8362573099415205,0.7894736842105263,0.6081871345029239,0.8362573099415205,0.4327485380116959,0.3567251461988304,0.0
44,Indonesia,56,221,7.892857142857143,0.1435064935064935,0.7290244996293206,2.6623376623376624,5,0.9819004524886877,0.43246753246753245,0.42987012987012985,0.4155844155844156,,0.42987012987012985,0.1409090909090909,0.2746753246753247,0.0
45,Indonesia,29,79,5.448275862068965,0.19458128078817735,0.7171326757533654,2.354679802955665,5,0.9493670886075949,0.5738916256157636,0.5640394088669951,0.5,,0.5640394088669951,0.18472906403940886,0.31527093596059114,0.0
46,Indonesia,17,59,6.9411764705882355,0.4338235294117647,0.6816007521889874,1.6985294117647058,3,0.9491525423728814,0.8676470588235294,0.8455882352941176,0.6691176470588235,0.5955882352941176,0.8455882352941176,0.4117647058823529,0.25735294117647056,0.0
47,Indonesia,42,230,10.952380952380953,0.26713124274099886,0.6849011438297152,2.2206736353077816,6,0.9869565217391304,0.6631823461091754,0.6596980255516841,0.6399535423925667,,0.6596980255516841,0.26364692218350755,0.37630662020905925,0.0
48,Indonesia,38,119,6.2631578947368425,0.16927453769559034,0.68443004364057,2.4950213371266003,5,0.957983193277311,0.5007112375533428,0.49359886201991465,0.45092460881934565,,0.49359886201991465,0.16216216216216217,0.2887624466571835,0.0
49,Indonesia,22,109,9.909090909090908,0.47186147186147187,0.8093576944055413,1.5844155844155845,3,0.9908256880733946,0.9437229437229437,0.9393939393939394,0.9047619047619048,,0.9393939393939394,0.4675324675324675,0.43722943722943725,0.0
50,Indonesia,33,132,8.0,0.25,0.7766567558011408,2.1231060606060606,4,0.9848484848484849,0.6515151515151515,0.6477272727272727,0.6174242424242424,,0.6477272727272727,0.24621212121212122,0.3712121212121212,0.0
51,Indonesia,36,148,8.222222222222221,0.23492063492063492,0.7458235494677703,2.1507936507936507,5,0.9864864864864865,0.7031746031746032,0.7,0.665079365079365,,0.7,0.23174603174603176,0.43333333333333335,0.0
52,Indonesia,45,166,7.377777777777778,0.16767676767676767,0.7225408578349755,2.526262626262626,7,0.9819277108433735,0.5080808080808081,0.5050505050505051,0.494949494949495,,0.5050505050505051,0.16464646464646465,0.3303030303030303,0.0
53,Indonesia,28,93,6.642857142857143,0.24603174603174602,0.7267148526077097,2.2063492063492065,5,0.967741935483871,0.6402116402116402,0.6322751322751323,0.5608465608465608,,0.6322751322751323,0.23809523809523808,0.32275132275132273,0.0
54,Indonesia,14,35,5.0,0.38461538461538464,0.621031746031746,1.7582417582417582,3,0.8857142857142857,0.8571428571428571,0.8131868131868132,0.4945054945054945,0.5054945054945055,0.8131868131868132,0.34065934065934067,0.15384615384615385,0.0
55,Indonesia,40,106,5.3,0.1358974358974359,0.7892026029526029,2.801282051282051,6,0.9811320754716981,0.38846153846153847,0.3858974358974359,0.3730769230769231,,0.3858974358974359,0.13333333333333333,0.23974358974358975,0.0
56,Indonesia,10,24,4.8,0.5333333333333333,0.625,1.511111111111111,3,0.875,0.9555555555555556,0.8888888888888888,0.4666666666666667,0.6444444444444445,0.8888888888888888,0.4666666666666667,0.0,0.0
57,Indonesia,42,163,7.761904761904762,0.18931475029036005,0.7414647648614919,2.5342624854819977,5,0.9754601226993865,0.4738675958188153,0.4692218350754936,0.429732868757259,,0.4692218350754936,0.18466898954703834,0.2450638792102207,0.0
58,Indonesia,25,118,9.44,0.3933333333333333,0.676096524390642,1.74,3,0.9745762711864406,0.8666666666666667,0.8566666666666667,0.75,,0.8566666666666667,0.38333333333333336,0.36666666666666664,0.0
59,Indonesia,8,28,7.0,1.0,1.0,1.0,1,1.0,1.0,1.0,1.0,0.75,1.0,1.0,0.0,0.0
60,Indonesia,62,211,6.806451612903226,0.1115811739820201,0.6637434250337476,2.9185616076150187,6,0.966824644549763,0.3532522474881015,0.34955050237969326,0.3268112109994712,,0.34955050237969326,0.10787942887361185,0.21893178212585934,0.0
61,Indonesia,45,140,6.222222222222222,0.1414141414141414,0.6327228327228327,2.7707070707070707,7,0.9428571428571428,0.4383838383838384,0.4303030303030303,0.38686868686868686,,0.4303030303030303,0.13333333333333333,0.25353535353535356,0.0
62,Indonesia,14,36,5.142857142857143,0.3956043956043956,0.8180839002267574,1.7472527472527473,3,0.9722222222222222,0.8571428571428571,0.8461538461538461,0.7692307692307693,0.5494505494505495,0.8461538461538461,0.38461538461538464,0.38461538461538464,0.0
63,Indonesia,34,159,9.352941176470589,0.28342245989304815,0.7564187719441771,2.001782531194296,4,1.0,0.7450980392156863,0.7450980392156863,0.7450980392156863,,0.7450980392156863,0.28342245989304815,0.46167557932263814,0.0
64,Indonesia,36,105,5.833333333333333,0.16666666666666666,0.5749943729110396,2.3634920634920635,5,0.9428571428571428,0.5873015873015873,0.5777777777777777,0.5158730158730159,,0.5777777777777777,0.15714285714285714,0.35873015873015873,0.0
65,Indonesia,32,86,5.375,0.17338709677419356,0.6753749905065695,2.504032258064516,6,0.9302325581395349,0.5887096774193549,0.5766129032258065,0.5120967741935484,,0.5766129032258065,0.16129032258064516,0.35080645161290325,0.0
66,Indonesia,16,61,7.625,0.5083333333333333,0.7322330447330447,1.6166666666666667,4,0.9836065573770492,0.8833333333333333,0.875,0.825,0.6,0.875,0.5,0.325,0.0
67,Indonesia,10,20,4.0,0.4444444444444444,0.545952380952381,1.6444444444444444,3,0.9,0.9111111111111111,0.8666666666666667,0.6222222222222222,0.6444444444444445,0.8666666666666667,0.4,0.2222222222222222,0.0
68,Indonesia,32,84,5.25,0.1693548387096774,0.6993135336885337,2.566532258064516,5,0.9285714285714286,0.4778225806451613,0.4657258064516129,0.3850806451612903,,0.4657258064516129,0.15725806451612903,0.22782258064516128,0.0
69,Indonesia,25,95,7.6,0.31666666666666665,0.5695024975024975,2.23,7,0.9473684210526315,0.6866666666666666,0.67,0.6033333333333334,,0.67,0.3,0.30333333333333334,0.0
70,Indonesia,35,94,5.371428571428571,0.15798319327731092,0.7626240426240426,2.6336134453781512,6,0.9574468085106383,0.45714285714285713,0.4504201680672269,0.4,,0.4504201680672269,0.15126050420168066,0.24873949579831933,0.0
71,Indonesia,21,66,6.285714285714286,0.3142857142857143,0.7466102680388395,1.980952380952381,4,0.9696969696969697,0.7238095238095238,0.7142857142857143,0.6333333333333333,,0.7142857142857143,0.3047619047619048,0.32857142857142857,0.0
72,Indonesia,28,74,5.285714285714286,0.19576719576719576,0.6206305599162742,2.664021164021164,7,0.918918918918919,0.4973544973544973,0.48148148148148145,0.3888888888888889,,0.48148148148148145,0.17989417989417988,0.20899470899470898,0.0
73,Indonesia,17,48,5.647058823529412,0.35294117647058826,0.733462615815557,1.8014705882352942,3,0.9375,0.8455882352941176,0.8235294117647058,0.6323529411764706,0.5955882352941176,0.8235294117647058,0.33088235294117646,0.3014705882352941,0.0
74,Indonesia,19,54,5.684210526315789,0.3157894736842105,0.7060074428495481,1.9941520467836258,4,0.9444444444444444,0.7309941520467836,0.7134502923976608,0.6081871345029239,0.42105263157894735,0.7134502923976608,0.2982456140350877,0.30994152046783624,0.0
75,Indonesia,21,54,5.142857142857143,0.2571428571428571,0.6840702947845805,1.9714285714285715,3,0.9444444444444444,0.7714285714285715,0.7571428571428571,0.6761904761904762,,0.7571428571428571,0.24285714285714285,0.43333333333333335,0.0
76,Indonesia,30,79,5.266666666666667,0.18160919540229886,0.6804545454545454,3.0873563218390805,7,0.9367088607594937,0.4482758620689655,0.4367816091954023,0.36551724137931035,,0.4367816091954023,0.17011494252873563,0.19540229885057472,0.0
77,Indonesia,24,66,5.5,0.2391304347826087,0.6490440115440116,2.25,4,0.9242424242424242,0.6123188405797102,0.5942028985507246,0.4782608695652174,,0.5942028985507246,0.2210144927536232,0.2572463768115942,0.0
78,Indonesia,23,60,5.217391304347826,0.23715415019762845,0.672912353347136,2.4150197628458496,5,0.95,0.6007905138339921,0.5889328063241107,0.5296442687747036,,0.5889328063241107,0.22529644268774704,0.30434782608695654,0.0
79,Indonesia,28,63,4.5,0.16666666666666666,0.6697227375798805,2.4788359788359786,5,0.9047619047619048,0.5158730158730159,0.5,0.3835978835978836,,0.5,0.15079365079365079,0.2328042328042328,0.0
80,Indonesia,14,46,6.571428571428571,0.5054945054945055,0.8222222222222222,1.5824175824175823,3,0.9782608695652174,0.9120879120879121,0.9010989010989011,0.8131868131868132,0.5934065934065934,0.9010989010989011,0.4945054945054945,0.31868131868131866,0.0
81,Indonesia,28,75,5.357142857142857,0.1984126984126984,0.7190270047412904,2.828042328042328,7,0.96,0.455026455026455,0.4470899470899471,0.41534391534391535,,0.4470899470899471,0.19047619047619047,0.22486772486772486,0.0
82,Indonesia,23,68,5.913043478260869,0.26877470355731226,0.8332971376449637,2.0632411067193677,4,1.0,0.7312252964426877,0.7312252964426877,0.7312252964426877,,0.7312252964426877,0.26877470355731226,0.4624505928853755,0.0
83,Indonesia,12,32,5.333333333333333,0.48484848484848486,0.5833333333333334,1.606060606060606,3,0.875,0.9090909090909091,0.8484848484848485,0.42424242424242425,0.48484848484848486,0.8484848484848485,0.42424242424242425,0.0,0.0
84,Indonesia,54,186,6.888888888888889,0.129979035639413,0.676478481760522,2.7358490566037736,7,0.9623655913978495,0.4444444444444444,0.4395527603074773,0.403214535290007,,0.4395527603074773,0.12508735150244585,0.2781271837875611,0.0
85,Indonesia,20,64,6.4,0.3368421052631579,0.7488461538461538,1.8736842105263158,3,0.96875,0.7894736842105263,0.7789473684210526,0.6894736842105263,0.4789473684210526,0.7789473684210526,0.3263157894736842,0.3631578947368421,0.0
86,Indonesia,30,102,6.8,0.23448275862068965,0.741036186036186,2.206896551724138,5,0.9803921568627451,0.6229885057471264,0.6183908045977011,0.5862068965517241,,0.6183908045977011,0.22988505747126436,0.3563218390804598,0.0
87,Indonesia,26,70,5.384615384615385,0.2153846153846154,0.7784083437929592,2.4215384615384616,5,0.9714285714285714,0.5876923076923077,0.5815384615384616,0.5446153846153846,,0.5815384615384616,0.20923076923076922,0.3353846153846154,0.0
88,Indonesia,12,50,8.333333333333334,0.7575757575757576,0.8847522847522847,1.2424242424242424,2,1.0,1.0,1.0,1.0,0.8333333333333334,1.0,0.7575757575757576,0.24242424242424243,0.0
89,Indonesia,17,61,7.176470588235294,0.4485294117647059,0.7793820558526441,1.5955882352941178,3,1.0,0.9558823529411765,0.9558823529411765,0.9558823529411765,0.625,0.9558823529411765,0.4485294117647059,0.5073529411764706,0.0
90,Indonesia,39,239,12.256410256410257,0.3225371120107962,0.7724995861397386,1.8987854251012146,3,1.0,0.7786774628879892,0.7786774628879892,0.7786774628879892,,0.7786774628879892,0.3225371120107962,0.45614035087719296,0.0
91,Indonesia,29,150,10.344827586206897,0.3694581280788177,0.7034562432929039,1.7857142857142858,4,0.9866666666666667,0.8522167487684729,0.8472906403940886,0.7906403940886699,,0.8472906403940886,0.3645320197044335,0.42610837438423643,0.0
92,Indonesia,11,32,5.818181818181818,0.5818181818181818,0.7337662337662337,1.4727272727272727,3,0.9375,0.9454545454545454,0.9090909090909091,0.6545454545454545,0.5454545454545454,0.9090909090909091,0.5454545454545454,0.10909090909090909,0.0
93,Indonesia,24,62,5.166666666666667,0.2246376811594203,0.8550895863395863,2.1739130434782608,3,1.0,0.6014492753623188,0.6014492753623188,0.6014492753623188,,0.6014492753623188,0.2246376811594203,0.37681159420289856,0.0
94,Indonesia,13,40,6.153846153846154,0.5128205128205128,0.629059829059829,1.5512820512820513,3,0.9,0.9358974358974359,0.8846153846153846,0.46153846153846156,0.6025641025641025,0.8846153846153846,0.46153846153846156,0.0,0.0
95,Indonesia,10,38,7.6,0.8444444444444444,0.961111111111111,1.1555555555555554,2,1.0,1.0,1.0,1.0,0.8,1.0,0.8444444444444444,0.15555555555555556,0.0
96,Indonesia,41,100,4.878048780487805,0.12195121951219512,0.6644476120085876,3.3719512195121952,7,0.95,0.32195121951219513,0.31585365853658537,0.2914634146341463,,0.31585365853658537,0.11585365853658537,0.17560975609756097,0.0
97,Indonesia,24,78,6.5,0.2826086956521739,0.7206686831686832,2.130434782608696,4,0.9615384615384616,0.6666666666666666,0.6557971014492754,0.6086956521739131,,0.6557971014492754,0.2717391304347826,0.33695652173913043,0.0
98,Indonesia,43,225,10.465116279069768,0.24916943521594684,0.7073959514102167,2.0376522702104096,5,0.9866666666666667,0.7641196013289037,0.760797342192691,0.7342192691029901,,0.760797342192691,0.24584717607973422,0.4883720930232558,0.0
99,Indonesia,10,15,3.0,0.3333333333333333,0.5971428571428572,1.8888888888888888,4,0.8666666666666667,0.8,0.7555555555555555,0.5333333333333333,0.5111111111111111,0.7555555555555555,0.28888888888888886,0.24444444444444444,0.0
100,Indonesia,44,105,4.7727272727272725,0.1109936575052854,0.6787764003673095,3.2896405919661733,8,0.9142857142857143,0.3181818181818182,0.3086680761099366,0.2452431289640592,,0.3086680761099366,0.1014799154334038,0.14376321353065538,0.0
101,Indonesia,16,37,4.625,0.30833333333333335,0.8303571428571429,1.9333333333333333,3,0.972972972972973,0.7583333333333333,0.75,0.7,0.45,0.75,0.3,0.4,0.0
102,Indonesia,33,98,5.9393939393939394,0.1856060606060606,0.7116358389085662,2.871212121212121,6,0.9591836734693877,0.4318181818181818,0.42424242424242425,0.36742424242424243,,0.42424242424242425,0.17803030303030304,0.1893939393939394,0.0
103,Indonesia,10,21,4.2,0.4666666666666667,0.8628571428571428,1.6666666666666667,3,1.0,0.8666666666666667,0.8666666666666667,0.8666666666666667,0.5333333333333333,0.8666666666666667,0.4666666666666667,0.4,0.0
104,Indonesia,13,38,5.846153846153846,0.48717948717948717,0.8937728937728937,1.5897435897435896,3,1.0,0.9230769230769231,0.9230769230769231,0.9230769230769231,0.6410256410256411,0.9230769230769231,0.48717948717948717,0.4358974358974359,0.0
105,Indonesia,16,48,6.0,0.4,0.7661300505050505,1.7416666666666667,3,0.9583333333333334,0.8583333333333333,0.8416666666666667,0.7083333333333334,0.5416666666666666,0.8416666666666667,0.38333333333333336,0.325,0.0
106,Indonesia,17,46,5.411764705882353,0.3382352941176471,0.6137254901960785,1.9411764705882353,4,0.8913043478260869,0.7573529411764706,0.7205882352941176,0.47058823529411764,0.4338235294117647,0.7205882352941176,0.3014705882352941,0.16911764705882354,0.0
107,Indonesia,14,38,5.428571428571429,0.4175824175824176,0.826530612244898,1.978021978021978,4,0.9473684210526315,0.6703296703296703,0.6483516483516484,0.46153846153846156,0.3956043956043956,0.6483516483516484,0.3956043956043956,0.06593406593406594,0.0
108,Indonesia,59,271,9.186440677966102,0.15838690824079485,0.8036639165735858,2.5943892460549387,6,0.985239852398524,0.43950905902980714,0.43717124488603154,0.42255990648743424,,0.43717124488603154,0.15604909409701928,0.26651081239041496,0.0
109,Indonesia,43,247,11.488372093023257,0.27353266888150607,0.8291811352865299,2.083056478405316,4,0.9959514170040485,0.6500553709856035,0.6489479512735327,0.6312292358803987,,0.6489479512735327,0.2724252491694352,0.3588039867109635,0.0
110,Indonesia,82,562,13.707317073170731,0.1692261367058115,0.778268697697206,2.5371875940981634,7,0.9893238434163701,0.47244805781391147,0.4706413730803975,0.44595001505570614,,0.4706413730803975,0.1674194519722975,0.2785305630834086,0.0
111,Indonesia,35,168,9.6,0.2823529411764706,0.7951667566793617,2.176470588235294,4,0.9880952380952381,0.5899159663865546,0.5865546218487395,0.5327731092436975,,0.5865546218487395,0.27899159663865547,0.253781512605042,0.0
112,Indonesia,69,279,8.08695652173913,0.11892583120204604,0.8110940825774585,2.779624893435635,6,0.989247311827957,0.3316283034953112,0.33034953111679455,0.31798806479113384,,0.33034953111679455,0.11764705882352941,0.20034100596760443,0.0
113,Indonesia,68,484,14.235294117647058,0.21246707638279191,0.8587967354206466,2.1369622475856014,5,0.9958677685950413,0.6913959613696224,0.6905179982440738,0.6812993854258121,,0.6905179982440738,0.2115891132572432,0.4697102721685689,0.0
114,Indonesia,35,83,4.742857142857143,0.13949579831932774,0.6212533498247783,2.7176470588235295,7,0.927710843373494,0.42521008403361343,0.4151260504201681,0.37142857142857144,,0.4151260504201681,0.12941176470588237,0.24201680672268908,0.0
115,Indonesia,13,36,5.538461538461538,0.46153846153846156,0.8131868131868132,1.641025641025641,3,0.9722222222222222,0.8974358974358975,0.8846153846153846,0.7948717948717948,0.5641025641025641,0.8846153846153846,0.44871794871794873,0.34615384615384615,0.0
116,Indonesia,32,139,8.6875,0.28024193548387094,0.7463839979464979,2.1733870967741935,4,0.9784172661870504,0.6391129032258065,0.6330645161290323,0.5665322580645161,,0.6330645161290323,0.27419354838709675,0.2923387096774194,0.0
117,Indonesia,16,29,3.625,0.24166666666666667,0.79375,2.55,5,0.9655172413793104,0.49166666666666664,0.48333333333333334,0.4083333333333333,0.275,0.48333333333333334,0.23333333333333334,0.175,0.0
118,Indonesia,24,74,6.166666666666667,0.26811594202898553,0.7190867003367004,2.1630434782608696,4,0.9594594594594594,0.6413043478260869,0.6304347826086957,0.5398550724637681,,0.6304347826086957,0.2572463768115942,0.2826086956521739,0.0
119,Indonesia,17,42,4.9411764705882355,0.3088235294117647,0.5187972158560393,2.0294117647058822,4,0.8809523809523809,0.7058823529411765,0.6691176470588235,0.4852941176470588,0.4485294117647059,0.6691176470588235,0.27205882352941174,0.21323529411764705,0.0
120,Indonesia,32,136,8.5,0.27419354838709675,0.6477335266857326,2.1129032258064515,5,0.9705882352941176,0.6955645161290323,0.6875,0.6451612903225806,,0.6875,0.2661290322580645,0.3790322580645161,0.0
121,Indonesia,12,20,3.3333333333333335,0.30303030303030304,0.6916666666666668,2.3636363636363638,5,0.9,0.6060606060606061,0.5757575757575758,0.4393939393939394,0.3484848484848485,0.5757575757575758,0.2727272727272727,0.16666666666666666,0.0
122,Indonesia,52,148,5.6923076923076925,0.11161387631975868,0.6519205216603408,3.0361990950226243,8,0.9459459459459459,0.3838612368024133,0.3778280542986425,0.3469079939668175,,0.3778280542986425,0.10558069381598793,0.24132730015082957,0.0
123,Indonesia,11,27,4.909090909090909,0.4909090909090909,0.922077922077922,1.5818181818181818,3,1.0,0.9272727272727272,0.9272727272727272,0.9272727272727272,0.6,0.9272727272727272,0.4909090909090909,0.43636363636363634,0.0
124,Indonesia,14,32,4.571428571428571,0.3516483516483517,0.7632653061224489,1.8021978021978022,3,0.9375,0.8461538461538461,0.8241758241758241,0.6593406593406593,0.5494505494505495,0.8241758241758241,0.32967032967032966,0.32967032967032966,0.0
125,Indonesia,20,36,3.6,0.18947368421052632,0.4407792207792208,2.294736842105263,5,0.8055555555555556,0.6052631578947368,0.5684210526315789,0.34210526315789475,0.35789473684210527,0.5684210526315789,0.15263157894736842,0.18947368421052632,0.0
126,Indonesia,38,70,3.6842105263157894,0.09957325746799431,0.6154135338345865,3.386913229018492,7,0.9285714285714286,0.2844950213371266,0.2773826458036984,0.2532005689900427,,0.2773826458036984,0.09246088193456614,0.16073968705547653,0.0
127,Indonesia,9,26,5.777777777777778,0.7222222222222222,0.9206349206349207,1.2777777777777777,2,1.0,1.0,1.0,1.0,0.7777777777777778,1.0,0.7222222222222222,0.2777777777777778,0.0
128,Indonesia,17,33,3.8823529411764706,0.2426470588235294,0.5506535947712418,2.5588235294117645,6,0.8181818181818182,0.5661764705882353,0.5220588235294118,0.2867647058823529,0.34558823529411764,0.5220588235294118,0.19852941176470587,0.08823529411764706,0.0
129,Indonesia,11,34,6.181818181818182,0.6181818181818182,0.8427128427128426,1.4181818181818182,3,1.0,0.9636363636363636,0.9636363636363636,0.9636363636363636,0.6727272727272727,0.9636363636363636,0.6181818181818182,0.34545454545454546,0.0
130,Indonesia,12,35,5.833333333333333,0.5303030303030303,0.8569444444444444,1.5151515151515151,3,0.9714285714285714,0.9545454545454546,0.9393939393939394,0.8333333333333334,0.696969696969697,0.9393939393939394,0.5151515151515151,0.3181818181818182,0.0
131,Indonesia,9,31,6.888888888888889,0.8611111111111112,0.9404761904761904,1.1388888888888888,2,1.0,1.0,1.0,1.0,0.7777777777777778,1.0,0.8611111111111112,0.1388888888888889,0.0
132,Indonesia,9,11,2.4444444444444446,0.3055555555555556,0.25555555555555554,2.0833333333333335,4,0.5454545454545454,0.6944444444444444,0.5555555555555556,0.16666666666666666,0.3611111111111111,0.5555555555555556,0.16666666666666666,0.0,0.0
133,Indonesia,20,66,6.6,0.3473684210526316,0.7260209235209236,1.8894736842105264,3,1.0,0.7631578947368421,0.7631578947368421,0.7631578947368421,0.47368421052631576,0.7631578947368421,0.3473684210526316,0.41578947368421054,0.0
134,Indonesia,6,12,4.0,0.8,0.9,1.2,2,1.0,1.0,1.0,1.0,0.6666666666666666,1.0,0.8,0.2,0.0
136,Indonesia,11,23,4.181818181818182,0.41818181818181815,0.8805194805194805,1.690909090909091,3,1.0,0.8909090909090909,0.8909090909090909,0.8909090909090909,0.5636363636363636,0.8909090909090909,0.41818181818181815,0.4727272727272727,0.0
137,Indonesia,15,39,5.2,0.37142857142857144,0.5713227513227513,2.2095238095238097,6,0.8974358974358975,0.6666666666666666,0.6285714285714286,0.5238095238095238,0.4666666666666667,0.6285714285714286,0.3333333333333333,0.19047619047619047,0.0
138,Indonesia,7,8,2.2857142857142856,0.38095238095238093,0.2857142857142857,1.8095238095238095,3,0.625,0.8095238095238095,0.6666666666666666,0.2857142857142857,0.38095238095238093,0.6666666666666666,0.23809523809523808,0.047619047619047616,0.0
139,Indonesia,35,85,4.857142857142857,0.14285714285714285,0.6934211819926106,3.0134453781512605,7,0.9294117647058824,0.40672268907563025,0.39663865546218485,0.3445378151260504,,0.39663865546218485,0.13277310924369748,0.21176470588235294,0.0
140,Indonesia,28,187,13.357142857142858,0.4947089947089947,0.8976995859072374,1.6349206349206349,3,1.0,0.8703703703703703,0.8703703703703703,0.8703703703703703,,0.8703703703703703,0.4947089947089947,0.37566137566137564,0.0
141,Indonesia,14,37,5.285714285714286,0.4065934065934066,0.7043650793650793,2.010989010989011,5,0.9459459459459459,0.7032967032967034,0.6813186813186813,0.5714285714285714,0.4725274725274725,0.6813186813186813,0.38461538461538464,0.18681318681318682,0.0
142,Indonesia,14,26,3.7142857142857144,0.2857142857142857,0.7972789115646258,2.1758241758241756,4,0.9615384615384616,0.6373626373626373,0.6263736263736264,0.5604395604395604,0.37362637362637363,0.6263736263736264,0.27472527472527475,0.2857142857142857,0.0
143,Indonesia,17,52,6.117647058823529,0.38235294117647056,0.7736779560308973,1.7794117647058822,3,0.9615384615384616,0.8382352941176471,0.8235294117647058,0.7058823529411765,0.5441176470588235,0.8235294117647058,0.36764705882352944,0.3382352941176471,0.0
144,Indonesia,8,18,4.5,0.6428571428571429,0.8166666666666667,1.3571428571428572,2,1.0,1.0,1.0,1.0,0.5714285714285714,1.0,0.6428571428571429,0.35714285714285715,0.0
145,Indonesia,19,39,4.105263157894737,0.22807017543859648,0.6931077694235589,2.327485380116959,5,0.9743589743589743,0.6081871345029239,0.6023391812865497,0.5789473684210527,0.3567251461988304,0.6023391812865497,0.2222222222222222,0.3567251461988304,0.0
146,Indonesia,9,21,4.666666666666667,0.5833333333333334,0.7648148148148148,1.4166666666666667,2,0.9523809523809523,1.0,0.9722222222222222,0.7777777777777778,0.7777777777777778,0.9722222222222222,0.5555555555555556,0.2222222222222222,0.0
147,Indonesia,18,58,6.444444444444445,0.3790849673202614,0.8151234567901234,2.019607843137255,4,0.9827586206896551,0.6470588235294118,0.6405228758169934,0.6143790849673203,0.43790849673202614,0.6405228758169934,0.37254901960784315,0.24183006535947713,0.0
148,Indonesia,10,19,3.8,0.4222222222222222,0.5142857142857142,1.8222222222222222,4,0.7894736842105263,0.8,0.7111111111111111,0.3333333333333333,0.5111111111111111,0.7111111111111111,0.3333333333333333,0.0,0.0
149,Indonesia,12,35,5.833333333333333,0.5303030303030303,0.8361111111111111,1.5757575757575757,3,0.9714285714285714,0.8939393939393939,0.8787878787878788,0.8333333333333334,0.696969696969697,0.8787878787878788,0.5151515151515151,0.3181818181818182,0.0
150,Indonesia,11,23,4.181818181818182,0.41818181818181815,0.8995670995670996,1.7272727272727273,3,1.0,0.8545454545454545,0.8545454545454545,0.8545454545454545,0.5636363636363636,0.8545454545454545,0.41818181818181815,0.43636363636363634,0.0
151,Indonesia,18,46,5.111111111111111,0.3006535947712418,0.6630391213724547,2.0065359477124183,4,0.9347826086956522,0.7254901960784313,0.7058823529411765,0.5947712418300654,0.43790849673202614,0.7058823529411765,0.28104575163398693,0.3137254901960784,0.0
152,Indonesia,17,59,6.9411764705882355,0.4338235294117647,0.8377560348148583,1.7205882352941178,4,0.9830508474576272,0.8602941176470589,0.8529411764705882,0.8088235294117647,0.6102941176470589,0.8529411764705882,0.4264705882352941,0.38235294117647056,0.0
153,Indonesia,21,85,8.095238095238095,0.40476190476190477,0.750815477706234,1.7142857142857142,3,0.9764705882352941,0.8809523809523809,0.8714285714285714,0.8047619047619048,,0.8714285714285714,0.3952380952380952,0.4095238095238095,0.0
154,Indonesia,18,35,3.888888888888889,0.22875816993464052,0.6181216931216932,2.9019607843137254,6,0.8571428571428571,0.46405228758169936,0.43137254901960786,0.27450980392156865,0.30718954248366015,0.43137254901960786,0.19607843137254902,0.0784313725490196,0.0
155,Indonesia,22,99,9.0,0.42857142857142855,0.7842118665648077,1.748917748917749,3,0.9696969696969697,0.8225108225108225,0.8095238095238095,0.7402597402597403,,0.8095238095238095,0.4155844155844156,0.3246753246753247,0.0
156,Indonesia,15,42,5.6,0.4,0.7540740740740741,1.7619047619047619,3,0.9523809523809523,0.8380952380952381,0.819047619047619,0.6857142857142857,0.5142857142857142,0.819047619047619,0.38095238095238093,0.3047619047619048,0.0
157,Indonesia,24,75,6.25,0.2717391304347826,0.689530377030377,2.13768115942029,5,0.9466666666666667,0.6884057971014492,0.6739130434782609,0.5869565217391305,,0.6739130434782609,0.2572463768115942,0.32971014492753625,0.0
158,Indonesia,41,125,6.097560975609756,0.1524390243902439,0.7132024479585455,2.8048780487804876,7,0.944,0.42560975609756097,0.4170731707317073,0.3402439024390244,,0.4170731707317073,0.14390243902439023,0.19634146341463415,0.0
159,Indonesia,29,95,6.551724137931035,0.23399014778325122,0.7991012818599025,2.2955665024630543,4,0.9894736842105263,0.5591133004926109,0.5566502463054187,0.541871921182266,,0.5566502463054187,0.2315270935960591,0.3103448275862069,0.0
160,Indonesia,7,14,4.0,0.6666666666666666,0.8428571428571429,1.3333333333333333,2,1.0,1.0,1.0,1.0,0.7142857142857143,1.0,0.6666666666666666,0.3333333333333333,0.0
161,Indonesia,8,22,5.5,0.7857142857142857,0.8392857142857143,1.2142857142857142,2,0.9545454545454546,1.0,0.9642857142857143,0.75,0.75,0.9642857142857143,0.75,0.0,0.0
162,Indonesia,17,44,5.176470588235294,0.3235294117647059,0.7578431372549019,2.0073529411764706,4,0.9545454545454546,0.7279411764705882,0.7132352941176471,0.6323529411764706,0.4632352941176471,0.7132352941176471,0.3088235294117647,0.3235294117647059,0.0
163,Indonesia,19,42,4.421052631578948,0.24561403508771928,0.5573517126148705,2.2748538011695905,5,0.9047619047619048,0.6140350877192983,0.5906432748538012,0.5087719298245614,0.3567251461988304,0.5906432748538012,0.2222222222222222,0.28654970760233917,0.0
164,Indonesia,15,47,6.266666666666667,0.44761904761904764,0.6566666666666666,1.6952380952380952,3,0.9361702127659575,0.8571428571428571,0.8285714285714286,0.6285714285714286,0.5523809523809524,0.8285714285714286,0.41904761904761906,0.20952380952380953,0.0
165,Indonesia,27,113,8.37037037037037,0.32193732193732194,0.7075009352787132,1.9686609686609686,4,0.9734513274336283,0.7492877492877493,0.7407407407407407,0.698005698005698,,0.7407407407407407,0.31339031339031337,0.38461538461538464,0.0
166,Indonesia,30,99,6.6,0.22758620689655173,0.6371363821363821,2.2620689655172415,5,0.9393939393939394,0.6,0.5862068965517241,0.47586206896551725,,0.5862068965517241,0.21379310344827587,0.2620689655172414,0.0
167,Indonesia,29,93,6.413793103448276,0.229064039408867,0.6903521765590731,2.4408866995073892,6,0.956989247311828,0.5443349753694581,0.5344827586206896,0.47044334975369456,,0.5344827586206896,0.21921182266009853,0.2512315270935961,0.0
168,Indonesia,17,33,3.8823529411764706,0.2426470588235294,0.5116246498599439,2.3676470588235294,5,0.8484848484848485,0.5661764705882353,0.5294117647058824,0.375,0.2867647058823529,0.5294117647058824,0.20588235294117646,0.16911764705882354,0.0
169,Indonesia,30,104,6.933333333333334,0.23908045977011494,0.7865758424581953,2.211494252873563,4,1.0,0.6229885057471264,0.6229885057471264,0.6229885057471264,,0.6229885057471264,0.23908045977011494,0.3839080459770115,0.0
170,Indonesia,17,56,6.588235294117647,0.4117647058823529,0.7316954287542523,1.6323529411764706,3,1.0,0.9558823529411765,0.9558823529411765,0.9558823529411765,0.6985294117647058,0.9558823529411765,0.4117647058823529,0.5441176470588235,0.0
171,Indonesia,34,105,6.176470588235294,0.18716577540106952,0.742814701638231,2.377896613190731,6,0.9619047619047619,0.5828877005347594,0.5757575757575758,0.5347593582887701,,0.5757575757575758,0.1800356506238859,0.35472370766488415,0.0
172,Indonesia,35,108,6.171428571428572,0.1815126050420168,0.6625396825396825,2.556302521008403,6,0.9444444444444444,0.5260504201680672,0.5159663865546219,0.4638655462184874,,0.5159663865546219,0.17142857142857143,0.292436974789916,0.0
173,Indonesia,19,43,4.526315789473684,0.25146198830409355,0.5963659147869674,2.1637426900584797,4,0.9069767441860465,0.6432748538011696,0.6198830409356725,0.47368421052631576,0.3567251461988304,0.6198830409356725,0.22807017543859648,0.24561403508771928,0.0
174,Indonesia,31,96,6.193548387096774,0.2064516129032258,0.5817302768915672,2.2838709677419353,5,0.9583333333333334,0.6086021505376344,0.6,0.5591397849462365,,0.6,0.1978494623655914,0.36129032258064514,0.0
175,Indonesia,30,105,7.0,0.2413793103448276,0.8170899470899471,2.5080459770114945,6,1.0,0.5471264367816092,0.5471264367816092,0.5471264367816092,,0.5471264367816092,0.2413793103448276,0.3057471264367816,0.0
176,Indonesia,34,119,7.0,0.21212121212121213,0.7659047219600853,2.2192513368983957,3,0.957983193277311,0.5686274509803921,0.5597147950089126,0.48841354723707664,,0.5597147950089126,0.20320855614973263,0.28520499108734404,0.0
177,Indonesia,14,30,4.285714285714286,0.32967032967032966,0.6154195011337869,1.9120879120879122,4,0.9,0.7692307692307693,0.7362637362637363,0.5604395604395604,0.43956043956043955,0.7362637362637363,0.2967032967032967,0.26373626373626374,0.0
178,Indonesia,21,58,5.523809523809524,0.2761904761904762,0.7994296708582423,2.2,4,0.9827586206896551,0.638095238095238,0.6333333333333333,0.6142857142857143,,0.6333333333333333,0.2714285714285714,0.34285714285714286,0.0
179,Indonesia,22,55,5.0,0.23809523809523808,0.8360127246490883,2.1385281385281387,3,1.0,0.6233766233766234,0.6233766233766234,0.6233766233766234,,0.6233766233766234,0.23809523809523808,0.3852813852813853,0.0
180,Indonesia,33,83,5.03030303030303,0.1571969696969697,0.6893830075648257,2.3731060606060606,4,0.9518072289156626,0.553030303030303,0.5454545454545454,0.49053030303030304,,0.5454545454545454,0.14962121212121213,0.3409090909090909,0.0
181,Indonesia,26,91,7.0,0.28,0.7923335211796749,2.44,6,0.989010989010989,0.5476923076923077,0.5446153846153846,0.52,,0.5446153846153846,0.27692307692307694,0.24307692307692308,0.0
182,Indonesia,19,61,6.421052631578948,0.3567251461988304,0.8349881113039007,1.9005847953216375,4,0.9836065573770492,0.7777777777777778,0.7719298245614035,0.7309941520467836,0.5029239766081871,0.7719298245614035,0.3508771929824561,0.38011695906432746,0.0
183,Indonesia,25,128,10.24,0.4266666666666667,0.8744515484515485,1.7233333333333334,3,1.0,0.85,0.85,0.85,,0.85,0.4266666666666667,0.42333333333333334,0.0
184,Indonesia,17,57,6.705882352941177,0.41911764705882354,0.7853408029878618,2.0,5,0.9824561403508771,0.6985294117647058,0.6911764705882353,0.6323529411764706,0.41911764705882354,0.6911764705882353,0.4117647058823529,0.22058823529411764,0.0
185,Indonesia,16,36,4.5,0.3,0.4972718253968254,2.025,4,0.8333333333333334,0.7166666666666667,0.6666666666666666,0.4083333333333333,0.36666666666666664,0.6666666666666666,0.25,0.15833333333333333,0.0
186,Indonesia,21,46,4.380952380952381,0.21904761904761905,0.6956654456654456,2.0714285714285716,3,0.9130434782608695,0.7095238095238096,0.6904761904761905,0.5380952380952381,,0.6904761904761905,0.2,0.3380952380952381,0.0
187,Indonesia,24,45,3.75,0.16304347826086957,0.6611111111111111,3.170289855072464,7,0.9111111111111111,0.39855072463768115,0.38405797101449274,0.3079710144927536,,0.38405797101449274,0.14855072463768115,0.15942028985507245,0.0
188,Indonesia,22,83,7.545454545454546,0.3593073593073593,0.7273257045984319,1.8354978354978355,4,0.9759036144578314,0.8181818181818182,0.8095238095238095,0.7359307359307359,,0.8095238095238095,0.35064935064935066,0.3852813852813853,0.0
189,Indonesia,23,75,6.521739130434782,0.2964426877470356,0.77513742296351,1.9644268774703557,3,0.9866666666666667,0.7391304347826086,0.7351778656126482,0.6877470355731226,,0.7351778656126482,0.2924901185770751,0.3952569169960474,0.0
190,Indonesia,18,132,14.666666666666666,0.8627450980392157,0.9274018737254033,1.1372549019607843,2,1.0,1.0,1.0,1.0,0.8888888888888888,1.0,0.8627450980392157,0.13725490196078433,0.0
191,Indonesia,15,44,5.866666666666666,0.41904761904761906,0.6762962962962963,1.8,4,0.9318181818181818,0.8095238095238095,0.780952380952381,0.6095238095238096,0.4666666666666667,0.780952380952381,0.3904761904761905,0.21904761904761905,0.0
192,Indonesia,19,47,4.947368421052632,0.27485380116959063,0.644843168527379,2.0994152046783627,5,0.9148936170212766,0.7017543859649122,0.6783625730994152,0.5555555555555556,0.4444444444444444,0.6783625730994152,0.25146198830409355,0.30409356725146197,0.0
193,Indonesia,13,34,5.230769230769231,0.4358974358974359,0.594017094017094,1.6666666666666667,3,0.8823529411764706,0.8974358974358975,0.8461538461538461,0.46153846153846156,0.5128205128205128,0.8461538461538461,0.38461538461538464,0.07692307692307693,0.0
194,Indonesia,32,140,8.75,0.28225806451612906,0.7474244655842953,2.0806451612903225,5,0.9785714285714285,0.6854838709677419,0.6794354838709677,0.6310483870967742,,0.6794354838709677,0.2762096774193548,0.3548387096774194,0.0
195,Indonesia,26,136,10.461538461538462,0.41846153846153844,0.7566972309530061,1.6553846153846155,3,1.0,0.9261538461538461,0.9261538461538461,0.9261538461538461,,0.9261538461538461,0.41846153846153844,0.5076923076923077,0.0
196,Indonesia,38,150,7.894736842105263,0.21337126600284495,0.6426100258530599,2.3613086770981506,5,0.9666666666666667,0.561877667140825,0.5547652916073968,0.5163584637268848,,0.5547652916073968,0.20625889046941678,0.310099573257468,0.0
197,Indonesia,32,170,10.625,0.34274193548387094,0.8041356315253374,1.9173387096774193,5,0.9941176470588236,0.7762096774193549,0.7741935483870968,0.7681451612903226,,0.7741935483870968,0.3407258064516129,0.4274193548387097,0.0
198,Indonesia,25,66,5.28,0.22,0.6774949494949495,2.9166666666666665,7,0.9393939393939394,0.47333333333333333,0.46,0.39666666666666667,,0.46,0.20666666666666667,0.19,0.0
199,Indonesia,25,79,6.32,0.2633333333333333,0.6682781662781663,2.24,5,0.9493670886075949,0.6233333333333333,0.61,0.5233333333333333,,0.61,0.25,0.2733333333333333,0.0
201,Indonesia,19,69,7.2631578947368425,0.40350877192982454,0.7397129186602871,1.7894736842105263,3,0.9710144927536232,0.8070175438596491,0.7953216374269005,0.7017543859649122,0.5497076023391813,0.7953216374269005,0.391812865497076,0.30994152046783624,0.0
202,Indonesia,43,276,12.837209302325581,0.30564784053156147,0.8076205016733492,1.9091915836101883,4,1.0,0.7918050941306756,0.7918050941306756,0.7918050941306756,,0.7918050941306756,0.30564784053156147,0.48615725359911405,0.0
203,Indonesia,24,70,5.833333333333333,0.2536231884057971,0.6480921855921856,2.13768115942029,4,0.9571428571428572,0.6739130434782609,0.6630434782608695,0.5905797101449275,,0.6630434782608695,0.2427536231884058,0.34782608695652173,0.0
204,Indonesia,39,189,9.692307692307692,0.2550607287449393,0.7630524770141346,1.9352226720647774,3,0.9894179894179894,0.8097165991902834,0.8070175438596491,0.7692307692307693,,0.8070175438596491,0.252361673414305,0.5168690958164642,0.0
205,Indonesia,29,141,9.724137931034482,0.3472906403940887,0.7385511716140519,1.9605911330049262,4,0.9858156028368794,0.7216748768472906,0.7167487684729064,0.6798029556650246,,0.7167487684729064,0.34236453201970446,0.3374384236453202,0.0
206,Indonesia,25,132,10.56,0.44,0.8166031941914295,1.6866666666666668,3,1.0,0.8733333333333333,0.8733333333333333,0.8733333333333333,,0.8733333333333333,0.44,0.43333333333333335,0.0
207,Indonesia,27,95,7.037037037037037,0.2706552706552707,0.7587929560151783,2.0427350427350426,4,0.9789473684210527,0.7065527065527065,0.7008547008547008,0.6695156695156695,,0.7008547008547008,0.26495726495726496,0.4045584045584046,0.0
208,Indonesia,35,94,5.371428571428571,0.15798319327731092,0.7148102690959833,2.5546218487394956,6,0.9893617021276596,0.4957983193277311,0.49411764705882355,0.4789915966386555,,0.49411764705882355,0.15630252100840336,0.3226890756302521,0.0
209,Indonesia,23,60,5.217391304347826,0.23715415019762845,0.5685990338164251,2.3280632411067192,5,0.8833333333333333,0.5928853754940712,0.5652173913043478,0.3794466403162055,,0.5652173913043478,0.20948616600790515,0.16996047430830039,0.0
210,Indonesia,19,68,7.157894736842105,0.39766081871345027,0.7299194957089693,1.7017543859649122,3,0.9852941176470589,0.9005847953216374,0.8947368421052632,0.847953216374269,0.6608187134502924,0.8947368421052632,0.391812865497076,0.45614035087719296,0.0
211,Indonesia,38,185,9.736842105263158,0.2631578947368421,0.7680866647971911,2.2460881934566146,5,0.9945945945945946,0.615931721194879,0.6145092460881935,0.6059743954480796,,0.6145092460881935,0.26173541963015645,0.3442389758179232,0.0
212,Indonesia,37,146,7.891891891891892,0.21921921921921922,0.7580760157385544,2.3333333333333335,5,0.9794520547945206,0.5930930930930931,0.5885885885885885,0.551051051051051,,0.5885885885885885,0.2147147147147147,0.33633633633633636,0.0
213,Indonesia,32,99,6.1875,0.19959677419354838,0.7261483308358309,2.3024193548387095,4,0.98989898989899,0.5725806451612904,0.5705645161290323,0.5584677419354839,,0.5705645161290323,0.1975806451612903,0.36088709677419356,0.0
214,Indonesia,28,115,8.214285714285714,0.30423280423280424,0.8304802340516627,2.0555555555555554,4,1.0,0.671957671957672,0.671957671957672,0.671957671957672,,0.671957671957672,0.30423280423280424,0.36772486772486773,0.0
215,Indonesia,39,161,8.256410256410257,0.21727395411605938,0.7805941921326537,2.2887989203778676,5,0.9875776397515528,0.6072874493927125,0.6045883940620783,0.5789473684210527,,0.6045883940620783,0.2145748987854251,0.3643724696356275,0.0
216,Indonesia,25,114,9.12,0.38,0.6771597291597291,1.7133333333333334,3,0.9824561403508771,0.9066666666666666,0.9,0.8433333333333334,,0.9,0.37333333333333335,0.47,0.0
217,Indonesia,29,113,7.793103448275862,0.27832512315270935,0.6322942326999123,1.9827586206896552,4,0.9646017699115044,0.7586206896551724,0.7487684729064039,0.6724137931034483,,0.7487684729064039,0.2684729064039409,0.4039408866995074,0.0
218,Indonesia,34,179,10.529411764705882,0.31907308377896615,0.72053733539574,1.9304812834224598,4,0.9888268156424581,0.7736185383244206,0.7700534759358288,0.7486631016042781,,0.7700534759358288,0.3155080213903743,0.43315508021390375,0.0
219,Indonesia,40,186,9.3,0.23846153846153847,0.6985954834639045,2.2333333333333334,5,0.978494623655914,0.6333333333333333,0.6282051282051282,0.5858974358974359,,0.6282051282051282,0.23333333333333334,0.3525641025641026,0.0
220,Indonesia,19,56,5.894736842105263,0.32748538011695905,0.8197311460469355,1.9532163742690059,4,1.0,0.7426900584795322,0.7426900584795322,0.7426900584795322,0.5029239766081871,0.7426900584795322,0.32748538011695905,0.4152046783625731,0.0
221,Indonesia,37,173,9.35135135135135,0.25975975975975973,0.7883465438418998,2.2087087087087087,5,0.9942196531791907,0.6216216216216216,0.6201201201201201,0.6021021021021021,,0.6201201201201201,0.25825825825825827,0.34384384384384387,0.0
222,Indonesia,31,163,10.516129032258064,0.35053763440860214,0.6931868987724636,1.8516129032258064,4,0.9938650306748467,0.8365591397849462,0.8344086021505376,0.8301075268817204,,0.8344086021505376,0.34838709677419355,0.4817204301075269,0.0
223,Indonesia,27,136,10.074074074074074,0.38746438746438744,0.7728925701061924,1.7065527065527066,3,1.0,0.905982905982906,0.905982905982906,0.905982905982906,,0.905982905982906,0.38746438746438744,0.5185185185185185,0.0
224,Indonesia,22,56,5.090909090909091,0.24242424242424243,0.7637773842319298,2.2813852813852815,4,0.9642857142857143,0.5930735930735931,0.5844155844155844,0.5281385281385281,,0.5844155844155844,0.23376623376623376,0.2943722943722944,0.0
225,Indonesia,14,36,5.142857142857143,0.3956043956043956,0.6224489795918366,1.7582417582417582,3,0.9444444444444444,0.8461538461538461,0.8241758241758241,0.6703296703296703,0.5054945054945055,0.8241758241758241,0.37362637362637363,0.2967032967032967,0.0
226,Indonesia,25,119,9.52,0.39666666666666667,0.7398776844070961,1.79,4,0.9915966386554622,0.84,0.8366666666666667,0.81,,0.8366666666666667,0.3933333333333333,0.4166666666666667,0.0
227,Indonesia,40,189,9.45,0.2423076923076923,0.6665189589821943,2.137179487179487,5,0.9947089947089947,0.708974358974359,0.7076923076923077,0.7051282051282052,,0.7076923076923077,0.24102564102564103,0.4641025641025641,0.0
228,Indonesia,30,99,6.6,0.22758620689655173,0.6691797091797091,2.503448275862069,6,0.9696969696969697,0.5471264367816092,0.5402298850574713,0.49195402298850577,,0.5402298850574713,0.2206896551724138,0.271264367816092,0.0
229,Indonesia,42,185,8.80952380952381,0.2148664343786295,0.6730175325852498,2.1173054587688735,4,0.9891891891891892,0.6910569105691057,0.6887340301974448,0.6771196283391405,,0.6887340301974448,0.21254355400696864,0.4645760743321719,0.0
230,Indonesia,38,130,6.842105263157895,0.18492176386913228,0.6098306105659047,2.2844950213371265,5,0.9615384615384616,0.6116642958748222,0.604551920341394,0.5533428165007113,,0.604551920341394,0.17780938833570412,0.3755334281650071,0.0
231,Indonesia,27,94,6.962962962962963,0.2678062678062678,0.727227196671641,2.034188034188034,4,0.9787234042553191,0.7264957264957265,0.7207977207977208,0.6609686609686609,,0.7207977207977208,0.2621082621082621,0.39886039886039887,0.0
232,Indonesia,42,192,9.142857142857142,0.2229965156794425,0.6766962898928843,2.2717770034843205,5,0.9791666666666666,0.6213704994192799,0.6167247386759582,0.5691056910569106,,0.6167247386759582,0.2183507549361208,0.3507549361207898,0.0
233,Indonesia,20,51,5.1,0.26842105263157895,0.7273989898989899,2.0789473684210527,4,0.9607843137254902,0.6894736842105263,0.6789473684210526,0.6157894736842106,0.38421052631578945,0.6789473684210526,0.2578947368421053,0.35789473684210527,0.0
234,Indonesia,22,52,4.7272727272727275,0.22510822510822512,0.6257280598189688,2.1471861471861473,4,0.9038461538461539,0.6666666666666666,0.645021645021645,0.5324675324675324,,0.645021645021645,0.20346320346320346,0.329004329004329,0.0
235,Indonesia,21,67,6.380952380952381,0.319047619047619,0.7670461813318956,1.8904761904761904,4,1.0,0.8,0.8,0.8,,0.8,0.319047619047619,0.48095238095238096,0.0
236,Indonesia,23,52,4.521739130434782,0.20553359683794467,0.4806010414706067,2.375494071146245,6,0.8846153846153846,0.5849802371541502,0.5612648221343873,0.4624505928853755,,0.5612648221343873,0.18181818181818182,0.28063241106719367,0.0
237,Indonesia,33,107,6.484848484848484,0.20265151515151514,0.6899794649794649,2.1931818181818183,4,0.9626168224299065,0.6231060606060606,0.615530303030303,0.553030303030303,,0.615530303030303,0.19507575757575757,0.35795454545454547,0.0
238,Indonesia,33,113,6.848484848484849,0.21401515151515152,0.724062449730899,2.183712121212121,5,0.9823008849557522,0.6742424242424242,0.6704545454545454,0.6496212121212122,,0.6704545454545454,0.21022727272727273,0.4393939393939394,0.0
239,Indonesia,16,50,6.25,0.4166666666666667,0.6643308080808081,1.8166666666666667,4,0.94,0.8083333333333333,0.7833333333333333,0.6416666666666667,0.49166666666666664,0.7833333333333333,0.39166666666666666,0.25,0.0
240,Indonesia,21,66,6.285714285714286,0.3142857142857143,0.6520492734778449,2.1333333333333333,4,0.9393939393939394,0.6523809523809524,0.6333333333333333,0.46190476190476193,,0.6333333333333333,0.29523809523809524,0.16666666666666666,0.0
241,Indonesia,17,53,6.235294117647059,0.3897058823529412,0.6862745098039216,1.7720588235294117,3,0.9433962264150944,0.8382352941176471,0.8161764705882353,0.6397058823529411,0.45588235294117646,0.8161764705882353,0.36764705882352944,0.27205882352941174,0.0
242,Indonesia,21,58,5.523809523809524,0.2761904761904762,0.6714293642865071,1.9666666666666666,3,0.9482758620689655,0.7571428571428571,0.7428571428571429,0.6,,0.7428571428571429,0.2619047619047619,0.3380952380952381,0.0
243,Indonesia,36,102,5.666666666666667,0.1619047619047619,0.7042611709278376,2.492063492063492,5,0.9705882352941176,0.5031746031746032,0.4984126984126984,0.45555555555555555,,0.4984126984126984,0.15714285714285714,0.2984126984126984,0.0
244,Indonesia,28,89,6.357142857142857,0.23544973544973544,0.6753835450264021,2.2195767195767195,4,0.9550561797752809,0.6031746031746031,0.5925925925925926,0.5238095238095238,,0.5925925925925926,0.22486772486772486,0.29894179894179895,0.0
245,Indonesia,15,42,5.6,0.4,0.6980711880711881,1.7333333333333334,3,0.9523809523809523,0.8666666666666667,0.8476190476190476,0.7142857142857143,0.580952380952381,0.8476190476190476,0.38095238095238093,0.3333333333333333,0.0
246,Indonesia,17,48,5.647058823529412,0.35294117647058826,0.6508870214752568,1.9485294117647058,4,0.9375,0.7426470588235294,0.7205882352941176,0.5882352941176471,0.4411764705882353,0.7205882352941176,0.33088235294117646,0.25735294117647056,0.0
247,Indonesia,19,96,10.105263157894736,0.5614035087719298,0.8467836257309941,1.5730994152046784,3,0.9895833333333334,0.8654970760233918,0.8596491228070176,0.8128654970760234,0.6374269005847953,0.8596491228070176,0.5555555555555556,0.2573099415204678,0.0
248,Indonesia,23,63,5.478260869565218,0.2490118577075099,0.8292050944224857,2.1343873517786562,4,0.9841269841269841,0.6561264822134387,0.6521739130434783,0.6205533596837944,,0.6521739130434783,0.2450592885375494,0.37549407114624506,0.0
249,Indonesia,25,55,4.4,0.18333333333333332,0.6897806637806637,2.4166666666666665,4,0.9454545454545454,0.53,0.52,0.45,,0.52,0.17333333333333334,0.27666666666666667,0.0
250,Indonesia,31,80,5.161290322580645,0.17204301075268819,0.625017455662617,2.836559139784946,6,0.9125,0.4129032258064516,0.3978494623655914,0.3032258064516129,,0.3978494623655914,0.15698924731182795,0.14623655913978495,0.0
251,Indonesia,30,90,6.0,0.20689655172413793,0.6824651274651274,2.5011494252873563,6,0.9444444444444444,0.5241379310344828,0.5126436781609195,0.4367816091954023,,0.5126436781609195,0.19540229885057472,0.2413793103448276,0.0
252,Indonesia,13,30,4.615384615384615,0.38461538461538464,0.8058608058608059,1.7692307692307692,3,0.9666666666666667,0.8461538461538461,0.8333333333333334,0.7435897435897436,0.48717948717948717,0.8333333333333334,0.3717948717948718,0.3717948717948718,0.0
253,Indonesia,29,74,5.103448275862069,0.18226600985221675,0.7262775538637608,2.7339901477832513,6,0.9459459459459459,0.4433497536945813,0.43349753694581283,0.35467980295566504,,0.43349753694581283,0.1724137931034483,0.18226600985221675,0.0
254,Indonesia,15,60,8.0,0.5714285714285714,0.7481577681577681,1.5047619047619047,3,0.9833333333333333,0.9238095238095239,0.9142857142857143,0.8285714285714286,0.638095238095238,0.9142857142857143,0.5619047619047619,0.26666666666666666,0.0
255,Indonesia,21,50,4.761904761904762,0.23809523809523808,0.6100769600769601,2.3047619047619046,5,0.9,0.6047619047619047,0.580952380952381,0.49047619047619045,,0.580952380952381,0.21428571428571427,0.2761904761904762,0.0
256,Indonesia,18,49,5.444444444444445,0.3202614379084967,0.7382716049382716,2.1633986928104574,5,0.9387755102040817,0.6862745098039216,0.6666666666666666,0.6013071895424836,0.39215686274509803,0.6666666666666666,0.3006535947712418,0.3006535947712418,0.0
257,Indonesia,23,63,5.478260869565218,0.2490118577075099,0.6833873855612985,2.102766798418972,4,0.9523809523809523,0.6837944664031621,0.6719367588932806,0.5731225296442688,,0.6719367588932806,0.23715415019762845,0.3359683794466403,0.0
258,Indonesia,28,87,6.214285714285714,0.23015873015873015,0.7146631146631146,2.1984126984126986,4,0.9770114942528736,0.6455026455026455,0.6402116402116402,0.6164021164021164,,0.6402116402116402,0.22486772486772486,0.3915343915343915,0.0
259,Indonesia,22,70,6.363636363636363,0.30303030303030304,0.6632428177882723,1.9870129870129871,5,0.9857142857142858,0.7619047619047619,0.7575757575757576,0.7445887445887446,,0.7575757575757576,0.2987012987012987,0.4458874458874459,0.0
260,Indonesia,15,43,5.733333333333333,0.4095238095238095,0.6357142857142858,1.7904761904761906,4,0.9534883720930233,0.819047619047619,0.8,0.7047619047619048,0.47619047619047616,0.8,0.3904761904761905,0.3142857142857143,0.0
261,Indonesia,33,117,7.090909090909091,0.2215909090909091,0.7187632188828361,2.3693181818181817,6,0.9658119658119658,0.6420454545454546,0.634469696969697,0.5681818181818182,,0.634469696969697,0.21401515151515152,0.3541666666666667,0.0
262,Indonesia,22,58,5.2727272727272725,0.2510822510822511,0.568192413646959,2.069264069264069,4,0.896551724137931,0.7056277056277056,0.6796536796536796,0.4805194805194805,,0.6796536796536796,0.22510822510822512,0.2554112554112554,0.0
263,Indonesia,20,51,5.1,0.26842105263157895,0.6853679653679654,2.0210526315789474,4,0.9215686274509803,0.7210526315789474,0.7,0.5368421052631579,0.3894736842105263,0.7,0.24736842105263157,0.2894736842105263,0.0
264,Indonesia,37,97,5.243243243243243,0.14564564564564564,0.7531399531399532,2.7177177177177176,6,0.9484536082474226,0.4264264264264264,0.4189189189189189,0.3783783783783784,,0.4189189189189189,0.13813813813813813,0.24024024024024024,0.0
265,Indonesia,20,56,5.6,0.29473684210526313,0.6442316017316017,1.936842105263158,3,0.9285714285714286,0.7684210526315789,0.7473684210526316,0.5684210526315789,0.4631578947368421,0.7473684210526316,0.2736842105263158,0.29473684210526313,0.0
266,Indonesia,53,178,6.716981132075472,0.12917271407837447,0.7559119201183575,3.0,7,0.9719101123595506,0.36284470246734396,0.35921625544267055,0.32946298984034833,,0.35921625544267055,0.125544267053701,0.20391872278664733,0.0
267,Indonesia,39,228,11.692307692307692,0.3076923076923077,0.7493777691839859,1.9311740890688258,4,1.0,0.766531713900135,0.766531713900135,0.766531713900135,,0.766531713900135,0.3076923076923077,0.45883940620782726,0.0
268,Indonesia,38,122,6.421052631578948,0.17354196301564723,0.7323329620156245,2.7012802275960173,7,0.9836065573770492,0.4907539118065434,0.4879089615931721,0.47368421052631576,,0.4879089615931721,0.17069701280227595,0.3029871977240398,0.0
269,Indonesia,39,101,5.17948717948718,0.13630229419703105,0.6238240392086546,2.852901484480432,7,0.9306930693069307,0.40350877192982454,0.3940620782726046,0.3549257759784076,,0.3940620782726046,0.12685560053981107,0.22807017543859648,0.0
271,Indonesia,32,141,8.8125,0.2842741935483871,0.7942345797584768,2.161290322580645,4,0.9929078014184397,0.6149193548387096,0.6129032258064516,0.5866935483870968,,0.6129032258064516,0.28225806451612906,0.30443548387096775,0.0
272,Indonesia,27,95,7.037037037037037,0.2706552706552707,0.8143712254823365,2.0598290598290596,3,0.9894736842105263,0.6695156695156695,0.6666666666666666,0.6467236467236467,,0.6666666666666666,0.2678062678062678,0.3789173789173789,0.0
273,Indonesia,28,96,6.857142857142857,0.25396825396825395,0.7263680711519057,2.119047619047619,4,0.9791666666666666,0.6772486772486772,0.671957671957672,0.6402116402116402,,0.671957671957672,0.24867724867724866,0.3915343915343915,0.0
274,Indonesia,25,91,7.28,0.30333333333333334,0.8457231461349108,1.95,4,1.0,0.7633333333333333,0.7633333333333333,0.7633333333333333,,0.7633333333333333,0.30333333333333334,0.46,0.0
275,Indonesia,33,92,5.575757575757576,0.17424242424242425,0.6480913026367572,3.1117424242424243,7,0.9239130434782609,0.4185606060606061,0.4053030303030303,0.3503787878787879,,0.4053030303030303,0.16098484848484848,0.1893939393939394,0.0
276,Indonesia,51,197,7.7254901960784315,0.15450980392156863,0.7940353992985573,2.5301960784313726,7,0.9898477157360406,0.5090196078431373,0.5074509803921569,0.5035294117647059,,0.5074509803921569,0.15294117647058825,0.35058823529411764,0.0
277,Indonesia,40,171,8.55,0.21923076923076923,0.7021282679738562,2.385897435897436,6,0.9824561403508771,0.5782051282051283,0.5743589743589743,0.5551282051282052,,0.5743589743589743,0.2153846153846154,0.33974358974358976,0.0
278,Indonesia,58,199,6.862068965517241,0.12038717483363581,0.712582783336493,3.898971566848155,10,0.9698492462311558,0.30913490623109496,0.30550514216575925,0.2867513611615245,,0.30550514216575925,0.11675741076830005,0.16999395039322443,0.0
279,Indonesia,19,62,6.526315789473684,0.36257309941520466,0.7093833067517279,1.871345029239766,4,0.967741935483871,0.7894736842105263,0.7777777777777778,0.6608187134502924,0.5087719298245614,0.7777777777777778,0.3508771929824561,0.30994152046783624,0.0
280,Indonesia,36,100,5.555555555555555,0.15873015873015872,0.6602232643899311,2.773015873015873,6,0.96,0.44761904761904764,0.44126984126984126,0.4142857142857143,,0.44126984126984126,0.1523809523809524,0.2619047619047619,0.0
281,Indonesia,46,132,5.739130434782608,0.12753623188405797,0.6944133161524466,2.9980676328502414,7,0.9621212121212122,0.3739130434782609,0.3690821256038647,0.3333333333333333,,0.3690821256038647,0.12270531400966184,0.2106280193236715,0.0
282,Indonesia,35,124,7.085714285714285,0.20840336134453782,0.7089750072523182,2.3327731092436976,6,0.9919354838709677,0.5865546218487395,0.584873949579832,0.5798319327731093,,0.584873949579832,0.20672268907563024,0.373109243697479,0.0
283,Indonesia,55,227,8.254545454545454,0.15286195286195287,0.6261819434279328,2.639057239057239,7,0.986784140969163,0.48282828282828283,0.4808080808080808,0.4707070707070707,,0.4808080808080808,0.15084175084175083,0.31986531986531985,0.0
284,Indonesia,25,99,7.92,0.33,0.7847929847929848,1.93,3,1.0,0.74,0.74,0.74,,0.74,0.33,0.41,0.0
285,Indonesia,18,79,8.777777777777779,0.5163398692810458,0.79332827666161,1.588235294117647,3,1.0,0.8954248366013072,0.8954248366013072,0.8954248366013072,0.6405228758169934,0.8954248366013072,0.5163398692810458,0.3790849673202614,0.0
286,Indonesia,18,53,5.888888888888889,0.3464052287581699,0.7929052429052429,2.0130718954248366,4,0.9622641509433962,0.6797385620915033,0.6666666666666666,0.5424836601307189,0.48366013071895425,0.6666666666666666,0.3333333333333333,0.20915032679738563,0.0
287,Indonesia,31,141,9.096774193548388,0.3032258064516129,0.7843731143741131,2.238709677419355,5,0.9929078014184397,0.6258064516129033,0.6236559139784946,0.5956989247311828,,0.6236559139784946,0.3010752688172043,0.2946236559139785,0.0
288,Indonesia,56,240,8.571428571428571,0.15584415584415584,0.7387633042113914,2.55,5,0.9916666666666667,0.4655844155844156,0.4642857142857143,0.44935064935064933,,0.4642857142857143,0.15454545454545454,0.2948051948051948,0.0
289,Indonesia,13,53,8.153846153846153,0.6794871794871795,0.8017149517149517,1.3717948717948718,3,0.9811320754716981,0.9487179487179487,0.9358974358974359,0.8461538461538461,0.717948717948718,0.9358974358974359,0.6666666666666666,0.1794871794871795,0.0
290,Indonesia,52,193,7.423076923076923,0.1455505279034691,0.664392837058948,2.560331825037707,6,0.9792746113989638,0.4879336349924585,0.48491704374057315,0.4645550527903469,,0.48491704374057315,0.1425339366515837,0.3220211161387632,0.0
291,Indonesia,20,57,5.7,0.3,0.7361616161616162,2.0105263157894737,4,0.9649122807017544,0.7157894736842105,0.7052631578947368,0.6368421052631579,0.42105263157894735,0.7052631578947368,0.2894736842105263,0.3473684210526316,0.0
292,Indonesia,41,206,10.048780487804878,0.25121951219512195,0.7447737556561086,2.124390243902439,4,0.9902912621359223,0.6414634146341464,0.6390243902439025,0.6182926829268293,,0.6390243902439025,0.24878048780487805,0.3695121951219512,0.0
293,Indonesia,38,125,6.578947368421052,0.17780938833570412,0.6522495048810838,2.671408250355619,6,0.984,0.5007112375533428,0.49786628733997157,0.4850640113798009,,0.49786628733997157,0.17496443812233287,0.310099573257468,0.0
294,Indonesia,65,437,13.446153846153846,0.21009615384615385,0.8314201903194192,2.483653846153846,7,0.9954233409610984,0.6120192307692308,0.6110576923076924,0.5956730769230769,,0.6110576923076924,0.2091346153846154,0.38653846153846155,0.0
295,Indonesia,33,131,7.9393939393939394,0.2481060606060606,0.7975273663072706,2.159090909090909,4,0.9923664122137404,0.6382575757575758,0.6363636363636364,0.6212121212121212,,0.6363636363636364,0.24621212121212122,0.375,0.0
296,Indonesia,49,399,16.285714285714285,0.3392857142857143,0.7440919210414264,1.9209183673469388,5,0.9974937343358395,0.7848639455782312,0.7840136054421769,0.7789115646258503,,0.7840136054421769,0.33843537414965985,0.44047619047619047,0.0
297,Indonesia,35,230,13.142857142857142,0.3865546218487395,0.8268866954888723,1.826890756302521,4,1.0,0.8067226890756303,0.8067226890756303,0.8067226890756303,,0.8067226890756303,0.3865546218487395,0.42016806722689076,0.0
298,Indonesia,27,97,7.185185185185185,0.27635327635327633,0.8266151543929321,2.0455840455840457,3,1.0,0.6780626780626781,0.6780626780626781,0.6780626780626781,,0.6780626780626781,0.27635327635327633,0.4017094017094017,0.0
299,Indonesia,36,164,9.11111111111111,0.26031746031746034,0.7737138427734402,2.1142857142857143,4,0.9939024390243902,0.6904761904761905,0.6888888888888889,0.6793650793650794,,0.6888888888888889,0.25873015873015875,0.42063492063492064,0.0
300,Indonesia,34,170,10.0,0.30303030303030304,0.7785338844162374,2.0944741532976825,4,0.9882352941176471,0.6345811051693404,0.6310160427807486,0.6185383244206774,,0.6310160427807486,0.2994652406417112,0.31907308377896615,0.0
301,Indonesia,17,55,6.470588235294118,0.40441176470588236,0.8890671420083185,1.75,3,1.0,0.8455882352941176,0.8455882352941176,0.8455882352941176,0.5514705882352942,0.8455882352941176,0.40441176470588236,0.4411764705882353,0.0
302,Indonesia,21,174,16.571428571428573,0.8285714285714286,0.9149176404704933,1.1714285714285715,2,1.0,1.0,1.0,1.0,,1.0,0.8285714285714286,0.17142857142857143,0.0
303,Indonesia,22,87,7.909090909090909,0.37662337662337664,0.6460115641933823,1.844155844155844,4,0.9655172413793104,0.8008658008658008,0.7878787878787878,0.7229437229437229,,0.7878787878787878,0.36363636363636365,0.3593073593073593,0.0
304,Indonesia,51,188,7.372549019607843,0.14745098039215687,0.6795171187904752,2.6580392156862747,6,0.973404255319149,0.4619607843137255,0.45803921568627454,0.4376470588235294,,0.45803921568627454,0.14352941176470588,0.29411764705882354,0.0
305,Indonesia,38,151,7.947368421052632,0.2147937411095306,0.7775451629553797,2.314366998577525,4,0.9867549668874173,0.5419630156472262,0.5391180654338549,0.5149359886201992,,0.5391180654338549,0.2119487908961593,0.3029871977240398,0.0
306,Indonesia,33,188,11.393939393939394,0.3560606060606061,0.8080615902949142,1.9299242424242424,4,1.0,0.7424242424242424,0.7424242424242424,0.7424242424242424,,0.7424242424242424,0.3560606060606061,0.38636363636363635,0.0
307,Indonesia,30,96,6.4,0.2206896551724138,0.7946116846116846,2.4091954022988507,4,0.9895833333333334,0.5310344827586206,0.5287356321839081,0.5218390804597701,,0.5287356321839081,0.21839080459770116,0.30344827586206896,0.0
309,Indonesia,27,93,6.888888888888889,0.26495726495726496,0.7840167034611478,2.0883190883190883,4,0.989247311827957,0.6723646723646723,0.6695156695156695,0.6467236467236467,,0.6695156695156695,0.2621082621082621,0.38461538461538464,0.0
310,Indonesia,18,91,10.11111111111111,0.5947712418300654,0.7737870154536821,1.457516339869281,3,0.989010989010989,0.9477124183006536,0.9411764705882353,0.8888888888888888,0.7908496732026143,0.9411764705882353,0.5882352941176471,0.3006535947712418,0.0
311,Indonesia,29,126,8.689655172413794,0.3103448275862069,0.6861911302580674,1.8916256157635467,4,0.9841269841269841,0.8325123152709359,0.8275862068965517,0.7955665024630542,,0.8275862068965517,0.3054187192118227,0.49014778325123154,0.0
312,Indonesia,28,74,5.285714285714286,0.19576719576719576,0.6921703296703298,2.5873015873015874,6,0.9594594594594594,0.48677248677248675,0.47883597883597884,0.41798941798941797,,0.47883597883597884,0.18783068783068782,0.23015873015873015,0.0
313,Indonesia,28,104,7.428571428571429,0.2751322751322751,0.8780844155844155,2.1534391534391535,4,1.0,0.6402116402116402,0.6402116402116402,0.6402116402116402,,0.6402116402116402,0.2751322751322751,0.36507936507936506,0.0
314,Indonesia,12,37,6.166666666666667,0.5606060606060606,0.6612433862433863,1.5,3,0.918918918918919,0.9393939393939394,0.8939393939393939,0.5454545454545454,0.696969696969697,0.8939393939393939,0.5151515151515151,0.030303030303030304,0.0
315,Indonesia,14,44,6.285714285714286,0.4835164835164835,0.7420634920634921,1.5934065934065933,3,0.9545454545454546,0.9230769230769231,0.9010989010989011,0.7252747252747253,0.5384615384615384,0.9010989010989011,0.46153846153846156,0.26373626373626374,0.0
316,Indonesia,20,52,5.2,0.2736842105263158,0.7201767676767676,2.168421052631579,4,0.9615384615384616,0.6578947368421053,0.6473684210526316,0.5789473684210527,0.42105263157894735,0.6473684210526316,0.2631578947368421,0.3157894736842105,0.0
317,Indonesia,38,148,7.7894736842105265,0.21052631578947367,0.7336071207954864,2.2887624466571834,5,0.9864864864864865,0.6216216216216216,0.6187766714082503,0.5832147937411095,,0.6187766714082503,0.20768136557610242,0.3755334281650071,0.0
318,Indonesia,10,31,6.2,0.6888888888888889,0.8321428571428571,1.3333333333333333,3,0.967741935483871,0.9777777777777777,0.9555555555555556,0.8,0.6444444444444445,0.9555555555555556,0.6666666666666666,0.13333333333333333,0.0
319,Indonesia,31,114,7.354838709677419,0.24516129032258063,0.7239406650696973,2.0688172043010753,4,0.9824561403508771,0.7053763440860215,0.7010752688172043,0.6709677419354839,,0.7010752688172043,0.24086021505376345,0.43010752688172044,0.0
320,Indonesia,40,204,10.2,0.26153846153846155,0.7995524199742465,2.037179487179487,3,1.0,0.7012820512820512,0.7012820512820512,0.7012820512820512,,0.7012820512820512,0.26153846153846155,0.43974358974358974,0.0
321,Indonesia,24,80,6.666666666666667,0.2898550724637681,0.767219585969586,2.068840579710145,4,0.9875,0.7065217391304348,0.7028985507246377,0.6702898550724637,,0.7028985507246377,0.286231884057971,0.38405797101449274,0.0
322,Indonesia,25,92,7.36,0.30666666666666664,0.7821429681429681,1.9433333333333334,4,0.9891304347826086,0.7633333333333333,0.76,0.7233333333333334,,0.76,0.30333333333333334,0.42,0.0
323,Indonesia,39,217,11.128205128205128,0.29284750337381915,0.7489815803700062,1.94331983805668,4,0.9907834101382489,0.7813765182186235,0.7786774628879892,0.7557354925775979,,0.7786774628879892,0.2901484480431849,0.46558704453441296,0.0
324,Indonesia,22,84,7.636363636363637,0.36363636363636365,0.7478947226273429,1.800865800865801,3,0.9761904761904762,0.8354978354978355,0.8268398268398268,0.7186147186147186,,0.8268398268398268,0.354978354978355,0.36363636363636365,0.0
325,Indonesia,29,130,8.96551724137931,0.32019704433497537,0.6581202121129526,1.9039408866995073,4,0.9846153846153847,0.8054187192118226,0.8004926108374384,0.7364532019704434,,0.8004926108374384,0.31527093596059114,0.4211822660098522,0.0
326,Indonesia,34,127,7.470588235294118,0.22638146167557932,0.7673211976412668,2.372549019607843,5,0.9921259842519685,0.5971479500891266,0.5953654188948306,0.5882352941176471,,0.5953654188948306,0.22459893048128343,0.36363636363636365,0.0
327,Indonesia,30,83,5.533333333333333,0.19080459770114944,0.7585055685055686,2.489655172413793,5,1.0,0.5080459770114942,0.5080459770114942,0.5080459770114942,,0.5080459770114942,0.19080459770114944,0.31724137931034485,0.0
328,Indonesia,30,115,7.666666666666667,0.26436781609195403,0.7611388611388611,2.174712643678161,4,0.9652173913043478,0.6160919540229886,0.6068965517241379,0.5195402298850574,,0.6068965517241379,0.25517241379310346,0.26436781609195403,0.0
329,Indonesia,32,83,5.1875,0.16733870967741934,0.6231334637584638,2.5423387096774195,5,0.9397590361445783,0.4959677419354839,0.48588709677419356,0.42943548387096775,,0.48588709677419356,0.15725806451612903,0.2721774193548387,0.0
330,Indonesia,31,116,7.483870967741935,0.24946236559139784,0.7118542747575005,2.032258064516129,4,0.9827586206896551,0.7462365591397849,0.7419354838709677,0.7161290322580646,,0.7419354838709677,0.24516129032258063,0.47096774193548385,0.0
331,Indonesia,23,76,6.608695652173913,0.30039525691699603,0.8333772507685551,2.0197628458498023,3,1.0,0.6798418972332015,0.6798418972332015,0.6798418972332015,,0.6798418972332015,0.30039525691699603,0.3794466403162055,0.0
332,Indonesia,19,48,5.052631578947368,0.2807017543859649,0.7724728487886383,2.3216374269005846,4,0.9791666666666666,0.5555555555555556,0.5497076023391813,0.5087719298245614,0.36257309941520466,0.5497076023391813,0.27485380116959063,0.23391812865497075,0.0
333,Indonesia,19,54,5.684210526315789,0.3157894736842105,0.753861927546138,2.0,4,0.9814814814814815,0.7309941520467836,0.7251461988304093,0.6900584795321637,0.4619883040935672,0.7251461988304093,0.30994152046783624,0.38011695906432746,0.0
334,Indonesia,19,80,8.421052631578947,0.4678362573099415,0.7540814448709185,1.654970760233918,3,0.9875,0.8771929824561403,0.8713450292397661,0.8421052631578947,0.7134502923976608,0.8713450292397661,0.4619883040935672,0.38011695906432746,0.0
335,Indonesia,17,107,12.588235294117647,0.7867647058823529,0.9140702434820082,1.2352941176470589,3,1.0,0.9779411764705882,0.9779411764705882,0.9779411764705882,0.7794117647058824,0.9779411764705882,0.7867647058823529,0.19117647058823528,0.0
336,Indonesia,31,107,6.903225806451613,0.23010752688172043,0.7718976364137654,2.172043010752688,4,0.9906542056074766,0.6430107526881721,0.6408602150537634,0.6129032258064516,,0.6408602150537634,0.22795698924731184,0.3849462365591398,0.0
337,Indonesia,20,96,9.6,0.5052631578947369,0.7976917526917526,1.5526315789473684,3,1.0,0.9421052631578948,0.9421052631578948,0.9421052631578948,0.6526315789473685,0.9421052631578948,0.5052631578947369,0.4368421052631579,0.0
338,Indonesia,19,52,5.473684210526316,0.30409356725146197,0.6480063795853269,1.935672514619883,3,0.9230769230769231,0.7602339181286549,0.7368421052631579,0.5497076023391813,0.4152046783625731,0.7368421052631579,0.2807017543859649,0.26900584795321636,0.0
339,Indonesia,22,101,9.181818181818182,0.43722943722943725,0.7668450385027925,1.6796536796536796,4,0.9900990099009901,0.8874458874458875,0.8831168831168831,0.8441558441558441,,0.8831168831168831,0.4329004329004329,0.41125541125541126,0.0
340,Indonesia,42,212,10.095238095238095,0.2462253193960511,0.7121865854672136,2.103368176538908,5,0.9811320754716981,0.6898954703832753,0.6852497096399536,0.6364692218350755,,0.6852497096399536,0.2415795586527294,0.3948896631823461,0.0
341,Indonesia,25,84,6.72,0.28,0.7055553335553335,2.28,5,0.9761904761904762,0.6233333333333333,0.6166666666666667,0.5633333333333334,,0.6166666666666667,0.2733333333333333,0.29,0.0
342,Indonesia,28,121,8.642857142857142,0.3201058201058201,0.7078351212279783,2.105820105820106,5,0.9834710743801653,0.6931216931216931,0.6878306878306878,0.6746031746031746,,0.6878306878306878,0.3148148148148148,0.35978835978835977,0.0
343,Indonesia,16,50,6.25,0.4166666666666667,0.6527777777777778,1.875,5,0.94,0.7666666666666667,0.7416666666666667,0.6583333333333333,0.48333333333333334,0.7416666666666667,0.39166666666666666,0.26666666666666666,0.0
344,Indonesia,33,341,20.666666666666668,0.6458333333333334,0.8323628711227257,1.3541666666666667,2,1.0,1.0,1.0,1.0,,1.0,0.6458333333333334,0.3541666666666667,0.0
345,Indonesia,21,137,13.047619047619047,0.6523809523809524,0.8862978839759025,1.3666666666666667,3,1.0,0.9809523809523809,0.9809523809523809,0.9809523809523809,,0.9809523809523809,0.6523809523809524,0.32857142857142857,0.0
346,Indonesia,26,102,7.846153846153846,0.31384615384615383,0.7377265896496665,1.9753846153846153,4,0.9803921568627451,0.7507692307692307,0.7446153846153846,0.6984615384615385,,0.7446153846153846,0.3076923076923077,0.39076923076923076,0.0
347,Indonesia,35,131,7.485714285714286,0.22016806722689075,0.6990307311735883,2.2521008403361344,4,0.9847328244274809,0.611764705882353,0.6084033613445378,0.5697478991596638,,0.6084033613445378,0.21680672268907564,0.35294117647058826,0.0
348,Indonesia,34,121,7.117647058823529,0.21568627450980393,0.6731742114095055,2.2959001782531194,5,0.9752066115702479,0.5953654188948306,0.5900178253119429,0.5561497326203209,,0.5900178253119429,0.2103386809269162,0.34581105169340465,0.0
349,Indonesia,19,42,4.421052631578948,0.24561403508771928,0.6038011695906432,2.5964912280701755,6,0.8809523809523809,0.5672514619883041,0.5380116959064327,0.38011695906432746,0.30994152046783624,0.5380116959064327,0.21637426900584794,0.16374269005847952,0.0
350,Indonesia,17,60,7.0588235294117645,0.4411764705882353,0.8050276520864755,1.625,3,0.9833333333333333,0.9338235294117647,0.9264705882352942,0.8676470588235294,0.6838235294117647,0.9264705882352942,0.4338235294117647,0.4338235294117647,0.0
351,Indonesia,47,251,10.680851063829786,0.23219241443108232,0.6985871179666054,2.617946345975948,7,0.9840637450199203,0.49861239592969475,0.49491211840888066,0.46345975948196116,,0.49491211840888066,0.22849213691026826,0.23496762257169287,0.0
352,Indonesia,27,143,10.592592592592593,0.4074074074074074,0.7947832175214357,1.8005698005698005,4,0.986013986013986,0.8205128205128205,0.8148148148148148,0.7094017094017094,,0.8148148148148148,0.4017094017094017,0.3076923076923077,0.0
353,Indonesia,36,171,9.5,0.2714285714285714,0.7578347578347578,2.06031746031746,4,0.9883040935672515,0.6936507936507936,0.6904761904761905,0.6682539682539682,,0.6904761904761905,0.26825396825396824,0.4,0.0
354,Indonesia,39,223,11.435897435897436,0.300944669365722,0.709209238936555,2.00944669365722,5,0.9910313901345291,0.7395411605937922,0.7368421052631579,0.708502024291498,,0.7368421052631579,0.2982456140350877,0.41025641025641024,0.0
355,Indonesia,20,101,10.1,0.531578947368421,0.7878896103896104,1.5,3,1.0,0.968421052631579,0.968421052631579,0.968421052631579,0.7052631578947368,0.968421052631579,0.531578947368421,0.4368421052631579,0.0
356,Indonesia,20,86,8.6,0.45263157894736844,0.8203937728937729,1.8210526315789475,4,1.0,0.7684210526315789,0.7684210526315789,0.7684210526315789,0.531578947368421,0.7684210526315789,0.45263157894736844,0.3157894736842105,0.0
357,Indonesia,36,199,11.055555555555555,0.31587301587301586,0.7655315998453253,1.8825396825396825,4,0.9949748743718593,0.807936507936508,0.8063492063492064,0.7888888888888889,,0.8063492063492064,0.3142857142857143,0.4746031746031746,0.0
358,Indonesia,18,59,6.555555555555555,0.38562091503267976,0.7465207631874299,1.7516339869281046,3,0.9491525423728814,0.8627450980392157,0.8431372549019608,0.7058823529411765,0.5490196078431373,0.8431372549019608,0.3660130718954248,0.33986928104575165,0.0
359,Indonesia,15,64,8.533333333333333,0.6095238095238096,0.7372053872053872,1.4857142857142858,3,0.96875,0.9047619047619048,0.8857142857142857,0.7428571428571429,0.6476190476190476,0.8857142857142857,0.5904761904761905,0.1523809523809524,0.0
360,Indonesia,18,67,7.444444444444445,0.43790849673202614,0.7248794415461082,1.7581699346405228,4,0.9701492537313433,0.8235294117647058,0.8104575163398693,0.7189542483660131,0.5555555555555556,0.8104575163398693,0.42483660130718953,0.29411764705882354,0.0
361,Indonesia,26,79,6.076923076923077,0.24307692307692308,0.7208180708180708,2.1569230769230767,4,0.9620253164556962,0.6430769230769231,0.6338461538461538,0.5723076923076923,,0.6338461538461538,0.23384615384615384,0.3384615384615385,0.0
362,Indonesia,12,34,5.666666666666667,0.5151515151515151,0.6428571428571429,1.5757575757575757,3,0.9117647058823529,0.9090909090909091,0.8636363636363636,0.5454545454545454,0.48484848484848486,0.8636363636363636,0.4696969696969697,0.07575757575757576,0.0
363,Indonesia,19,62,6.526315789473684,0.36257309941520466,0.7966197545144913,1.7251461988304093,3,1.0,0.9122807017543859,0.9122807017543859,0.9122807017543859,0.6842105263157895,0.9122807017543859,0.36257309941520466,0.5497076023391813,0.0
364,Indonesia,19,50,5.2631578947368425,0.29239766081871343,0.7503987240829346,1.9824561403508771,4,0.96,0.7368421052631579,0.7251461988304093,0.6432748538011696,0.4678362573099415,0.7251461988304093,0.2807017543859649,0.36257309941520466,0.0
365,Indonesia,25,65,5.2,0.21666666666666667,0.7359191919191919,2.14,3,0.9384615384615385,0.6433333333333333,0.63,0.5233333333333333,,0.63,0.20333333333333334,0.32,0.0
366,Indonesia,25,80,6.4,0.26666666666666666,0.6794458874458874,2.0766666666666667,4,0.975,0.6933333333333334,0.6866666666666666,0.64,,0.6866666666666666,0.26,0.38,0.0
367,Indonesia,25,97,7.76,0.3233333333333333,0.8229517149517149,2.026666666666667,4,1.0,0.6833333333333333,0.6833333333333333,0.6833333333333333,,0.6833333333333333,0.3233333333333333,0.36,0.0
368,Indonesia,22,54,4.909090909090909,0.23376623376623376,0.6906565656565656,2.294372294372294,5,0.9444444444444444,0.5974025974025974,0.5844155844155844,0.5064935064935064,,0.5844155844155844,0.22077922077922077,0.2857142857142857,0.0
369,Indonesia,15,47,6.266666666666667,0.44761904761904764,0.7562962962962964,1.6761904761904762,3,0.9574468085106383,0.8761904761904762,0.8571428571428571,0.7047619047619048,0.5333333333333333,0.8571428571428571,0.42857142857142855,0.2761904761904762,0.0
370,Indonesia,25,68,5.44,0.22666666666666666,0.783931623931624,2.3933333333333335,5,0.9558823529411765,0.58,0.57,0.5033333333333333,,0.57,0.21666666666666667,0.2866666666666667,0.0
371,Indonesia,17,73,8.588235294117647,0.5367647058823529,0.7920425979249509,1.6691176470588236,4,0.9863013698630136,0.8308823529411765,0.8235294117647058,0.8088235294117647,0.6102941176470589,0.8235294117647058,0.5294117647058824,0.27941176470588236,0.0
372,Indonesia,25,121,9.68,0.4033333333333333,0.7023794787943395,1.7,3,0.9917355371900827,0.8966666666666666,0.8933333333333333,0.8666666666666667,,0.8933333333333333,0.4,0.4666666666666667,0.0
373,Indonesia,27,109,8.074074074074074,0.31054131054131057,0.8202042934069078,1.9259259259259258,3,1.0,0.7635327635327636,0.7635327635327636,0.7635327635327636,,0.7635327635327636,0.31054131054131057,0.452991452991453,0.0
374,Indonesia,35,97,5.542857142857143,0.16302521008403362,0.7444341372912802,2.9159663865546217,6,0.9690721649484536,0.4403361344537815,0.43529411764705883,0.4016806722689076,,0.43529411764705883,0.15798319327731092,0.24369747899159663,0.0
375,Indonesia,31,99,6.387096774193548,0.2129032258064516,0.7895994686317267,2.182795698924731,3,0.9797979797979798,0.6043010752688172,0.6,0.5655913978494623,,0.6,0.2086021505376344,0.35698924731182796,0.0
376,Indonesia,23,57,4.956521739130435,0.22529644268774704,0.6163879598662207,2.1462450592885376,4,0.9122807017543859,0.6719367588932806,0.6521739130434783,0.4901185770750988,,0.6521739130434783,0.20553359683794467,0.2845849802371542,0.0
377,Indonesia,29,112,7.724137931034483,0.27586206896551724,0.7800159441640172,1.9679802955665024,3,0.9910714285714286,0.7561576354679803,0.7536945812807881,0.729064039408867,,0.7536945812807881,0.2733990147783251,0.45566502463054187,0.0
378,Indonesia,27,94,6.962962962962963,0.2678062678062678,0.6032708032708032,2.1595441595441596,5,0.9361702127659575,0.6495726495726496,0.6324786324786325,0.5156695156695157,,0.6324786324786325,0.25071225071225073,0.26495726495726496,0.0
379,Indonesia,45,239,10.622222222222222,0.24141414141414141,0.7447816591160245,2.1424242424242426,4,0.9916317991631799,0.6393939393939394,0.6373737373737374,0.6131313131313131,,0.6373737373737374,0.23939393939393938,0.37373737373737376,0.0
380,Indonesia,10,25,5.0,0.5555555555555556,0.6952380952380952,1.511111111111111,3,0.92,0.9333333333333333,0.8888888888888888,0.6222222222222222,0.5111111111111111,0.8888888888888888,0.5111111111111111,0.1111111111111111,0.0
381,Indonesia,9,17,3.7777777777777777,0.4722222222222222,0.780952380952381,1.6111111111111112,3,0.9411764705882353,0.9166666666666666,0.8888888888888888,0.7777777777777778,0.6111111111111112,0.8888888888888888,0.4444444444444444,0.3333333333333333,0.0
382,Indonesia,26,80,6.153846153846154,0.24615384615384617,0.7545036160420776,2.4523076923076923,5,0.95,0.5415384615384615,0.5292307692307693,0.4276923076923077,,0.5292307692307693,0.23384615384615384,0.19384615384615383,0.0
383,Indonesia,16,47,5.875,0.39166666666666666,0.8095553751803751,1.775,3,1.0,0.8333333333333334,0.8333333333333334,0.8333333333333334,0.5083333333333333,0.8333333333333334,0.39166666666666666,0.44166666666666665,0.0
384,Indonesia,32,149,9.3125,0.3004032258064516,0.8253467886280386,2.036290322580645,4,1.0,0.7056451612903226,0.7056451612903226,0.7056451612903226,,0.7056451612903226,0.3004032258064516,0.40524193548387094,0.0
385,Indonesia,14,43,6.142857142857143,0.4725274725274725,0.680952380952381,1.6153846153846154,3,0.9302325581395349,0.9120879120879121,0.8791208791208791,0.6043956043956044,0.5384615384615384,0.8791208791208791,0.43956043956043955,0.16483516483516483,0.0
386,Indonesia,24,74,6.166666666666667,0.26811594202898553,0.7931785806785806,2.108695652173913,4,0.9864864864864865,0.6557971014492754,0.6521739130434783,0.6340579710144928,,0.6521739130434783,0.2644927536231884,0.3695652173913043,0.0
387,Indonesia,60,276,9.2,0.15593220338983052,0.6540320696961565,2.450847457627119,5,0.9818840579710145,0.5350282485875706,0.5322033898305085,0.5011299435028248,,0.5322033898305085,0.15310734463276837,0.3480225988700565,0.0
388,Indonesia,21,72,6.857142857142857,0.34285714285714286,0.8261738261738262,1.8666666666666667,4,1.0,0.8,0.8,0.8,,0.8,0.34285714285714286,0.45714285714285713,0.0
389,Indonesia,41,107,5.219512195121951,0.13048780487804879,0.7509919619675717,2.720731707317073,6,0.9719626168224299,0.4121951219512195,0.40853658536585363,0.3878048780487805,,0.40853658536585363,0.12682926829268293,0.26097560975609757,0.0
390,Indonesia,29,93,6.413793103448276,0.229064039408867,0.7560454870799698,2.2536945812807883,4,0.978494623655914,0.6009852216748769,0.5960591133004927,0.5517241379310345,,0.5960591133004927,0.22413793103448276,0.3275862068965517,0.0
391,Indonesia,30,100,6.666666666666667,0.22988505747126436,0.7449389499389499,2.268965517241379,5,0.99,0.6045977011494252,0.6022988505747127,0.5839080459770115,,0.6022988505747127,0.22758620689655173,0.3563218390804598,0.0
393,Indonesia,20,50,5.0,0.2631578947368421,0.7364285714285714,2.2526315789473683,5,0.96,0.5947368421052631,0.5842105263157895,0.5210526315789473,0.3526315789473684,0.5842105263157895,0.25263157894736843,0.26842105263157895,0.0
394,Indonesia,18,79,8.777777777777779,0.5163398692810458,0.8403439153439154,1.5294117647058822,3,0.9873417721518988,0.954248366013072,0.9477124183006536,0.8888888888888888,0.7908496732026143,0.9477124183006536,0.5098039215686274,0.3790849673202614,0.0
395,Indonesia,26,120,9.23076923076923,0.36923076923076925,0.7879366697180463,1.8553846153846154,4,0.9833333333333333,0.7907692307692308,0.7846153846153846,0.7046153846153846,,0.7846153846153846,0.3630769230769231,0.3415384615384615,0.0
396,Indonesia,23,50,4.3478260869565215,0.1976284584980237,0.6876811594202898,2.41897233201581,4,0.9,0.5177865612648221,0.4980237154150198,0.3438735177865613,,0.4980237154150198,0.17786561264822134,0.16600790513833993,0.0
397,Indonesia,25,67,5.36,0.22333333333333333,0.5821147741147741,2.43,6,0.9104477611940298,0.5733333333333334,0.5533333333333333,0.46,,0.5533333333333333,0.20333333333333334,0.25666666666666665,0.0
398,Indonesia,13,39,6.0,0.5,0.7561660561660563,1.564102564102564,3,0.9487179487179487,0.9358974358974359,0.9102564102564102,0.7051282051282052,0.6025641025641025,0.9102564102564102,0.47435897435897434,0.23076923076923078,0.0
399,Indonesia,10,30,6.0,0.6666666666666666,0.75,1.3555555555555556,3,0.9333333333333333,0.9777777777777777,0.9333333333333333,0.6222222222222222,0.6444444444444445,0.9333333333333333,0.6222222222222222,0.0,0.0
400,Indonesia,10,33,6.6,0.7333333333333333,0.9333333333333333,1.2666666666666666,2,1.0,1.0,1.0,1.0,0.8,1.0,0.7333333333333333,0.26666666666666666,0.0
401,Indonesia,11,40,7.2727272727272725,0.7272727272727273,0.9343434343434344,1.2727272727272727,2,1.0,1.0,1.0,1.0,0.8181818181818182,1.0,0.7272727272727273,0.2727272727272727,0.0
402,Indonesia,30,95,6.333333333333333,0.21839080459770116,0.7204051504051504,2.2758620689655173,5,0.968421052631579,0.6160919540229886,0.6091954022988506,0.5747126436781609,,0.6091954022988506,0.21149425287356322,0.3632183908045977,0.0
403,Indonesia,31,98,6.32258064516129,0.210752688172043,0.7004452536710601,2.0946236559139786,4,0.9693877551020408,0.7118279569892473,0.7053763440860215,0.6387096774193548,,0.7053763440860215,0.20430107526881722,0.4344086021505376,0.0
404,Indonesia,28,100,7.142857142857143,0.26455026455026454,0.7913984824699111,2.2645502645502646,4,0.99,0.5873015873015873,0.5846560846560847,0.5687830687830688,,0.5846560846560847,0.2619047619047619,0.30687830687830686,0.0
406,Indonesia,35,104,5.942857142857143,0.17478991596638654,0.7376098504669933,2.526050420168067,6,0.9807692307692307,0.5142857142857142,0.5109243697478991,0.49411764705882355,,0.5109243697478991,0.17142857142857143,0.3226890756302521,0.0
407,Indonesia,10,37,7.4,0.8222222222222222,0.8777777777777779,1.1777777777777778,2,0.972972972972973,1.0,0.9777777777777777,0.8,0.8,0.9777777777777777,0.8,0.0,0.0
408,Indonesia,26,135,10.384615384615385,0.4153846153846154,0.8552829648983494,1.7353846153846153,3,1.0,0.8492307692307692,0.8492307692307692,0.8492307692307692,,0.8492307692307692,0.4153846153846154,0.4338461538461538,0.0
409,Indonesia,9,23,5.111111111111111,0.6388888888888888,0.7142857142857143,1.3888888888888888,3,0.9130434782608695,0.9722222222222222,0.9166666666666666,0.5833333333333334,0.6111111111111112,0.9166666666666666,0.5833333333333334,0.0,0.0
410,Indonesia,15,44,5.866666666666666,0.41904761904761906,0.91003367003367,1.6761904761904762,3,1.0,0.9047619047619048,0.9047619047619048,0.9047619047619048,0.6571428571428571,0.9047619047619048,0.41904761904761906,0.4857142857142857,0.0
411,Indonesia,21,61,5.809523809523809,0.2904761904761905,0.6687006115577544,1.9857142857142858,4,0.9672131147540983,0.7523809523809524,0.7428571428571429,0.680952380952381,,0.7428571428571429,0.28095238095238095,0.4,0.0
412,Indonesia,8,26,6.5,0.9285714285714286,0.9404761904761905,1.0714285714285714,2,1.0,1.0,1.0,1.0,0.75,1.0,0.9285714285714286,0.07142857142857142,0.0
413,Indonesia,13,30,4.615384615384615,0.38461538461538464,0.7012820512820513,1.8205128205128205,3,0.9333333333333333,0.7948717948717948,0.7692307692307693,0.6410256410256411,0.5256410256410257,0.7692307692307693,0.358974358974359,0.28205128205128205,0.0
414,Indonesia,32,95,5.9375,0.19153225806451613,0.6746843434343435,2.370967741935484,5,0.9473684210526315,0.5826612903225806,0.5725806451612904,0.5120967741935484,,0.5725806451612904,0.1814516129032258,0.33064516129032256,0.0
415,Indonesia,23,73,6.3478260869565215,0.2885375494071146,0.7954451345755693,2.4703557312252964,5,0.9863013698630136,0.5296442687747036,0.525691699604743,0.5019762845849802,,0.525691699604743,0.2845849802371542,0.21739130434782608,0.0
416,Indonesia,10,24,4.8,0.5333333333333333,0.6142857142857143,1.5333333333333334,3,0.875,0.9333333333333333,0.8666666666666667,0.4666666666666667,0.5111111111111111,0.8666666666666667,0.4666666666666667,0.0,0.0
417,Indonesia,9,36,8.0,1.0,1.0,1.0,1,1.0,1.0,1.0,1.0,0.7777777777777778,1.0,1.0,0.0,0.0
418,Indonesia,18,67,7.444444444444445,0.43790849673202614,0.8430026763360097,1.7124183006535947,3,0.9850746268656716,0.8496732026143791,0.8431372549019608,0.7908496732026143,0.6078431372549019,0.8431372549019608,0.43137254901960786,0.35947712418300654,0.0
419,Indonesia,8,13,3.25,0.4642857142857143,0.8125,1.6071428571428572,3,1.0,0.9285714285714286,0.9285714285714286,0.9285714285714286,0.5714285714285714,0.9285714285714286,0.4642857142857143,0.4642857142857143,0.0
420,Indonesia,16,47,5.875,0.39166666666666666,0.70625,2.0,5,0.9361702127659575,0.7416666666666667,0.7166666666666667,0.6166666666666667,0.4666666666666667,0.7166666666666667,0.36666666666666664,0.25,0.0
421,Indonesia,17,42,4.9411764705882355,0.3088235294117647,0.6241363211951447,2.014705882352941,4,0.9047619047619048,0.7205882352941176,0.6911764705882353,0.5294117647058824,0.4264705882352941,0.6911764705882353,0.27941176470588236,0.25,0.0
422,Indonesia,28,87,6.214285714285714,0.23015873015873015,0.6854486783058212,2.124338624338624,4,0.9655172413793104,0.6772486772486772,0.6693121693121693,0.6111111111111112,,0.6693121693121693,0.2222222222222222,0.3888888888888889,0.0
423,Indonesia,12,41,6.833333333333333,0.6212121212121212,0.937962962962963,1.4090909090909092,3,1.0,0.9696969696969697,0.9696969696969697,0.9696969696969697,0.696969696969697,0.9696969696969697,0.6212121212121212,0.3484848484848485,0.0
424,Indonesia,16,34,4.25,0.2833333333333333,0.5464285714285714,2.1166666666666667,4,0.8823529411764706,0.675,0.6416666666666667,0.475,0.375,0.6416666666666667,0.25,0.225,0.0
425,Indonesia,17,77,9.058823529411764,0.5661764705882353,0.8405826199943848,1.5220588235294117,3,1.0,0.9117647058823529,0.9117647058823529,0.9117647058823529,0.6911764705882353,0.9117647058823529,0.5661764705882353,0.34558823529411764,0.0
426,Indonesia,8,28,7.0,1.0,1.0,1.0,1,1.0,1.0,1.0,1.0,0.75,1.0,1.0,0.0,0.0
427,Indonesia,13,41,6.3076923076923075,0.5256410256410257,0.828105228105228,1.5128205128205128,3,0.975609756097561,0.9615384615384616,0.9487179487179487,0.8461538461538461,0.717948717948718,0.9487179487179487,0.5128205128205128,0.3333333333333333,0.0
428,Indonesia,16,44,5.5,0.36666666666666664,0.6631448412698413,2.125,5,0.9318181818181818,0.7083333333333334,0.6833333333333333,0.6166666666666667,0.4666666666666667,0.6833333333333333,0.3416666666666667,0.275,0.0
429,Indonesia,13,30,4.615384615384615,0.38461538461538464,0.7868131868131868,1.794871794871795,3,0.9666666666666667,0.8205128205128205,0.8076923076923077,0.7307692307692307,0.5,0.8076923076923077,0.3717948717948718,0.358974358974359,0.0
430,Indonesia,12,36,6.0,0.5454545454545454,0.7549603174603176,1.621212121212121,4,0.9722222222222222,0.8484848484848485,0.8333333333333334,0.803030303030303,0.5757575757575758,0.8333333333333334,0.5303030303030303,0.2727272727272727,0.0
431,Indonesia,23,57,4.956521739130435,0.22529644268774704,0.756154714850367,2.5217391304347827,5,0.9473684210526315,0.5691699604743083,0.5573122529644269,0.47035573122529645,,0.5573122529644269,0.2134387351778656,0.25691699604743085,0.0
432,Indonesia,15,37,4.933333333333334,0.3523809523809524,0.6014814814814815,2.1523809523809523,5,0.8918918918918919,0.6952380952380952,0.6571428571428571,0.5238095238095238,0.4666666666666667,0.6571428571428571,0.3142857142857143,0.20952380952380953,0.0
433,Indonesia,13,38,5.846153846153846,0.48717948717948717,0.6083638583638584,1.7179487179487178,4,0.8947368421052632,0.8205128205128205,0.7692307692307693,0.46153846153846156,0.5,0.7692307692307693,0.4358974358974359,0.02564102564102564,0.0
434,Indonesia,11,38,6.909090909090909,0.6909090909090909,0.7777777777777778,1.3272727272727274,3,0.9473684210526315,0.9818181818181818,0.9454545454545454,0.6545454545454545,0.6727272727272727,0.9454545454545454,0.6545454545454545,0.0,0.0
435,Indonesia,13,35,5.384615384615385,0.44871794871794873,0.7017704517704518,1.705128205128205,3,0.9428571428571428,0.8461538461538461,0.8205128205128205,0.6282051282051282,0.5128205128205128,0.8205128205128205,0.4230769230769231,0.20512820512820512,0.0
436,Indonesia,15,43,5.733333333333333,0.4095238095238095,0.7726984126984127,1.7333333333333334,3,0.9534883720930233,0.8571428571428571,0.8380952380952381,0.6857142857142857,0.5142857142857142,0.8380952380952381,0.3904761904761905,0.29523809523809524,0.0
437,Indonesia,11,38,6.909090909090909,0.6909090909090909,0.7777777777777778,1.3272727272727274,3,0.9473684210526315,0.9818181818181818,0.9454545454545454,0.6545454545454545,0.6727272727272727,0.9454545454545454,0.6545454545454545,0.0,0.0
438,Indonesia,15,45,6.0,0.42857142857142855,0.7264646464646465,1.6857142857142857,3,0.9333333333333333,0.8857142857142857,0.8571428571428571,0.6285714285714286,0.5523809523809524,0.8571428571428571,0.4,0.22857142857142856,0.0
439,Indonesia,12,26,4.333333333333333,0.3939393939393939,0.46428571428571425,1.7575757575757576,3,0.8076923076923077,0.8484848484848485,0.7727272727272727,0.3181818181818182,0.4090909090909091,0.7727272727272727,0.3181818181818182,0.0,0.0
440,Indonesia,11,37,6.7272727272727275,0.6727272727272727,0.7532467532467533,1.3636363636363635,3,0.9459459459459459,0.9636363636363636,0.9272727272727272,0.6545454545454545,0.6727272727272727,0.9272727272727272,0.6363636363636364,0.01818181818181818,0.0
441,Indonesia,11,39,7.090909090909091,0.7090909090909091,0.9676767676767676,1.290909090909091,2,1.0,1.0,1.0,1.0,0.8181818181818182,1.0,0.7090909090909091,0.2909090909090909,0.0
442,Indonesia,10,26,5.2,0.5777777777777777,0.6626190476190477,1.488888888888889,3,0.9230769230769231,0.9333333333333333,0.8888888888888888,0.6222222222222222,0.6444444444444445,0.8888888888888888,0.5333333333333333,0.08888888888888889,0.0
443,Indonesia,10,37,7.4,0.8222222222222222,0.8777777777777779,1.1777777777777778,2,0.972972972972973,1.0,0.9777777777777777,0.8,0.8,0.9777777777777777,0.8,0.0,0.0
444,Indonesia,14,42,6.0,0.46153846153846156,0.7844671201814059,1.6813186813186813,3,0.9761904761904762,0.8571428571428571,0.8461538461538461,0.7692307692307693,0.5494505494505495,0.8461538461538461,0.45054945054945056,0.31868131868131866,0.0
445,Indonesia,8,11,2.75,0.39285714285714285,0.45416666666666666,1.8928571428571428,4,0.7272727272727273,0.75,0.6428571428571429,0.35714285714285715,0.42857142857142855,0.6428571428571429,0.2857142857142857,0.07142857142857142,0.0
446,Indonesia,17,48,5.647058823529412,0.35294117647058826,0.73644851880146,1.9264705882352942,4,0.9583333333333334,0.7573529411764706,0.7426470588235294,0.6838235294117647,0.5147058823529411,0.7426470588235294,0.3382352941176471,0.34558823529411764,0.0
447,Indonesia,10,34,6.8,0.7555555555555555,0.8130952380952381,1.2666666666666666,3,0.9705882352941176,0.9777777777777777,0.9555555555555556,0.8,0.6444444444444445,0.9555555555555556,0.7333333333333333,0.06666666666666667,0.0
448,Indonesia,8,22,5.5,0.7857142857142857,0.8392857142857143,1.2142857142857142,2,0.9545454545454546,1.0,0.9642857142857143,0.75,0.75,0.9642857142857143,0.75,0.0,0.0
449,Indonesia,22,196,17.818181818181817,0.8484848484848485,0.9488210276135973,1.1515151515151516,2,1.0,1.0,1.0,1.0,,1.0,0.8484848484848485,0.15151515151515152,0.0
450,Indonesia,10,21,4.2,0.4666666666666667,0.7528571428571429,1.7333333333333334,4,0.9523809523809523,0.8222222222222222,0.8,0.7333333333333333,0.5111111111111111,0.8,0.4444444444444444,0.28888888888888886,0.0
451,Indonesia,41,88,4.2926829268292686,0.1073170731707317,0.5869203966764942,3.4182926829268294,9,0.8977272727272727,0.29878048780487804,0.28780487804878047,0.22560975609756098,,0.28780487804878047,0.09634146341463415,0.12926829268292683,0.0
452,Indonesia,21,51,4.857142857142857,0.24285714285714285,0.6553700267985982,2.280952380952381,5,0.9411764705882353,0.5714285714285714,0.5571428571428572,0.4523809523809524,,0.5571428571428572,0.22857142857142856,0.22380952380952382,0.0
453,Indonesia,18,38,4.222222222222222,0.24836601307189543,0.7041005291005291,2.287581699346405,5,0.9473684210526315,0.5620915032679739,0.5490196078431373,0.49673202614379086,0.32679738562091504,0.5490196078431373,0.23529411764705882,0.26143790849673204,0.0
454,Indonesia,29,109,7.517241379310345,0.2684729064039409,0.7137029485940557,1.9975369458128078,4,0.981651376146789,0.7610837438423645,0.7561576354679803,0.7019704433497537,,0.7561576354679803,0.26354679802955666,0.43842364532019706,0.0
455,Indonesia,39,166,8.512820512820513,0.22402159244264508,0.7247180463243812,2.3171390013495277,5,0.9819277108433735,0.611336032388664,0.6072874493927125,0.5614035087719298,,0.6072874493927125,0.21997300944669365,0.34143049932523617,0.0
456,Indonesia,18,56,6.222222222222222,0.3660130718954248,0.7378010878010879,1.8366013071895424,4,0.9464285714285714,0.8169934640522876,0.7973856209150327,0.5882352941176471,0.5686274509803921,0.7973856209150327,0.3464052287581699,0.24183006535947713,0.0
457,Indonesia,30,77,5.133333333333334,0.17701149425287357,0.766084656084656,3.1494252873563218,6,0.987012987012987,0.37701149425287356,0.37471264367816093,0.36551724137931035,,0.37471264367816093,0.17471264367816092,0.19080459770114944,0.0
458,Indonesia,40,174,8.7,0.2230769230769231,0.6496002608502608,2.332051282051282,5,0.9885057471264368,0.6141025641025641,0.6115384615384616,0.5871794871794872,,0.6115384615384616,0.2205128205128205,0.36666666666666664,0.0
459,Indonesia,40,148,7.4,0.18974358974358974,0.684796731046731,2.712820512820513,7,0.972972972972973,0.48333333333333334,0.4782051282051282,0.45384615384615384,,0.4782051282051282,0.18461538461538463,0.2692307692307692,0.0
460,Indonesia,17,44,5.176470588235294,0.3235294117647059,0.7312324929971988,2.1176470588235294,5,0.9545454545454546,0.6911764705882353,0.6764705882352942,0.6397058823529411,0.4338235294117647,0.6764705882352942,0.3088235294117647,0.33088235294117646,0.0
461,Indonesia,19,54,5.684210526315789,0.3157894736842105,0.7525480367585631,2.2339181286549707,5,0.9814814814814815,0.6023391812865497,0.5964912280701754,0.5730994152046783,0.38011695906432746,0.5964912280701754,0.30994152046783624,0.2631578947368421,0.0
462,Indonesia,29,64,4.413793103448276,0.15763546798029557,0.572632731253421,3.0665024630541873,6,0.90625,0.3669950738916256,0.3522167487684729,0.29802955665024633,,0.3522167487684729,0.14285714285714285,0.15517241379310345,0.0
463,Indonesia,9,15,3.3333333333333335,0.4166666666666667,0.8666666666666667,1.75,3,1.0,0.8333333333333334,0.8333333333333334,0.8333333333333334,0.5,0.8333333333333334,0.4166666666666667,0.4166666666666667,0.0
464,Indonesia,16,42,5.25,0.35,0.7243055555555555,2.15,5,0.9523809523809523,0.6916666666666667,0.675,0.5416666666666666,0.48333333333333334,0.675,0.3333333333333333,0.20833333333333334,0.0
465,Indonesia,21,90,8.571428571428571,0.42857142857142855,0.7446743732458019,1.9523809523809523,5,0.9888888888888889,0.7333333333333333,0.7285714285714285,0.7142857142857143,,0.7285714285714285,0.4238095238095238,0.2904761904761905,0.0
466,Indonesia,15,102,13.6,0.9714285714285714,0.9741147741147741,1.0285714285714285,2,1.0,1.0,1.0,1.0,0.8666666666666667,1.0,0.9714285714285714,0.02857142857142857,0.0
467,Indonesia,27,83,6.148148148148148,0.23646723646723647,0.6954732510288066,2.2336182336182335,4,0.9879518072289156,0.6210826210826211,0.6182336182336182,0.6011396011396012,,0.6182336182336182,0.2336182336182336,0.36752136752136755,0.0
468,Indonesia,35,155,8.857142857142858,0.2605042016806723,0.7018710735429001,1.9865546218487395,4,0.9870967741935484,0.7563025210084033,0.7529411764705882,0.7176470588235294,,0.7529411764705882,0.2571428571428571,0.46050420168067224,0.0
469,Indonesia,35,117,6.685714285714286,0.19663865546218487,0.6269575709071508,2.3226890756302523,5,0.9658119658119658,0.5815126050420169,0.5747899159663865,0.5294117647058824,,0.5747899159663865,0.1899159663865546,0.33949579831932775,0.0
470,Indonesia,26,196,15.076923076923077,0.6030769230769231,0.8042550541412848,1.4,3,1.0,0.9969230769230769,0.9969230769230769,0.9969230769230769,,0.9969230769230769,0.6030769230769231,0.39384615384615385,0.0
471,Indonesia,43,147,6.837209302325581,0.16279069767441862,0.7378155676053293,2.725359911406423,6,0.9727891156462585,0.43853820598006643,0.43410852713178294,0.38870431893687707,,0.43410852713178294,0.1583610188261351,0.23034330011074197,0.0
472,Indonesia,21,51,4.857142857142857,0.24285714285714285,0.7233560090702947,2.6714285714285713,5,0.9803921568627451,0.48095238095238096,0.47619047619047616,0.46190476190476193,,0.47619047619047616,0.23809523809523808,0.22380952380952382,0.0
473,Indonesia,42,184,8.761904761904763,0.21370499419279906,0.6748162085346959,2.581881533101045,6,0.9836956521739131,0.49825783972125437,0.49477351916376305,0.45993031358885017,,0.49477351916376305,0.21022067363530778,0.2497096399535424,0.0
474,Indonesia,16,32,4.0,0.26666666666666666,0.6430555555555556,2.283333333333333,5,0.90625,0.575,0.55,0.5,0.375,0.55,0.24166666666666667,0.25833333333333336,0.0
475,Indonesia,31,92,5.935483870967742,0.1978494623655914,0.7092472044084948,2.49247311827957,6,0.9782608695652174,0.5333333333333333,0.5290322580645161,0.5053763440860215,,0.5290322580645161,0.1935483870967742,0.3118279569892473,0.0
476,Indonesia,27,106,7.851851851851852,0.301994301994302,0.7909351964907521,2.2393162393162394,5,0.9905660377358491,0.6324786324786325,0.6296296296296297,0.5811965811965812,,0.6296296296296297,0.29914529914529914,0.28205128205128205,0.0
477,Indonesia,13,21,3.230769230769231,0.2692307692307692,0.8051282051282052,2.3205128205128207,4,1.0,0.5641025641025641,0.5641025641025641,0.5641025641025641,0.32051282051282054,0.5641025641025641,0.2692307692307692,0.2948717948717949,0.0
478,Indonesia,37,123,6.648648648648648,0.18468468468468469,0.6491013491013491,2.7732732732732734,7,0.943089430894309,0.44594594594594594,0.43543543543543545,0.3918918918918919,,0.43543543543543545,0.17417417417417416,0.21771771771771772,0.0
479,Indonesia,23,66,5.739130434782608,0.2608695652173913,0.7627408823060996,2.130434782608696,4,0.9848484848484849,0.6363636363636364,0.6324110671936759,0.6047430830039525,,0.6324110671936759,0.25691699604743085,0.34782608695652173,0.0
480,Indonesia,9,18,4.0,0.5,0.8841269841269841,1.5,2,1.0,1.0,1.0,1.0,0.7777777777777778,1.0,0.5,0.5,0.0
481,Indonesia,25,51,4.08,0.17,0.7165714285714286,3.4566666666666666,8,0.8823529411764706,0.32666666666666666,0.30666666666666664,0.19333333333333333,,0.30666666666666664,0.15,0.043333333333333335,0.0
482,Indonesia,15,26,3.466666666666667,0.24761904761904763,0.7041269841269842,2.8190476190476192,6,0.9230769230769231,0.5142857142857142,0.49523809523809526,0.42857142857142855,0.3047619047619048,0.49523809523809526,0.22857142857142856,0.2,0.0
483,Indonesia,9,34,7.555555555555555,0.9444444444444444,0.9523809523809523,1.0555555555555556,2,1.0,1.0,1.0,1.0,0.7777777777777778,1.0,0.9444444444444444,0.05555555555555555,0.0
484,Indonesia,15,34,4.533333333333333,0.3238095238095238,0.6251322751322751,2.019047619047619,4,0.9411764705882353,0.6952380952380952,0.6761904761904762,0.6,0.4380952380952381,0.6761904761904762,0.3047619047619048,0.29523809523809524,0.0
485,Indonesia,31,109,7.032258064516129,0.23440860215053763,0.6812805474095797,2.0602150537634407,4,0.981651376146789,0.7354838709677419,0.7311827956989247,0.7075268817204301,,0.7311827956989247,0.23010752688172043,0.4774193548387097,0.0
486,Indonesia,33,149,9.030303030303031,0.2821969696969697,0.76132024436978,2.117424242424242,4,0.9865771812080537,0.6609848484848485,0.6571969696969697,0.6098484848484849,,0.6571969696969697,0.2784090909090909,0.3314393939393939,0.0
487,Indonesia,14,29,4.142857142857143,0.31868131868131866,0.8547619047619047,2.5054945054945055,5,0.9655172413793104,0.5164835164835165,0.5054945054945055,0.42857142857142855,0.34065934065934067,0.5054945054945055,0.3076923076923077,0.12087912087912088,0.0
488,Indonesia,8,14,3.5,0.5,0.8416666666666667,1.7142857142857142,3,1.0,0.7857142857142857,0.7857142857142857,0.7857142857142857,0.4642857142857143,0.7857142857142857,0.5,0.2857142857142857,0.0
489,Indonesia,36,86,4.777777777777778,0.1365079365079365,0.6971781305114638,3.4682539682539684,8,0.9302325581395349,0.2873015873015873,0.2777777777777778,0.21904761904761905,,0.2777777777777778,0.12698412698412698,0.09206349206349207,0.0
490,Indonesia,20,63,6.3,0.33157894736842103,0.8327922077922079,2.126315789473684,4,0.9841269841269841,0.6,0.5947368421052631,0.5736842105263158,0.42105263157894735,0.5947368421052631,0.3263157894736842,0.24736842105263157,0.0
491,Indonesia,24,97,8.083333333333334,0.35144927536231885,0.6876412938912938,1.963768115942029,5,0.9896907216494846,0.7536231884057971,0.75,0.7282608695652174,,0.75,0.34782608695652173,0.3804347826086957,0.0
492,Indonesia,25,177,14.16,0.59,0.7958639736596393,1.4833333333333334,3,0.9943502824858758,0.9266666666666666,0.9233333333333333,0.9133333333333333,,0.9233333333333333,0.5866666666666667,0.32666666666666666,0.0
493,Indonesia,14,30,4.285714285714286,0.32967032967032966,0.6517006802721088,2.1758241758241756,4,0.9666666666666667,0.6263736263736264,0.6153846153846154,0.5934065934065934,0.38461538461538464,0.6153846153846154,0.31868131868131866,0.27472527472527475,0.0
494,Indonesia,4,4,2.0,0.6666666666666666,0.5833333333333334,1.3333333333333333,2,0.75,1.0,0.8333333333333334,0.5,0.5,0.8333333333333334,0.5,0.0,0.0
495,Indonesia,37,145,7.837837837837838,0.21771771771771772,0.7646934235169529,2.8723723723723724,7,0.993103448275862,0.4519519519519519,0.45045045045045046,0.44894894894894893,,0.45045045045045046,0.21621621621621623,0.23273273273273273,0.0
497,Indonesia,25,67,5.36,0.22333333333333333,0.8165396825396826,2.1333333333333333,3,0.9850746268656716,0.6433333333333333,0.64,0.62,,0.64,0.22,0.4,0.0
498,Indonesia,23,123,10.695652173913043,0.48616600790513836,0.8500149481842846,1.6600790513833992,3,1.0,0.8537549407114624,0.8537549407114624,0.8537549407114624,,0.8537549407114624,0.48616600790513836,0.3675889328063241,0.0
499,Indonesia,7,21,6.0,1.0,1.0,1.0,1,1.0,1.0,1.0,1.0,0.7142857142857143,1.0,1.0,0.0,0.0
500,Indonesia,21,56,5.333333333333333,0.26666666666666666,0.8397065897065897,2.2,4,1.0,0.5952380952380952,0.5952380952380952,0.5952380952380952,,0.5952380952380952,0.26666666666666666,0.32857142857142857,0.0
501,Indonesia,9,33,7.333333333333333,0.9166666666666666,0.9404761904761906,1.0833333333333333,2,1.0,1.0,1.0,1.0,0.7777777777777778,1.0,0.9166666666666666,0.08333333333333333,0.0
502,Indonesia,7,16,4.571428571428571,0.7619047619047619,0.8571428571428571,1.2380952380952381,2,1.0,1.0,1.0,1.0,0.7142857142857143,1.0,0.7619047619047619,0.23809523809523808,0.0
503,Indonesia,21,159,15.142857142857142,0.7571428571428571,0.8904054874311398,1.2428571428571429,2,1.0,1.0,1.0,1.0,,1.0,0.7571428571428571,0.24285714285714285,0.0
504,Indonesia,34,138,8.117647058823529,0.24598930481283424,0.6691349884256459,2.342245989304813,5,0.9565217391304348,0.5579322638146168,0.5472370766488414,0.4741532976827095,,0.5472370766488414,0.23529411764705882,0.23885918003565063,0.0
505,Indonesia,4,4,2.0,0.6666666666666666,0.5833333333333334,1.3333333333333333,2,0.75,1.0,0.8333333333333334,0.5,0.5,0.8333333333333334,0.5,0.0,0.0
506,Indonesia,32,113,7.0625,0.22782258064516128,0.6251526068960279,2.2298387096774195,6,0.9823008849557522,0.6754032258064516,0.6713709677419355,0.6612903225806451,,0.6713709677419355,0.22379032258064516,0.4375,0.0
507,Indonesia,6,9,3.0,0.6,0.9,1.4,2,1.0,1.0,1.0,1.0,0.6666666666666666,1.0,0.6,0.4,0.0
508,Indonesia,10,26,5.2,0.5777777777777777,0.790079365079365,1.4222222222222223,2,0.9615384615384616,1.0,0.9777777777777777,0.8,0.8,0.9777777777777777,0.5555555555555556,0.24444444444444444,0.0
509,Indonesia,11,23,4.181818181818182,0.41818181818181815,0.5681818181818182,1.7636363636363637,4,0.8695652173913043,0.8363636363636363,0.7818181818181819,0.509090909090909,0.5454545454545454,0.7818181818181819,0.36363636363636365,0.14545454545454545,0.0
510,Indonesia,14,34,4.857142857142857,0.37362637362637363,0.8195011337868481,1.8681318681318682,3,1.0,0.7582417582417582,0.7582417582417582,0.7582417582417582,0.5604395604395604,0.7582417582417582,0.37362637362637363,0.38461538461538464,0.0
511,Indonesia,44,88,4.0,0.09302325581395349,0.5530122655122655,4.809725158562368,12,0.9090909090909091,0.20507399577167018,0.19661733615221988,0.1638477801268499,,0.19661733615221988,0.08456659619450317,0.07928118393234672,0.0
512,Indonesia,22,49,4.454545454545454,0.21212121212121213,0.8138167388167389,2.632034632034632,6,0.9795918367346939,0.4675324675324675,0.46320346320346323,0.4199134199134199,,0.46320346320346323,0.2077922077922078,0.21212121212121213,0.0
513,Indonesia,25,94,7.52,0.31333333333333335,0.7851357531357531,2.223333333333333,6,0.9893617021276596,0.6866666666666666,0.6833333333333333,0.6566666666666666,,0.6833333333333333,0.31,0.3466666666666667,0.0
514,Indonesia,7,12,3.4285714285714284,0.5714285714285714,0.6,1.4761904761904763,3,0.8333333333333334,0.9523809523809523,0.8571428571428571,0.47619047619047616,0.5238095238095238,0.8571428571428571,0.47619047619047616,0.0,0.0
515,Indonesia,14,35,5.0,0.38461538461538464,0.756060606060606,1.7032967032967032,3,0.9714285714285714,0.9120879120879121,0.9010989010989011,0.7802197802197802,0.7362637362637363,0.9010989010989011,0.37362637362637363,0.4065934065934066,0.0
516,Indonesia,8,14,3.5,0.5,0.7583333333333333,1.5714285714285714,3,0.9285714285714286,0.9285714285714286,0.8928571428571429,0.75,0.5714285714285714,0.8928571428571429,0.4642857142857143,0.2857142857142857,0.0
517,Indonesia,10,13,2.6,0.28888888888888886,0.44666666666666666,2.4,5,0.7692307692307693,0.6,0.5333333333333333,0.4,0.37777777777777777,0.5333333333333333,0.2222222222222222,0.17777777777777778,0.0
518,Indonesia,4,6,3.0,1.0,1.0,1.0,1,1.0,1.0,1.0,1.0,0.5,1.0,1.0,0.0,0.0
519,Indonesia,6,13,4.333333333333333,0.8666666666666667,0.9,1.1333333333333333,2,1.0,1.0,1.0,1.0,0.6666666666666666,1.0,0.8666666666666667,0.13333333333333333,0.0
520,Indonesia,14,43,6.142857142857143,0.4725274725274725,0.8390228818800247,1.6373626373626373,3,1.0,0.8901098901098901,0.8901098901098901,0.8901098901098901,0.6373626373626373,0.8901098901098901,0.4725274725274725,0.4175824175824176,0.0
521,Indonesia,16,54,6.75,0.45,0.7862869769119769,1.6583333333333334,3,0.9814814814814815,0.8916666666666667,0.8833333333333333,0.825,0.625,0.8833333333333333,0.44166666666666665,0.38333333333333336,0.0
522,Indonesia,23,74,6.434782608695652,0.2924901185770751,0.8763002697785306,2.260869565217391,4,0.9864864864864865,0.5652173913043478,0.5612648221343873,0.5019762845849802,,0.5612648221343873,0.2885375494071146,0.2134387351778656,0.0
523,Indonesia,23,67,5.826086956521739,0.2648221343873518,0.8026224982746721,3.027667984189723,7,0.9552238805970149,0.4031620553359684,0.391304347826087,0.30039525691699603,,0.391304347826087,0.25296442687747034,0.04743083003952569,0.0
524,Indonesia,24,60,5.0,0.21739130434782608,0.8135251322751323,2.402173913043478,4,0.9833333333333333,0.4528985507246377,0.4492753623188406,0.4311594202898551,,0.4492753623188406,0.213768115942029,0.21739130434782608,0.0
525,Indonesia,16,53,6.625,0.44166666666666665,0.7680555555555556,1.9083333333333334,4,0.9811320754716981,0.7,0.6916666666666667,0.675,0.4666666666666667,0.6916666666666667,0.43333333333333335,0.24166666666666667,0.0
526,Indonesia,15,64,8.533333333333333,0.6095238095238096,0.796969696969697,1.4285714285714286,3,0.96875,0.9619047619047619,0.9428571428571428,0.7428571428571429,0.7142857142857143,0.9428571428571428,0.5904761904761905,0.1523809523809524,0.0
527,Indonesia,13,36,5.538461538461538,0.46153846153846156,0.8302197802197802,1.641025641025641,3,1.0,0.8974358974358975,0.8974358974358975,0.8974358974358975,0.6153846153846154,0.8974358974358975,0.46153846153846156,0.4358974358974359,0.0
528,Indonesia,6,15,5.0,1.0,1.0,1.0,1,1.0,1.0,1.0,1.0,0.6666666666666666,1.0,1.0,0.0,0.0
529,Indonesia,34,150,8.823529411764707,0.26737967914438504,0.6655144448737126,1.9162210338680927,4,0.9733333333333334,0.82174688057041,0.8146167557932263,0.7575757575757576,,0.8146167557932263,0.26024955436720143,0.49732620320855614,0.0
530,Indonesia,8,18,4.5,0.6428571428571429,0.9404761904761905,1.3571428571428572,2,1.0,1.0,1.0,1.0,0.75,1.0,0.6428571428571429,0.35714285714285715,0.0
531,Indonesia,12,52,8.666666666666666,0.7878787878787878,0.8753667628667628,1.2121212121212122,2,1.0,1.0,1.0,1.0,0.8333333333333334,1.0,0.7878787878787878,0.21212121212121213,0.0
532,Indonesia,9,11,2.4444444444444446,0.3055555555555556,0.4444444444444444,2.3055555555555554,5,0.7272727272727273,0.5833333333333334,0.5,0.25,0.3055555555555556,0.5,0.2222222222222222,0.027777777777777776,0.0
533,Indonesia,26,109,8.384615384615385,0.3353846153846154,0.7276182841793701,2.0923076923076924,5,0.9908256880733946,0.7169230769230769,0.7138461538461538,0.7076923076923077,,0.7138461538461538,0.3323076923076923,0.37538461538461537,0.0
534,Indonesia,30,122,8.133333333333333,0.28045977011494255,0.6592089609736668,2.170114942528736,6,0.9836065573770492,0.6505747126436782,0.6459770114942529,0.6137931034482759,,0.6459770114942529,0.27586206896551724,0.33793103448275863,0.0
535,Indonesia,20,39,3.9,0.20526315789473684,0.5916666666666667,2.6157894736842104,5,0.7948717948717948,0.45263157894736844,0.4105263157894737,0.22105263157894736,0.2789473684210526,0.4105263157894737,0.1631578947368421,0.05789473684210526,0.0
536,Indonesia,20,43,4.3,0.22631578947368422,0.5744047619047619,2.4210526315789473,5,0.9069767441860465,0.5368421052631579,0.5157894736842106,0.45263157894736844,0.2894736842105263,0.5157894736842106,0.20526315789473684,0.24736842105263157,0.0
537,Indonesia,39,151,7.743589743589744,0.203778677462888,0.644237671160748,2.6180836707152495,6,0.9735099337748344,0.5087719298245614,0.5033738191632928,0.4682860998650472,,0.5033738191632928,0.19838056680161945,0.2699055330634278,0.0
538,Indonesia,10,25,5.0,0.5555555555555556,0.7742857142857142,1.5333333333333334,3,0.96,0.9111111111111111,0.8888888888888888,0.8,0.6444444444444445,0.8888888888888888,0.5333333333333333,0.26666666666666666,0.0
539,Indonesia,39,116,5.948717948717949,0.15654520917678813,0.7174398586163292,2.699055330634278,8,0.9655172413793104,0.5195681511470985,0.5141700404858299,0.48717948717948717,,0.5141700404858299,0.15114709851551958,0.3360323886639676,0.0
540,Indonesia,26,102,7.846153846153846,0.31384615384615383,0.680362159208313,1.84,3,1.0,0.8461538461538461,0.8461538461538461,0.8461538461538461,,0.8461538461538461,0.31384615384615383,0.5323076923076923,0.0
541,Indonesia,43,114,5.3023255813953485,0.12624584717607973,0.6216614135218786,2.6766334440753043,5,0.9298245614035088,0.416389811738649,0.40753045404208194,0.33111849390919157,,0.40753045404208194,0.11738648947951273,0.21373200442967885,0.0
542,Indonesia,45,144,6.4,0.14545454545454545,0.7532467532467533,2.7848484848484847,6,0.9791666666666666,0.4161616161616162,0.4131313131313131,0.38181818181818183,,0.4131313131313131,0.14242424242424243,0.23939393939393938,0.0
543,Indonesia,65,233,7.1692307692307695,0.11201923076923077,0.6804976400118101,2.9360576923076924,8,0.9699570815450643,0.41394230769230766,0.41057692307692306,0.38076923076923075,,0.41057692307692306,0.10865384615384616,0.2721153846153846,0.0
544,Indonesia,29,141,9.724137931034482,0.3472906403940887,0.671590027293561,1.7807881773399015,4,0.9858156028368794,0.8768472906403941,0.8719211822660099,0.8472906403940886,,0.8719211822660099,0.34236453201970446,0.5049261083743842,0.0
545,Indonesia,32,100,6.25,0.20161290322580644,0.5814698322510823,2.318548387096774,5,0.92,0.5907258064516129,0.5745967741935484,0.43951612903225806,,0.5745967741935484,0.18548387096774194,0.2540322580645161,0.0
546,Indonesia,30,87,5.8,0.2,0.6175121954069323,2.2091954022988505,4,0.9425287356321839,0.6551724137931034,0.6436781609195402,0.5264367816091954,,0.6436781609195402,0.18850574712643678,0.33793103448275863,0.0
547,Indonesia,37,112,6.054054054054054,0.16816816816816818,0.6157201657201657,2.343843843843844,5,0.9553571428571429,0.575075075075075,0.5675675675675675,0.496996996996997,,0.5675675675675675,0.16066066066066065,0.33633633633633636,0.0
548,Indonesia,45,246,10.933333333333334,0.24848484848484848,0.6853801028310832,2.073737373737374,4,1.0,0.704040404040404,0.704040404040404,0.704040404040404,,0.704040404040404,0.24848484848484848,0.45555555555555555,0.0
549,Indonesia,28,80,5.714285714285714,0.21164021164021163,0.6854720676149247,2.544973544973545,6,0.9625,0.5317460317460317,0.5238095238095238,0.48677248677248675,,0.5238095238095238,0.2037037037037037,0.2830687830687831,0.0
550,Indonesia,22,92,8.363636363636363,0.39826839826839827,0.8496915962825053,1.9307359307359306,4,0.9891304347826086,0.7229437229437229,0.7186147186147186,0.7012987012987013,,0.7186147186147186,0.3939393939393939,0.30735930735930733,0.0
551,Indonesia,19,40,4.2105263157894735,0.23391812865497075,0.6750208855472014,2.3684210526315788,5,0.925,0.543859649122807,0.5263157894736842,0.4678362573099415,0.32748538011695905,0.5263157894736842,0.21637426900584794,0.25146198830409355,0.0
552,Indonesia,33,75,4.545454545454546,0.14204545454545456,0.5176656676656677,2.6136363636363638,6,0.8933333333333333,0.48484848484848486,0.4696969696969697,0.4053030303030303,,0.4696969696969697,0.1268939393939394,0.2784090909090909,0.0
553,Indonesia,31,92,5.935483870967742,0.1978494623655914,0.6860700231667974,2.453763440860215,6,0.9782608695652174,0.5419354838709678,0.5376344086021505,0.5182795698924731,,0.5376344086021505,0.1935483870967742,0.3247311827956989,0.0
554,Indonesia,29,153,10.551724137931034,0.3768472906403941,0.737219835370257,1.7536945812807883,4,0.9934640522875817,0.8768472906403941,0.874384236453202,0.8596059113300493,,0.874384236453202,0.37438423645320196,0.4852216748768473,0.0
555,Indonesia,21,82,7.809523809523809,0.3904761904761905,0.6285759214330643,1.7333333333333334,4,0.9634146341463414,0.8809523809523809,0.8666666666666667,0.719047619047619,,0.8666666666666667,0.3761904761904762,0.34285714285714286,0.0
556,Indonesia,13,51,7.846153846153846,0.6538461538461539,0.8115440115440116,1.3846153846153846,3,1.0,0.9615384615384616,0.9615384615384616,0.9615384615384616,0.717948717948718,0.9615384615384616,0.6538461538461539,0.3076923076923077,0.0
557,Indonesia,11,25,4.545454545454546,0.45454545454545453,0.5584415584415585,1.7818181818181817,4,0.84,0.8,0.7272727272727273,0.38181818181818183,0.43636363636363634,0.7272727272727273,0.38181818181818183,0.0,0.0
558,Indonesia,18,63,7.0,0.4117647058823529,0.6953601953601953,1.9019607843137254,5,0.9523809523809523,0.7581699346405228,0.738562091503268,0.6470588235294118,0.5424836601307189,0.738562091503268,0.39215686274509803,0.2549019607843137,0.0
559,Indonesia,16,89,11.125,0.7416666666666667,0.8977668165168166,1.2666666666666666,3,1.0,0.9916666666666667,0.9916666666666667,0.9916666666666667,0.7666666666666667,0.9916666666666667,0.7416666666666667,0.25,0.0
560,Indonesia,11,22,4.0,0.4,0.8597402597402598,1.7636363636363637,3,1.0,0.8363636363636363,0.8363636363636363,0.8363636363636363,0.509090909090909,0.8363636363636363,0.4,0.43636363636363634,0.0
561,Indonesia,9,17,3.7777777777777777,0.4722222222222222,0.6555555555555556,1.6666666666666667,3,0.9411764705882353,0.8611111111111112,0.8333333333333334,0.75,0.5,0.8333333333333334,0.4444444444444444,0.3055555555555556,0.0
562,Indonesia,18,49,5.444444444444445,0.3202614379084967,0.6348087098087097,1.9019607843137254,4,0.9387755102040817,0.7908496732026143,0.7712418300653595,0.6797385620915033,0.5359477124183006,0.7712418300653595,0.3006535947712418,0.3790849673202614,0.0
563,Indonesia,15,37,4.933333333333334,0.3523809523809524,0.8083068783068783,1.9428571428571428,4,0.972972972972973,0.7428571428571429,0.7333333333333333,0.6761904761904762,0.4666666666666667,0.7333333333333333,0.34285714285714286,0.3333333333333333,0.0
564,Indonesia,16,62,7.75,0.5166666666666667,0.8696771978021978,1.5416666666666667,3,1.0,0.9416666666666667,0.9416666666666667,0.9416666666666667,0.7666666666666667,0.9416666666666667,0.5166666666666667,0.425,0.0
565,Indonesia,15,66,8.8,0.6285714285714286,0.8435941835941836,1.4190476190476191,3,1.0,0.9523809523809523,0.9523809523809523,0.9523809523809523,0.7523809523809524,0.9523809523809523,0.6285714285714286,0.3238095238095238,0.0
566,Indonesia,25,86,6.88,0.2866666666666667,0.6759403929403929,2.0933333333333333,5,0.9534883720930233,0.7,0.6866666666666666,0.5966666666666667,,0.6866666666666666,0.2733333333333333,0.3233333333333333,0.0
567,Indonesia,26,67,5.153846153846154,0.20615384615384616,0.6161754911754911,2.5723076923076924,6,0.9402985074626866,0.5046153846153846,0.49230769230769234,0.4430769230769231,,0.49230769230769234,0.19384615384615383,0.24923076923076923,0.0
568,Indonesia,18,67,7.444444444444445,0.43790849673202614,0.763752605419272,1.7712418300653594,3,1.0,0.7908496732026143,0.7908496732026143,0.7908496732026143,0.5098039215686274,0.7908496732026143,0.43790849673202614,0.35294117647058826,0.0
569,Indonesia,20,97,9.7,0.5105263157894737,0.7617721167721168,1.563157894736842,3,1.0,0.9263157894736842,0.9263157894736842,0.9263157894736842,0.6684210526315789,0.9263157894736842,0.5105263157894737,0.41578947368421054,0.0
570,Indonesia,17,63,7.411764705882353,0.4632352941176471,0.7850068232421173,1.6029411764705883,3,0.9841269841269841,0.9338235294117647,0.9264705882352942,0.875,0.6838235294117647,0.9264705882352942,0.45588235294117646,0.41911764705882354,0.0
571,Indonesia,10,22,4.4,0.4888888888888889,0.6883333333333334,1.6666666666666667,3,0.9090909090909091,0.8444444444444444,0.8,0.6222222222222222,0.6444444444444445,0.8,0.4444444444444444,0.17777777777777778,0.0
572,Indonesia,6,9,3.0,0.6,0.9,1.4,2,1.0,1.0,1.0,1.0,0.6666666666666666,1.0,0.6,0.4,0.0
573,Indonesia,9,12,2.6666666666666665,0.3333333333333333,0.6518518518518518,2.0277777777777777,4,0.9166666666666666,0.6944444444444444,0.6666666666666666,0.5555555555555556,0.3888888888888889,0.6666666666666666,0.3055555555555556,0.25,0.0
574,Indonesia,5,6,2.4,0.6,0.8666666666666666,1.4,2,1.0,1.0,1.0,1.0,0.6,1.0,0.6,0.4,0.0
575,Indonesia,6,8,2.6666666666666665,0.5333333333333333,0.5,1.5333333333333334,3,0.75,0.9333333333333333,0.8,0.4,0.4666666666666667,0.8,0.4,0.0,0.0
576,Indonesia,31,111,7.161290322580645,0.23870967741935484,0.8036288084675182,2.3913978494623658,4,0.990990990990991,0.4946236559139785,0.4924731182795699,0.4860215053763441,,0.4924731182795699,0.23655913978494625,0.24946236559139784,0.0
577,Indonesia,4,5,2.5,0.8333333333333334,0.8333333333333333,1.1666666666666667,2,1.0,1.0,1.0,1.0,0.5,1.0,0.8333333333333334,0.16666666666666666,0.0
578,Indonesia,8,14,3.5,0.5,0.7583333333333333,1.5714285714285714,3,0.9285714285714286,0.9285714285714286,0.8928571428571429,0.75,0.5714285714285714,0.8928571428571429,0.4642857142857143,0.2857142857142857,0.0
579,Indonesia,19,30,3.1578947368421053,0.17543859649122806,0.5567669172932331,2.888888888888889,6,0.8333333333333334,0.4152046783625731,0.38596491228070173,0.30994152046783624,0.29239766081871343,0.38596491228070173,0.14619883040935672,0.16374269005847952,0.0
580,Indonesia,20,42,4.2,0.22105263157894736,0.7252380952380952,2.4105263157894736,5,0.9761904761904762,0.5157894736842106,0.5105263157894737,0.49473684210526314,0.33157894736842103,0.5105263157894737,0.21578947368421053,0.2789473684210526,0.0
581,Indonesia,21,50,4.761904761904762,0.23809523809523808,0.659145880574452,2.3142857142857145,5,0.94,0.5761904761904761,0.5619047619047619,0.49523809523809526,,0.5619047619047619,0.22380952380952382,0.2714285714285714,0.0
582,Indonesia,13,63,9.692307692307692,0.8076923076923077,0.9111111111111112,1.1923076923076923,2,1.0,1.0,1.0,1.0,0.8461538461538461,1.0,0.8076923076923077,0.19230769230769232,0.0
583,Indonesia,13,26,4.0,0.3333333333333333,0.8379120879120878,2.3333333333333335,4,0.9230769230769231,0.6025641025641025,0.5769230769230769,0.4358974358974359,0.44871794871794873,0.5769230769230769,0.3076923076923077,0.1282051282051282,0.0
584,Indonesia,13,33,5.076923076923077,0.4230769230769231,0.8949938949938949,1.6794871794871795,3,1.0,0.8974358974358975,0.8974358974358975,0.8974358974358975,0.6153846153846154,0.8974358974358975,0.4230769230769231,0.47435897435897434,0.0
585,Indonesia,9,22,4.888888888888889,0.6111111111111112,0.6666666666666666,1.5,4,0.9090909090909091,0.9166666666666666,0.8611111111111112,0.5833333333333334,0.5833333333333334,0.8611111111111112,0.5555555555555556,0.027777777777777776,0.0
586,Indonesia,48,197,8.208333333333334,0.17464539007092197,0.7126081449223864,2.7047872340425534,7,0.9898477157360406,0.5416666666666666,0.5398936170212766,0.526595744680851,,0.5398936170212766,0.17287234042553193,0.3537234042553192,0.0
587,Indonesia,38,97,5.105263157894737,0.1379800853485064,0.6114590818538187,2.972972972972973,7,0.9381443298969072,0.4182076813655761,0.4096728307254623,0.352773826458037,,0.4096728307254623,0.12944523470839261,0.2233285917496444,0.0
588,Indonesia,26,52,4.0,0.16,0.6653679653679654,2.852307692307692,7,0.9038461538461539,0.4246153846153846,0.40923076923076923,0.3476923076923077,,0.40923076923076923,0.14461538461538462,0.20307692307692307,0.0
589,Indonesia,22,67,6.090909090909091,0.29004329004329005,0.7349927849927851,2.1298701298701297,4,0.9850746268656716,0.6406926406926406,0.6363636363636364,0.6277056277056277,,0.6363636363636364,0.2857142857142857,0.341991341991342,0.0
590,Indonesia,28,61,4.357142857142857,0.16137566137566137,0.6363378684807256,2.962962962962963,6,0.9344262295081968,0.3915343915343915,0.38095238095238093,0.3386243386243386,,0.38095238095238093,0.15079365079365079,0.18783068783068782,0.0
591,Indonesia,47,246,10.46808510638298,0.22756706753006475,0.6109155851953485,2.287696577243293,5,0.975609756097561,0.6262719703977798,0.6207215541165587,0.5957446808510638,,0.6207215541165587,0.22201665124884365,0.3737280296022202,0.0
592,Indonesia,19,83,8.736842105263158,0.4853801169590643,0.7542683924262871,1.567251461988304,3,1.0,0.9473684210526315,0.9473684210526315,0.9473684210526315,0.7134502923976608,0.9473684210526315,0.4853801169590643,0.4619883040935672,0.0
593,Indonesia,37,194,10.486486486486486,0.2912912912912913,0.747906011605702,2.027027027027027,4,0.9896907216494846,0.7117117117117117,0.7087087087087087,0.6486486486486487,,0.7087087087087087,0.2882882882882883,0.36036036036036034,0.0
594,Indonesia,41,328,16.0,0.4,0.7387803415711023,1.701219512195122,4,1.0,0.9036585365853659,0.9036585365853659,0.9036585365853659,,0.9036585365853659,0.4,0.5036585365853659,0.0
595,Indonesia,30,123,8.2,0.2827586206896552,0.634776636618742,1.9977011494252874,4,0.967479674796748,0.7586206896551724,0.7494252873563219,0.6942528735632184,,0.7494252873563219,0.2735632183908046,0.4206896551724138,0.0
596,Indonesia,19,52,5.473684210526316,0.30409356725146197,0.6919191919191919,1.9883040935672514,4,0.9423076923076923,0.7426900584795322,0.7251461988304093,0.6140350877192983,0.4502923976608187,0.7251461988304093,0.28654970760233917,0.32748538011695905,0.0
597,Indonesia,9,15,3.3333333333333335,0.4166666666666667,0.8666666666666667,1.75,3,1.0,0.8333333333333334,0.8333333333333334,0.8333333333333334,0.5,0.8333333333333334,0.4166666666666667,0.4166666666666667,0.0
598,Indonesia,3,3,2.0,1.0,1.0,1.0,1,1.0,1.0,1.0,1.0,0.3333333333333333,1.0,1.0,0.0,0.0
599,Indonesia,7,21,6.0,1.0,1.0,1.0,1,1.0,1.0,1.0,1.0,0.7142857142857143,1.0,1.0,0.0,0.0
600,Indonesia,18,145,16.11111111111111,0.9477124183006536,0.9705882352941175,1.0522875816993464,2,1.0,1.0,1.0,1.0,0.8888888888888888,1.0,0.9477124183006536,0.05228758169934641,0.0
601,Indonesia,14,29,4.142857142857143,0.31868131868131866,0.5952947845804989,1.89010989010989,3,0.9310344827586207,0.7912087912087912,0.7692307692307693,0.6153846153846154,0.4945054945054945,0.7692307692307693,0.2967032967032967,0.31868131868131866,0.0
602,Indonesia,12,23,3.8333333333333335,0.3484848484848485,0.8462301587301587,1.878787878787879,3,1.0,0.7727272727272727,0.7727272727272727,0.7727272727272727,0.5151515151515151,0.7727272727272727,0.3484848484848485,0.42424242424242425,0.0
603,Indonesia,9,14,3.111111111111111,0.3888888888888889,0.7222222222222222,2.0555555555555554,4,0.8571428571428571,0.6388888888888888,0.5833333333333334,0.3333333333333333,0.3611111111111111,0.5833333333333334,0.3333333333333333,0.0,0.0
604,Indonesia,37,153,8.27027027027027,0.22972972972972974,0.7060748781337016,2.2822822822822824,5,0.9934640522875817,0.6336336336336337,0.6321321321321322,0.6276276276276276,,0.6321321321321322,0.22822822822822822,0.3993993993993994,0.0
605,Indonesia,12,27,4.5,0.4090909090909091,0.5359126984126984,1.8181818181818181,4,0.8518518518518519,0.8181818181818182,0.7575757575757576,0.5303030303030303,0.5,0.7575757575757576,0.3484848484848485,0.18181818181818182,0.0
606,Indonesia,15,40,5.333333333333333,0.38095238095238093,0.6857142857142857,2.038095238095238,5,0.95,0.6952380952380952,0.6761904761904762,0.6285714285714286,0.47619047619047616,0.6761904761904762,0.3619047619047619,0.26666666666666666,0.0
607,Indonesia,7,13,3.7142857142857144,0.6190476190476191,0.9238095238095239,1.380952380952381,2,1.0,1.0,1.0,1.0,0.7142857142857143,1.0,0.6190476190476191,0.38095238095238093,0.0
608,Indonesia,2,1,1.0,1.0,0.0,1.0,1,0.0,1.0,0.0,0.0,0.0,0.0,0.0,0.0,0.0
609,Indonesia,4,6,3.0,1.0,1.0,1.0,1,1.0,1.0,1.0,1.0,0.5,1.0,1.0,0.0,0.0
610,Indonesia,22,134,12.181818181818182,0.5800865800865801,0.7623118980809664,1.4415584415584415,3,1.0,0.9783549783549783,0.9783549783549783,0.9783549783549783,,0.9783549783549783,0.5800865800865801,0.39826839826839827,0.0
611,Indonesia,7,12,3.4285714285714284,0.5714285714285714,0.6571428571428571,1.619047619047619,3,0.8333333333333334,0.8095238095238095,0.7142857142857143,0.47619047619047616,0.5238095238095238,0.7142857142857143,0.47619047619047616,0.0,0.0
612,Indonesia,10,17,3.4,0.37777777777777777,0.6833333333333333,2.1555555555555554,4,0.8823529411764706,0.6444444444444445,0.6,0.4,0.4222222222222222,0.6,0.3333333333333333,0.06666666666666667,0.0
613,Indonesia,6,7,2.3333333333333335,0.4666666666666667,0.611111111111111,1.6666666666666667,3,0.8571428571428571,0.8666666666666667,0.8,0.6666666666666666,0.4666666666666667,0.8,0.4,0.26666666666666666,0.0
614,Indonesia,12,24,4.0,0.36363636363636365,0.7488095238095238,1.7878787878787878,3,0.9583333333333334,0.8484848484848485,0.8333333333333334,0.7727272727272727,0.5303030303030303,0.8333333333333334,0.3484848484848485,0.42424242424242425,0.0
615,Indonesia,13,26,4.0,0.3333333333333333,0.7326007326007326,1.858974358974359,3,0.9230769230769231,0.8076923076923077,0.782051282051282,0.6282051282051282,0.5,0.782051282051282,0.3076923076923077,0.32051282051282054,0.0
616,Indonesia,19,60,6.315789473684211,0.3508771929824561,0.8493354598617757,1.8538011695906433,3,0.9833333333333333,0.7953216374269005,0.7894736842105263,0.7426900584795322,0.5087719298245614,0.7894736842105263,0.34502923976608185,0.39766081871345027,0.0
617,Indonesia,6,11,3.6666666666666665,0.7333333333333333,0.7666666666666666,1.2666666666666666,2,0.9090909090909091,1.0,0.9333333333333333,0.6666666666666666,0.6666666666666666,0.9333333333333333,0.6666666666666666,0.0,0.0
618,Indonesia,3,3,2.0,1.0,1.0,1.0,1,1.0,1.0,1.0,1.0,0.3333333333333333,1.0,1.0,0.0,0.0
619,Indonesia,20,47,4.7,0.24736842105263157,0.6461904761904762,2.294736842105263,5,0.9574468085106383,0.6052631578947368,0.5947368421052631,0.5421052631578948,0.34210526315789475,0.5947368421052631,0.23684210526315788,0.30526315789473685,0.0
620,Indonesia,26,76,5.846153846153846,0.23384615384615384,0.7988972565895642,2.3630769230769233,5,0.9868421052631579,0.5661538461538461,0.563076923076923,0.5384615384615384,,0.563076923076923,0.23076923076923078,0.3076923076923077,0.0
621,Indonesia,20,35,3.5,0.18421052631578946,0.6133333333333333,2.8157894736842106,6,0.9142857142857143,0.42105263157894735,0.4052631578947368,0.32105263157894737,0.23684210526315788,0.4052631578947368,0.16842105263157894,0.15263157894736842,0.0
622,Indonesia,4,3,1.5,0.5,0.0,1.6666666666666667,3,0.0,0.8333333333333334,0.3333333333333333,0.0,0.3333333333333333,0.3333333333333333,0.0,0.0,0.0
623,Indonesia,9,32,7.111111111111111,0.8888888888888888,0.9365079365079365,1.1111111111111112,2,1.0,1.0,1.0,1.0,0.7777777777777778,1.0,0.8888888888888888,0.1111111111111111,0.0
624,Indonesia,11,21,3.8181818181818183,0.38181818181818183,0.6545454545454545,1.8909090909090909,4,0.9047619047619048,0.8,0.7636363636363637,0.6363636363636364,0.4727272727272727,0.7636363636363637,0.34545454545454546,0.2909090909090909,0.0
625,Indonesia,2,1,1.0,1.0,0.0,1.0,1,0.0,1.0,0.0,0.0,0.0,0.0,0.0,0.0,0.0
626,Indonesia,4,4,2.0,0.6666666666666666,0.5833333333333334,1.3333333333333333,2,0.75,1.0,0.8333333333333334,0.5,0.5,0.8333333333333334,0.5,0.0,0.0
627,Indonesia,12,35,5.833333333333333,0.5303030303030303,0.8569444444444444,1.5151515151515151,3,0.9714285714285714,0.9545454545454546,0.9393939393939394,0.8333333333333334,0.696969696969697,0.9393939393939394,0.5151515151515151,0.3181818181818182,0.0
628,Indonesia,17,39,4.588235294117647,0.2867647058823529,0.6681945505474917,2.051470588235294,4,0.9487179487179487,0.7058823529411765,0.6911764705882353,0.5808823529411765,0.47794117647058826,0.6911764705882353,0.27205882352941174,0.3088235294117647,0.0
629,Indonesia,25,101,8.08,0.33666666666666667,0.6743220113220113,2.216666666666667,6,0.9504950495049505,0.6366666666666667,0.62,0.51,,0.62,0.32,0.19,0.0
630,Indonesia,16,53,6.625,0.44166666666666665,0.7026515151515151,1.9166666666666667,4,0.9433962264150944,0.725,0.7,0.65,0.575,0.7,0.4166666666666667,0.23333333333333334,0.0
631,Indonesia,11,18,3.272727272727273,0.32727272727272727,0.648917748917749,1.9454545454545455,3,0.8888888888888888,0.7272727272727273,0.6909090909090909,0.4909090909090909,0.4909090909090909,0.6909090909090909,0.2909090909090909,0.2,0.0
632,Indonesia,3,3,2.0,1.0,1.0,1.0,1,1.0,1.0,1.0,1.0,0.3333333333333333,1.0,1.0,0.0,0.0
633,Indonesia,15,31,4.133333333333334,0.29523809523809524,0.7447089947089948,2.0,4,0.967741935483871,0.7428571428571429,0.7333333333333333,0.6761904761904762,0.45714285714285713,0.7333333333333333,0.2857142857142857,0.3904761904761905,0.0
634,Indonesia,17,37,4.352941176470588,0.27205882352941174,0.8431372549019608,2.5808823529411766,5,0.972972972972973,0.4852941176470588,0.47794117647058826,0.4117647058823529,0.3014705882352941,0.47794117647058826,0.2647058823529412,0.14705882352941177,0.0
635,Indonesia,16,26,3.25,0.21666666666666667,0.6336309523809524,2.6166666666666667,5,0.8461538461538461,0.4583333333333333,0.425,0.2833333333333333,0.3,0.425,0.18333333333333332,0.1,0.0
636,Indonesia,11,35,6.363636363636363,0.6363636363636364,0.9191919191919191,1.3636363636363635,2,1.0,1.0,1.0,1.0,0.8181818181818182,1.0,0.6363636363636364,0.36363636363636365,0.0
637,Indonesia,4,6,3.0,1.0,1.0,1.0,1,1.0,1.0,1.0,1.0,0.5,1.0,1.0,0.0,0.0
638,Indonesia,30,117,7.8,0.2689655172413793,0.9271340859576154,2.110344827586207,3,1.0,0.6206896551724138,0.6206896551724138,0.6206896551724138,,0.6206896551724138,0.2689655172413793,0.35172413793103446,0.0
639,Indonesia,7,10,2.857142857142857,0.47619047619047616,0.7000000000000001,1.619047619047619,3,0.9,0.9047619047619048,0.8571428571428571,0.7142857142857143,0.5238095238095238,0.8571428571428571,0.42857142857142855,0.2857142857142857,0.0
640,Indonesia,39,134,6.871794871794871,0.18083670715249664,0.7268905558379242,2.6059379217273952,5,0.9850746268656716,0.48043184885290147,0.4777327935222672,0.44804318488529016,,0.4777327935222672,0.17813765182186234,0.2699055330634278,0.0
